segment_id,candidate_id,text,document_id,author_id,semester_id,seminar_id,essay_id,segment_order,component,scope_target,category,level,band,band_code,candidate_count,requires_review,annotation_ids,target_situationserfassung,target_analyse,target_konsequenzen,known_situationserfassung,known_analyse,known_konsequenzen,scope_unresolved,scope_candidate_target,scope_target_known,text_length,minimum_text_characters,text_missing_or_blank,text_punctuation_only,text_too_short,text_quality_excluded,text_quality_exclusion_reason,_document_token,split_group_id,split
segment-00207313a930060d4347,segment-00207313a930060d4347-candidate-1,Dabei werden die SuS kognitiv gefordert in Zusammenhängen zu denken und somit vom Weg eines Traubenzuckers im menschlichen Körper auf das Funktionieren unseres Blutkreislaufsystems zu schlussfolgern,2,30,1,1,1,14,in_scope,1,,,,,1,False,annotation-00002344,,,,False,False,False,False,1,True,198,10,False,False,False,False,,2,94dd5be7b479f16e,train
segment-005ff021fcccecd6d98b,segment-005ff021fcccecd6d98b-candidate-1,"Eventuell wird das erworbene Wissen ja in der nächsten Stunde gefestigt und vertieft, in der Momentaufnahme scheint das Stundenende etwas zu offen, was möglicherweise auch daran liegen könnte, dass die Zeit zum Ende hin knapp wurde.",42,4,4,2,1,68,in_scope,1,,,,,1,False,annotation-00002988|annotation-00002989,,,,False,False,False,False,1,True,232,10,False,False,False,False,,42,734cce279690eadc,test
segment-0127395558f4a341e182,segment-0127395558f4a341e182-candidate-1,Die Studierenden erhalten ausschließlich schriftliche beziehungsweise auditive Informationen bezüglich der Inhalte.,61,2,1,1,2,26,in_scope,1,,,,,1,False,annotation-00007910|annotation-00007911,,,,False,False,False,False,1,True,115,10,False,False,False,False,,61,3faf840a033c018d,train
segment-0161ef4ca1c80d3cf09b,segment-0161ef4ca1c80d3cf09b-candidate-1,"Da die Schüler*innen das Thema DNA zuvor nur sehr  
kurz behandelt hatten, eignete sich die Austausch-/Murmelphase in Gruppen sehr gut,   um das bereits bekannte Wissen wieder zu aktivieren, zu ordnen und gegeben falls  
anzupassen oder zu ergänzen.",95,27,3,2,2,54,in_scope,1,,,,,1,False,annotation-00009666|annotation-00009667,,,,False,False,False,False,1,True,249,10,False,False,False,False,,95,2b1a36ed00f62e21,train
segment-0169b5865fc674def88a,segment-0169b5865fc674def88a-candidate-1,"Als wir die Pause gestartet haben, haben wir uns extra überlegt, dass wir nur 10   Minuten Pause ansagen, da es am Ende doch 15 Minuten lang dauert, bis alle   SchülerInnen wieder im Raum sind",152,7,3,2,3,25,in_scope,1,,,,,1,False,annotation-00018095|annotation-00018096,,,,False,False,False,False,1,True,192,10,False,False,False,False,,152,6fd026ce8e8388c4,train
segment-01713088f0ebdb03d215,segment-01713088f0ebdb03d215-candidate-1,"Es war erneut  
zu beobachten, dass bei der Lehrperson nicht alle Schritte und Abläufe klar und sicher  
im Kopf vorhanden waren, wodurch einige Schüler*innen den Anweisungen nicht  
vollständig folgen konnten und mehrmals nachfragen mussten.",95,27,3,2,2,86,in_scope,1,,,,,1,False,annotation-00009716|annotation-00009717,,,,False,False,False,False,1,True,242,10,False,False,False,False,,95,2b1a36ed00f62e21,train
segment-0181776fb742474cd9c1,segment-0181776fb742474cd9c1-candidate-1,"Nicht allen Schüler:innen-Gruppen gelang die 
Durchführung erfolgreich bei der Beladung der Geleisen, wodurch diese keine 
Bandenmuster erhielten (vermutlich wurde eine oder mehrere Taschen der Gelkissen beim beladen durchstochen).",86,41,2,2,2,21,in_scope,1,,,,,1,False,annotation-00013119|annotation-00013120,,,,False,False,False,False,1,True,231,10,False,False,False,False,,86,4b146d61ab8738ab,train
segment-01af33c08965a84cd470,segment-01af33c08965a84cd470-candidate-1,"Man hätte die Aktivierung einfach   über eine Think -Pair – Share Phase vertiefen können, in der sich die Lernenden   kurz nochmal über den Ablauf der Fotosynthese und die verschiedenen Faktoren, die   dabei eine Rolle spielen austauschen können.",212,7,3,2,4,32,in_scope,1,,,,,1,False,annotation-00023453|annotation-00023454,,,,False,False,False,False,1,True,246,10,False,False,False,False,,212,6fd026ce8e8388c4,train
segment-01bdaf1e72dcf727d555,segment-01bdaf1e72dcf727d555-candidate-1,"es Weiteren könnte eine Art Glossar helfen, sich zu orientieren.",107,6,5,1,2,33,in_scope,1,,,,,1,False,annotation-00015439|annotation-00015440,,,,False,False,False,False,1,True,64,10,False,False,False,False,,107,97ee8f2854716d8e,train
segment-01df6fadb72a197ea1a8,segment-01df6fadb72a197ea1a8-candidate-1,"Die  
Stunde hatte zwar eine klare Struktur vorgegeben, die sowohl kurz auf der der  
PowerPoint zu sehen war als auch dauerhaft an der Tafel, jedoch wurde kaum Bezug  
darauf genommen und so war der rote Faden nicht immer klar ersichtlich",97,37,3,2,2,12,in_scope,1,,,,,1,False,annotation-00009368|annotation-00009369,,,,False,False,False,False,1,True,239,10,False,False,False,False,,97,03fd173f4e9e83b6,train
segment-01f2b36eb68cd4a34861,segment-01f2b36eb68cd4a34861-candidate-1,Diese werden zum Anlass von Diskussionen genutzt,41,54,3,2,1,49,in_scope,1,,,,,1,False,annotation-00000915|annotation-00000916,,,,False,False,False,False,1,True,48,10,False,False,False,False,,41,ed2e1db7eb20f852,train
segment-0214e94e5fc57b0e2bee,segment-0214e94e5fc57b0e2bee-candidate-1,"Man hat in der Videovignette an mehreren Stellen beobachten können, dass die Lernenden selbstbewusst waren und somit sie selbst sein konnten. Beispielsweise sagte der eine Schüler nachdem die Lehrerin meinte, dass der Versuch erst richtig geklappt habe, als sie die Gruppe beobachtet habe sinngemäß folgendes: „Die Pflanzen lieben sie einfach Frau X“. Solche kleinen Späße konnte man öfters beobachten. Auch seitens der Lehrerin. 
Dies spricht ebenfalls für ein gutes Sozialklima. Die Konsequenzen und Folgen daraus wurden zuvor ja schon beschrieben.",240,47,5,2,4,31,in_scope,1,,,,,1,False,annotation-00028010,,,,False,False,False,False,1,True,550,10,False,False,False,False,,240,5e026b3c944c5d13,train
segment-0244b97321fa587d009e,segment-0244b97321fa587d009e-candidate-1,"nsgesamt sollte sich eine Lehrkraft  
bemühen, offene Fragen zu stellen, um das kritische Denken und die  
Analysefähigkeiten der Schülerinnen und Schüler zu fördern.",37,37,3,2,1,29,in_scope,1,,,,,1,False,annotation-00001359|annotation-00001360,,,,False,False,False,False,1,True,166,10,False,False,False,False,,37,03fd173f4e9e83b6,train
segment-024fd10276515f9ae0fd,segment-024fd10276515f9ae0fd-candidate-1,"Der Einstieg hilft den SuS kognitiv aktiv zu werden, wodurch sie die ganze Stunde aktiv am Thema mitarbeiten.",43,26,4,2,1,57,in_scope,1,,,,,1,False,annotation-00003108|annotation-00003109,,,,False,False,False,False,1,True,109,10,False,False,False,False,,43,d9e814e2d3def543,train
segment-027912ba2001e7353af4,segment-027912ba2001e7353af4-candidate-1,"In der Aufzeichnung startet die Lehrperson mit der  
Erklärung, dass die Schüler*innen eine Variable bei den Pflanzen manipulieren und 
den daraus resultierenden Effekt auf die Photosynthese analysieren sollen",215,14,3,2,4,3,in_scope,1,,,,,1,False,annotation-00023010|annotation-00023011,,,,False,False,False,False,1,True,209,10,False,False,False,False,,215,7b4ac7e6dba86acb,dev
segment-028e1f40567609a34a44,segment-028e1f40567609a34a44-candidate-1,"Das sammeln der offenen Fragen am Ende der Stunde war gut, denn dadurch kann die  
Lehrkraft überprüfen, ob die Schuüler:innen das Thema verstanden haben",33,10,3,2,1,72,in_scope,1,,,,,1,False,annotation-00001934|annotation-00001935,,,,False,False,False,False,1,True,153,10,False,False,False,False,,33,c98254afde32e9a1,train
segment-02ce3264ea1264ea3199,segment-02ce3264ea1264ea3199-candidate-1,"Hier kann man erneut  
auf den Überpunkt kognitive Aktivierung schauen, der durch die Rückfragen der  
Lehrkraft bzw. der Kassenkameraden und Klassenkameradinnen in Bezug auf die  
Begründungen von Antworten fällt.",36,33,3,2,1,38,in_scope,1,,,,,1,False,annotation-00001442|annotation-00001443,,,,False,False,False,False,1,True,214,10,False,False,False,False,,36,fd1a055c1ca13050,test
segment-02e71cd9a3d233ebf1b1,segment-02e71cd9a3d233ebf1b1-candidate-1,"Es wäre jedoch eine allgemeine  
Rückmeldung zu den Präsentationen seitens der Lehrkraft wünschenswert gewesen, dies  
wurde in der gezeigten Unterrichtsstunde etwas vernachlässigt.",39,40,3,2,1,68,in_scope,1,,,,,1,False,annotation-00001138|annotation-00001139,,,,False,False,False,False,1,True,181,10,False,False,False,False,,39,cf54d4a96848c26d,test
segment-03159a358bd51387a3cf,segment-03159a358bd51387a3cf-candidate-1,"Durch das Umhergehen während der Arbeitsschritte, konnte sichergestellt werden,  dass alle Schüler*innen mitmachen und es konnte reagiert werden, wenn 
Verständnisschwierigkeiten auftraten.",100,43,3,2,2,59,in_scope,1,,,,,1,False,annotation-00008849|annotation-00008850,,,,False,False,False,False,1,True,190,10,False,False,False,False,,100,ef200883f78ba4bc,train
segment-0319a0272cdfbb7ed693,segment-0319a0272cdfbb7ed693-candidate-1,"ie Lehrperson nutzte auch kognitive  
Aktivierungstechniken, wie zum Beispiel das Spekulieren über die Tatverdächtigen, um die  
Schüler*innen aktiv in den Unterricht einzubeziehen und ihre Aufmerksamkeit  
aufrechtzuerhalten.",156,16,3,2,3,19,in_scope,1,,,,,1,False,annotation-00017813|annotation-00017814,,,,False,False,False,False,1,True,226,10,False,False,False,False,,156,7c587cc9ab214913,train
segment-0328f2b886521357ba62,segment-0328f2b886521357ba62-candidate-1,"Während der Präsentation der Ergebnisse stellte die Lehrerin regelmäßig  
Rückfragen, um zu überprüfen ob die Ergebnisse auch tatsächlich verstanden  
wurden",219,37,3,2,4,30,in_scope,1,,,,,1,False,annotation-00022707|annotation-00022708,,,,False,False,False,False,1,True,157,10,False,False,False,False,,219,03fd173f4e9e83b6,train
segment-037a700ad8babf264550,segment-037a700ad8babf264550-candidate-1,"Die SuS tauschen sich, nachdem sie für sich selbst eine Zeichnung angefertigt haben, mit ihren Partner:innen aus. Hierbei sollen sie “Problemstellen” markieren.",42,4,4,2,1,52,in_scope,1,,,,,1,False,annotation-00002958|annotation-00002959,,,,False,False,False,False,1,True,160,10,False,False,False,False,,42,734cce279690eadc,test
segment-03e49b2320161f16f29c,segment-03e49b2320161f16f29c-candidate-1,"Diese Aufgabenstellung  
war passend zu den Unterrichtszielen gewählt und fördert die SuS vor allem im  
Kompetenzbereich Experimentieren.",221,40,3,2,4,18,in_scope,1,,,,,1,False,annotation-00022420|annotation-00022421,,,,False,False,False,False,1,True,138,10,False,False,False,False,,221,cf54d4a96848c26d,test
segment-041f6e5dfb17971c4911,segment-041f6e5dfb17971c4911-candidate-1,Dazu wurden die SchülerInnen von Seiten der Lehrperson instruiert.,91,8,3,2,2,25,in_scope,1,,,,,1,False,annotation-00010329|annotation-00010330,,,,False,False,False,False,1,True,66,10,False,False,False,False,,91,010765bfd40e73e6,train
segment-0486a5f98c02502ea8fb,segment-0486a5f98c02502ea8fb-candidate-1,"Zur kognitiven Aktivierung der SchülerInnen hat außerdem beigetragen, dass die   Schülervorstellungen in dem Unterricht berücksichtigt und aufgegriffen wurden",31,7,3,2,1,10,in_scope,1,,,,,1,False,annotation-00002037|annotation-00002038,,,,False,False,False,False,1,True,158,10,False,False,False,False,,31,6fd026ce8e8388c4,train
segment-04889ea91abd50dbad2a,segment-04889ea91abd50dbad2a-candidate-1,Die Lehrperson bezieht keine Modelle ein. Als reales Objekt wird der Mensch einbezogen.,59,51,5,2,1,45,in_scope,1,,,,,1,False,annotation-00007045|annotation-00007046,,,,False,False,False,False,1,True,87,10,False,False,False,False,,59,0e3a4017f81e8c8c,train
segment-049b054a311a37513682,segment-049b054a311a37513682-candidate-1,"Der Unterricht weißt zudem eine hohe Alltagsrelevanz auf, die zu Beginn durch die Vorstellung des 
Mordfalls aufgezeigt wird (00:00:35-Ende). Auch für die Zukunft der Heranwachsenden spielt die Unterrichtsstunde eine wichtige Rolle, da die Unterrichtsstunde zeigt, dass jeder Mensch genetisch verschieden und einzigartig ist. Die DNA zeigt diese Unterschiedlichkeit. Die wissenschaftliche 
Herangehensweise wird trainiert und weckt ihr das Interesse der Schüler*innen wodurch auch ein Interesse für eine spätere berufliche Perspektive entstehen kann. Gesellschaftlich: Kriminalpolizei, Vaterschaft viele weitere Bereiche.",122,57,5,2,2,59,in_scope,1,,,,,1,False,annotation-00016303,,,,False,False,False,False,1,True,621,10,False,False,False,False,,122,d1fbfe5e3fb609be,train
segment-04d9f16e03788e0f9f93,segment-04d9f16e03788e0f9f93-candidate-1,"Nachdem sie fertig ist den Arbeitsauftrag zu erklären, sichert sie 
nochmals ab, ob es Verständnisfragen gibt, indem sie nochmals bewusst nachhakt",215,14,3,2,4,35,in_scope,1,,,,,1,False,annotation-00023068|annotation-00023069,,,,False,False,False,False,1,True,146,10,False,False,False,False,,215,7b4ac7e6dba86acb,dev
segment-04e4b1ff51b958d9a183,segment-04e4b1ff51b958d9a183-candidate-1,Dennoch haben einige Schüler:innen hier keine Aufmerksamkeit gezeigt,86,41,2,2,2,45,in_scope,1,,,,,1,False,annotation-00013162,,,,False,False,False,False,1,True,68,10,False,False,False,False,,86,4b146d61ab8738ab,train
segment-055078e82645d2be5d02,segment-055078e82645d2be5d02-candidate-1,"Durch verschiedene Maßnahmen wurde eine positive Lernumgebung geschaffen,   in der die Schüler*innen sich wertgeschätzt und unterstützt fühlten.",156,16,3,2,3,4,in_scope,1,,,,,1,False,annotation-00017788|annotation-00017789,,,,False,False,False,False,1,True,144,10,False,False,False,False,,156,7c587cc9ab214913,train
segment-059c1b4b4b9cd42098bd,segment-059c1b4b4b9cd42098bd-candidate-1,"Dies könnte daraus resultieren, dass die Studierenden bei dem Anfangsspiel akkumuliert nachfragten und zögerliche Antworten gaben.",114,53,5,1,2,23,in_scope,1,,,,,1,False,annotation-00015557|annotation-00015558,,,,False,False,False,False,1,True,130,10,False,False,False,False,,114,b982c8bc67a604be,train
segment-05a0e174c6cbc5acbdb8,segment-05a0e174c6cbc5acbdb8-candidate-1,"Dies ist wiederrum beim forschenden Lernen ein ganz  
wichtiger Aspekt, fordert aber auch eine sorgfältige Vorbereitung und eine gewisse  
Routine im Unterricht.",215,14,3,2,4,49,in_scope,1,,,,,1,False,annotation-00023091|annotation-00023092,,,,False,False,False,False,1,True,161,10,False,False,False,False,,215,7b4ac7e6dba86acb,dev
segment-05cb13139ea353a4a7dd,segment-05cb13139ea353a4a7dd-candidate-1,"Es findet keine  
Beobachtung, Vergleich, Versuch oder Experiment statt.",33,10,3,2,1,57,in_scope,1,,,,,1,False,annotation-00001909|annotation-00001910,,,,False,False,False,False,1,True,72,10,False,False,False,False,,33,c98254afde32e9a1,train
segment-05e1f8421003cf89ce9a,segment-05e1f8421003cf89ce9a-candidate-1,"Hier fällt  
jedoch auf, dass die Lehrerin einen großen Redeanteil hat, obwohl die Gruppen ihre  
Ergebnisse präsentieren sollten",216,16,3,2,4,57,in_scope,1,,,,,1,False,annotation-00023000|annotation-00023001,,,,False,False,False,False,1,True,129,10,False,False,False,False,,216,7c587cc9ab214913,train
segment-05ffcc4f74812efbec94,segment-05ffcc4f74812efbec94-candidate-1,"Beim Beladen der Gelelektrophorese wiederum 
war nicht allen Schüler*innen klar, welchen Zweck sie damit verfolgen",94,16,3,2,2,29,in_scope,1,,,,,1,False,annotation-00009817|annotation-00009818,,,,False,False,False,False,1,True,114,10,False,False,False,False,,94,7c587cc9ab214913,train
segment-0603e98c68ad42c875f7,segment-0603e98c68ad42c875f7-candidate-1,"Auch die Unterstützung während der praktischen Arbeiten und die Förderung der  
Schülerbeteiligung trugen zum erfolgreichen Lernprozess bei.",156,16,3,2,3,45,in_scope,1,,,,,1,False,annotation-00017858|annotation-00017859,,,,False,False,False,False,1,True,140,10,False,False,False,False,,156,7c587cc9ab214913,train
segment-064276aae061da31944a,segment-064276aae061da31944a-candidate-1,"Diese Korrelation zwischen den genannten Faktoren und der Qualität der Ergebnisse, wurde zwar nicht quantitativ untersucht, ergibt sich aber dennoch als erste Hypothese aus einer globalen Analyse der

Abgaben",77,21,2,1,2,19,in_scope,1,,,,,1,False,annotation-00013374,,,,False,False,False,False,1,True,208,10,False,False,False,False,,77,8153a465245aa4f5,train
segment-06677507cf6bc74f9ab3,segment-06677507cf6bc74f9ab3-candidate-1,"s wird empfohlen, die Schritte Celine Bollmann Code: cesa12 RUPM SoSe 2023 
2 
im Voraus mehrmals zu üben, um beim Präsentieren ein Gefühl von Sicherheit zu haben und  
den Schüler:innen das Folgen der Anweisungen zu erleichtern",92,10,3,2,2,35,in_scope,1,,,,,1,False,annotation-00010150|annotation-00010151,,,,False,False,False,False,1,True,228,10,False,False,False,False,,92,c98254afde32e9a1,train
segment-06a5f08d3310248ff993,segment-06a5f08d3310248ff993-candidate-1,"Die Lehrkraft hat die Lernenden bei ihren Experimenten unterstützt, indem sie   herumgelaufen ist und den einzelnen Gruppen Tipps und Hilfestellungen gegeben   hat",212,7,3,2,4,19,in_scope,1,,,,,1,False,annotation-00023431|annotation-00023432,,,,False,False,False,False,1,True,163,10,False,False,False,False,,212,6fd026ce8e8388c4,train
segment-06a925c5ad9b953aca71,segment-06a925c5ad9b953aca71-candidate-1,"Es wäre sinnvoll gewesen, das Video in  
Abschnitten anzuschauen und zu besprechen, um die Aufmerksamkeit gezielt auf bestimmte  
Aspekte zu lenken und den Schüler:innen die Möglichkeit zu geben, sofort Verständnisfragen Celine Bollmann Code: cesa12 RUPM SoSe 2023 
3 
zu stellen",92,10,3,2,2,65,in_scope,1,,,,,1,False,annotation-00010208|annotation-00010209,,,,False,False,False,False,1,True,279,10,False,False,False,False,,92,c98254afde32e9a1,train
segment-06cee434972ca1d5e2ca,segment-06cee434972ca1d5e2ca-candidate-1,"In der  
Unterrichtssituation ergab sich dieses Problem bei der Klasse jedoch nicht, da die  
Klasse aufmerksam war und sich auch rege beteiligte.",101,54,3,2,2,22,in_scope,1,,,,,1,False,annotation-00008940|annotation-00008941,,,,False,False,False,False,1,True,146,10,False,False,False,False,,101,ed2e1db7eb20f852,train
segment-06d5d00d520cd7e1d532,segment-06d5d00d520cd7e1d532-candidate-1,"Dadurch hätten extreme Unterschiede und vor  
allem auch Fehlvorstellungen bewusst angesprochen werden können, sodass eine  
konstruktive Fehleranalyse stattfinden hätte können",41,54,3,2,1,81,in_scope,1,,,,,1,False,annotation-00000979|annotation-00000980,,,,False,False,False,False,1,True,176,10,False,False,False,False,,41,ed2e1db7eb20f852,train
segment-06e3e47e25ed2df61f12,segment-06e3e47e25ed2df61f12-candidate-1,"Dies wäre zwar  
ein wenig zeitintensiver, dennoch strukturierter und die SuS hätten die Möglichkeit  
gehabt, sorgfältiger zu arbeiten",155,14,3,2,3,32,in_scope,1,,,,,1,False,annotation-00017914|annotation-00017915,,,,False,False,False,False,1,True,135,10,False,False,False,False,,155,7b4ac7e6dba86acb,dev
segment-070885dc9f9dd4737a36,segment-070885dc9f9dd4737a36-candidate-1,"In der Einführungsphase gab es eine Schülerin, die eine Nachfrage zum Thema Chlorophyll  
gestellt hat, und zwar, ob es auch rotes Chlorophyll gäbe.",220,39,3,2,4,28,in_scope,1,,,,,1,False,annotation-00022596|annotation-00022597,,,,False,False,False,False,1,True,148,10,False,False,False,False,,220,8471822e1d4ebecc,train
segment-0725f9f36b074c6f341c,segment-0725f9f36b074c6f341c-candidate-1,Der Einsatz von Medien kann in unserem Workshop so-wohl im Sinne von Lerngelegenheiten als auch im Sinne der Vermittlung im Lernprozess der Studierenden   und dem Inhalt gesehen werden.,74,55,2,1,2,136,in_scope,1,,,,,1,False,annotation-00014618|annotation-00014619,,,,False,False,False,False,1,True,185,10,False,False,False,False,,74,45eb80c6912d4c20,dev
segment-073db8e05ef95b1723a9,segment-073db8e05ef95b1723a9-candidate-1,Die Studierenden tauschen sich untereinander über ihre Zeichnungen aus und hängen diese an die Tafel und ordnen sie zu den Unterstämmen.,115,56,5,1,2,10,in_scope,1,,,,,1,False,annotation-00015659|annotation-00015660,,,,False,False,False,False,1,True,136,10,False,False,False,False,,115,39eda616cf7b1aaa,dev
segment-07451d8984602d1a2c3d,segment-07451d8984602d1a2c3d-candidate-1,"Deshalb  
hätte es sich auch hier angeboten, die Geltaschen Schritt für Schritt gemeinsam zu  
beladen.",155,14,3,2,3,45,in_scope,1,,,,,1,False,annotation-00017935|annotation-00017936,,,,False,False,False,False,1,True,103,10,False,False,False,False,,155,7b4ac7e6dba86acb,dev
segment-076feb9302dbafe93c79,segment-076feb9302dbafe93c79-candidate-1,"Um ein strukturierteres Vorgehen und dadurch auch ein strukturierterer Inhalt bei der  
Vorstellung der Ergebnisse zu erzielen, hätte die Lehrkraft im Vorfeld SchülerInnen  
auswählen können, die vortragen",41,54,3,2,1,80,in_scope,1,,,,,1,False,annotation-00000976|annotation-00000977,,,,False,False,False,False,1,True,205,10,False,False,False,False,,41,ed2e1db7eb20f852,train
segment-0798a73acdaddc2d6e5e,segment-0798a73acdaddc2d6e5e-candidate-1,"Das  
Interesse und die Motivation gelten als zentrale Grundbedingungen des Lernens.",93,14,3,2,2,17,in_scope,1,,,,,1,False,annotation-00009920|annotation-00009921,,,,False,False,False,False,1,True,84,10,False,False,False,False,,93,7b4ac7e6dba86acb,dev
segment-07a3e1547c640ea291a4,segment-07a3e1547c640ea291a4-candidate-1,"Die PCR wurde in der Theorie zwar vereinfacht angesprochen, allerdings nicht praktisch durchgeführt.",120,47,5,2,2,35,in_scope,1,,,,,1,False,annotation-00015892|annotation-00015893,,,,False,False,False,False,1,True,100,10,False,False,False,False,,120,5e026b3c944c5d13,train
segment-07c0702dedca503a2f98,segment-07c0702dedca503a2f98-candidate-1,"Dadurch steht für mich immer der erzieherische Aspekt vor dem fachwissenschaftlichen  
Aspekt.",163,54,3,2,3,28,in_scope,1,,,,,1,False,annotation-00017591|annotation-00017592,,,,False,False,False,False,1,True,94,10,False,False,False,False,,163,ed2e1db7eb20f852,train
segment-07cb810daff55ce7d3a9,segment-07cb810daff55ce7d3a9-candidate-1,"Ein  
Unterrichtsgespräch gemeinsam im Plenum und das gemeinsame Nachdenken über  
Lösungen oder Schlussfolgerungen würde ebenfalls zur Auflösung des Problems  
führen, jedoch länger dauern",217,27,3,2,4,54,in_scope,1,,,,,1,False,annotation-00022893|annotation-00022894,,,,False,False,False,False,1,True,189,10,False,False,False,False,,217,2b1a36ed00f62e21,train
segment-07f95ff06d50cd47cf8e,segment-07f95ff06d50cd47cf8e-candidate-1,. Dabei war ein Aus-tausch auf Augenhöhe und die gegenseitige Hilfestellung während der Bestimmung wichtig.,74,55,2,1,2,140,in_scope,1,,,,,1,False,annotation-00014628|annotation-00014629,,,,False,False,False,False,1,True,107,10,False,False,False,False,,74,45eb80c6912d4c20,dev
segment-07fcf07c1938cffcb82a,segment-07fcf07c1938cffcb82a-candidate-1,Der Schwachpunkt der Stunde liegt meiner Ansicht nach in ihrer Strukturierung,97,37,3,2,2,56,in_scope,1,,,,,1,False,annotation-00009440|annotation-00009441,,,,False,False,False,False,1,True,77,10,False,False,False,False,,97,03fd173f4e9e83b6,train
segment-080b1f09d5c3c0efbcc8,segment-080b1f09d5c3c0efbcc8-candidate-1,"Man hätte in den Murmelphasen noch eine Zeitbegrenzung angeben können, womit  
die Klasse aktiv vorne an der Tafel gesehen hätte, wie lange sie noch Zeit in den  
Tischgruppen für den Austausch haben.",158,33,3,2,3,17,in_scope,1,,,,,1,False,annotation-00017743|annotation-00017744,,,,False,False,False,False,1,True,200,10,False,False,False,False,,158,fd1a055c1ca13050,test
segment-08109d7f41b40d62e6fd,segment-08109d7f41b40d62e6fd-candidate-1,"So werden vor allem die Wartezeiten während der Versuche dazu genutzt, Fachwissen zu vermitteln und mit bekanntem Wissen zu verknüpfen.",121,51,5,2,2,46,in_scope,1,,,,,1,False,annotation-00016084|annotation-00016085,,,,False,False,False,False,1,True,135,10,False,False,False,False,,121,0e3a4017f81e8c8c,train
segment-0845dfe2dc4b1b3ab6da,segment-0845dfe2dc4b1b3ab6da-candidate-1,"Um dies in Zukunft zu vermeiden, sollte man den Stoff   weiter didaktisch reduzieren und auf verschiedene Niveaustufen differenzieren.",90,7,3,2,2,62,in_scope,1,,,,,1,False,annotation-00010556|annotation-00010557,,,,False,False,False,False,1,True,134,10,False,False,False,False,,90,6fd026ce8e8388c4,train
segment-088a2399fbd4986aacc5,segment-088a2399fbd4986aacc5-candidate-1,"Auffällig war hier, dass   einige Gruppen nicht mit den Merkmalen der Pflanzenfamilien vertraut waren und deshalb die Aufgaben   nicht vollständig lösen konnten.",74,55,2,1,2,93,in_scope,1,,,,,1,False,annotation-00014527|annotation-00014528,,,,False,False,False,False,1,True,161,10,False,False,False,False,,74,45eb80c6912d4c20,dev
segment-089910db97245bdc5d34,segment-089910db97245bdc5d34-candidate-1,Die Schülerinnen und Schüler haben die Blätter und das Thema   Fotosynthese vorgegeben bekommen und sollten anhand dessen eigenständig eine   Frage und Hypothese formulieren.,212,7,3,2,4,47,in_scope,1,,,,,1,False,annotation-00023481|annotation-00023482,,,,False,False,False,False,1,True,174,10,False,False,False,False,,212,6fd026ce8e8388c4,train
segment-08e999b611e422a4acd9,segment-08e999b611e422a4acd9-candidate-1,"Eine Schülerin hat eine korrekte Problemfrage formuliert, die Lehrerin merkte an, dass sie nah dran sei, woraufhin nur noch falsche Vermutungen aufgestellt wurden",8,17,1,2,1,72,in_scope,1,,,,,1,False,annotation-00000702,,,,False,False,False,False,1,True,162,10,False,False,False,False,,8,423489dd4b4c0912,train
segment-08f0d76656a1b2910ae0,segment-08f0d76656a1b2910ae0-candidate-1,"Dennoch bin ich auch der Meinung, dass Stu-dierende im Bachelor in der Lage sein müssen, sich Literatur und Arbeitsmaterial selbstständig zu beschaffen.",74,55,2,1,2,49,in_scope,1,,,,,1,False,annotation-00014428|annotation-00014429,,,,False,False,False,False,1,True,152,10,False,False,False,False,,74,45eb80c6912d4c20,dev
segment-09b9edaa5c8712a00aba,segment-09b9edaa5c8712a00aba-candidate-1,"So wurden die Schüler*innen sowohl zum Problemlösen als auch zum Nachdenken,   Verknüpfen und Weiterdenken angeregt",95,27,3,2,2,113,in_scope,1,,,,,1,False,annotation-00009758|annotation-00009759,,,,False,False,False,False,1,True,115,10,False,False,False,False,,95,2b1a36ed00f62e21,train
segment-09bbe9dfb5c913ffd393,segment-09bbe9dfb5c913ffd393-candidate-1,"Es geht darum, Bekanntes zu wiederholen und in einem   neuen Kontext bzw. Sachverhalt anzuwenden, wobei die Arbeit mit der Bestimmungsliteratur neu war",74,55,2,1,2,98,in_scope,1,,,,,1,False,annotation-00014536|annotation-00014537,,,,False,False,False,False,1,True,151,10,False,False,False,False,,74,45eb80c6912d4c20,dev
segment-09fcefa987514d504d52,segment-09fcefa987514d504d52-candidate-1,Das Fachwissen der Stunde wurde von uns also nach dem Prinzip der Didaktischen   Reduktion für die SchülerInnen aufbereitet.,90,7,3,2,2,32,in_scope,1,,,,,1,False,annotation-00010498|annotation-00010499,,,,False,False,False,False,1,True,124,10,False,False,False,False,,90,6fd026ce8e8388c4,train
segment-0a10693d09dbfe5f71eb,segment-0a10693d09dbfe5f71eb-candidate-1,"Die Erkenntnisgewinnung findet teilweise statt, da Schüler*innen bei der ersten  
Zeichnung ihrer Vorstellung bereits auf Probleme gestoßen sind, die es durch die  
Erarbeitung des Fachwissens zu lösen gilt, wodurch sie neue Erkenntnisse gewinnen  
können",29,27,3,2,1,56,in_scope,1,,,,,1,False,annotation-00001548|annotation-00001549,,,,False,False,False,False,1,True,255,10,False,False,False,False,,29,2b1a36ed00f62e21,train
segment-0a2a22b0e73c2c1c4f29,segment-0a2a22b0e73c2c1c4f29-candidate-1,"Das Experiment zur Photosynthese stellt tolle Gelegenheiten dar zu bewerten inwiefern genau und sauber geplant und gearbeitet wurde, um dann die Verbindung zum Erfolg oder Misserfolg zu ziehen",208,41,2,2,4,60,in_scope,1,,,,,1,False,annotation-00025081|annotation-00025082,,,,False,False,False,False,1,True,192,10,False,False,False,False,,208,4b146d61ab8738ab,train
segment-0a54ef957ea426ea585a,segment-0a54ef957ea426ea585a-candidate-1,n diesem Rahmen nennen die Schülerinnen und Schüler der   Lehrkraft auch ihre Vermutungen.,212,7,3,2,4,40,in_scope,1,,,,,1,False,annotation-00023470|annotation-00023471,,,,False,False,False,False,1,True,90,10,False,False,False,False,,212,6fd026ce8e8388c4,train
segment-0a8be313c9a51e054507,segment-0a8be313c9a51e054507-candidate-1,"Es kam weder zu einer Kontextualisierung des Inhaltes noch wurde die  
Relevanz des Themas durch beispielsweise Alltagsbezüge oder ähnliches 
hervorgehoben",219,37,3,2,4,38,in_scope,1,,,,,1,False,annotation-00022722|annotation-00022723,,,,False,False,False,False,1,True,155,10,False,False,False,False,,219,03fd173f4e9e83b6,train
segment-0b171454c5c00e18078d,segment-0b171454c5c00e18078d-candidate-1,"Um eine individuelle Unterstützung des Lernprozesses der SuS zu ermöglichen, sollte die  
Lehrkraft ihr Unterrichtsmaterial mehr differenzieren",39,40,3,2,1,50,in_scope,1,,,,,1,False,annotation-00001107|annotation-00001108,,,,False,False,False,False,1,True,143,10,False,False,False,False,,39,cf54d4a96848c26d,test
segment-0b5179d8c12034e6f4a5,segment-0b5179d8c12034e6f4a5-candidate-1,"Im Hinblick auf die kognitive Aktivierung werden zu Beginn die Vorstellungen der Schülerinnen  
und Schüler berücksichtigt, als die Lehrerin nach den Faktoren fragt, die die Fotosyntheserate  
beeinflussen.",216,16,3,2,4,19,in_scope,1,,,,,1,False,annotation-00022933|annotation-00022934,,,,False,False,False,False,1,True,206,10,False,False,False,False,,216,7c587cc9ab214913,train
segment-0b604a27e7900f690019,segment-0b604a27e7900f690019-candidate-1,"Sinnvoll ist es, die Frage am Ende der Stunde nochmals  
gemeinsam mit der Klasse im Plenum zu beantworten.",29,27,3,2,1,59,in_scope,1,,,,,1,False,annotation-00001554|annotation-00001555,,,,False,False,False,False,1,True,107,10,False,False,False,False,,29,2b1a36ed00f62e21,train
segment-0b6ea6a59307bf764c1c,segment-0b6ea6a59307bf764c1c-candidate-1,Die Schüler in der letzten und vorletzten Reihe auf der rechten Seite haben jedoch bereits abgeschaltet,48,24,5,1,1,52,in_scope,1,,,,,1,False,annotation-00006466|annotation-00006467,,,,False,False,False,False,1,True,103,10,False,False,False,False,,48,e303475eaa710a89,train
segment-0b9ca7f77d84fba0d120,segment-0b9ca7f77d84fba0d120-candidate-1,Der Inhalt wurde konkretisiert auf die Durchführung der Gelektrophorese.,118,42,5,2,2,23,in_scope,1,,,,,1,False,annotation-00016764|annotation-00016765,,,,False,False,False,False,1,True,72,10,False,False,False,False,,118,c467da3c028da7ca,train
segment-0baecb56972a3d183a29,segment-0baecb56972a3d183a29-candidate-1,"Dieses Problem war für mich schon während der Planung der 
Unterrichtsstunde ersichtlich, doch gab es gleich mehrere Gründe dafür, dass es  
dennoch bei diesem Ablauf geblieben ist",159,37,3,2,3,8,in_scope,1,,,,,1,False,annotation-00017683|annotation-00017684,,,,False,False,False,False,1,True,180,10,False,False,False,False,,159,03fd173f4e9e83b6,train
segment-0bb8c2799277d94c1c54,segment-0bb8c2799277d94c1c54-candidate-1,Abschließend werden ein paar der zweiten Zeichnungen im Plenum der Klasse präsentiert und gemeinsam diskutiert,2,30,1,1,1,35,in_scope,1,,,,,1,False,annotation-00002401,,,,False,False,False,False,1,True,110,10,False,False,False,False,,2,94dd5be7b479f16e,train
segment-0bbce89f6c1fb903893d,segment-0bbce89f6c1fb903893d-candidate-1,Zudem verbindet Linda Marie Wiederkehr 4673240 er das Stundenthema mit der Lebensrealität der Schüler:innen.,148,41,2,2,3,11,in_scope,1,,,,,1,False,annotation-00019415|annotation-00019416,,,,False,False,False,False,1,True,108,10,False,False,False,False,,148,4b146d61ab8738ab,train
segment-0bcca999cc4834967a12,segment-0bcca999cc4834967a12-candidate-1,"Insgesamt war zu beobachten, dass die Schüler*innen teilweise  
Schwierigkeiten mit Fachbegriffen aufgrund von fehlendem Wissen hatten.",93,14,3,2,2,64,in_scope,1,,,,,1,False,annotation-00010010|annotation-00010011,,,,False,False,False,False,1,True,135,10,False,False,False,False,,93,7b4ac7e6dba86acb,dev
segment-0bd648e3b65bee702b2f,segment-0bd648e3b65bee702b2f-candidate-1,Der Unterricht war sehr Schülerzentriert und aus den Abschnitten des Videos ergab sich ein hoher Sprech- und Arbeitsanteil auf Seiten der SuS,1,2,1,1,1,11,in_scope,1,,,,,1,False,annotation-00002451,,,,False,False,False,False,1,True,141,10,False,False,False,False,,1,3faf840a033c018d,train
segment-0c047665d73df628e0db,segment-0c047665d73df628e0db-candidate-1,"Es würde sich anbieten mit Arbeitsblättern in unterschiedlichen Niveaustufen zu  
arbeiten, welche alle Bestandteilen des Herz-Kreislauf-Systems beinhalten",33,10,3,2,1,40,in_scope,1,,,,,1,False,annotation-00001877|annotation-00001878,,,,False,False,False,False,1,True,155,10,False,False,False,False,,33,c98254afde32e9a1,train
segment-0c28457e16a05436563a,segment-0c28457e16a05436563a-candidate-1,"Durch die anschließende Besprechung des Arbeitsblattes wurde sichergestellt, dass  
die Schüler:innen die wichtigsten Inhalte verstanden hatten.",92,10,3,2,2,68,in_scope,1,,,,,1,False,annotation-00010211|annotation-00010212,,,,False,False,False,False,1,True,144,10,False,False,False,False,,92,c98254afde32e9a1,train
segment-0c78fb9c28141ad8ef42,segment-0c78fb9c28141ad8ef42-candidate-1,"Neben dem Wecken von Interesse wurde durch die fiktive Mordgeschichte ein Alltagsbezug  
hergestellt",99,40,3,2,2,21,in_scope,1,,,,,1,False,annotation-00009085|annotation-00009086,,,,False,False,False,False,1,True,100,10,False,False,False,False,,99,cf54d4a96848c26d,test
segment-0c7c34230a690ede7e91,segment-0c7c34230a690ede7e91-candidate-1,Beziehungsweise alle Schülerinnen und Schüler auf einen annähernd ähnlichen Stand zu bringen.,120,47,5,2,2,41,in_scope,1,,,,,1,False,annotation-00015903|annotation-00015904,,,,False,False,False,False,1,True,93,10,False,False,False,False,,120,5e026b3c944c5d13,train
segment-0c9edc82c9ad6eb3845f,segment-0c9edc82c9ad6eb3845f-candidate-1,"Bei einer neuen  
Arbeitstechnik ist es wichtig, diese flüssig zu erklären und klare Anweisungen zu geben, so 
können Schüler:innen die Anweisungen besser aufnehmen und umsetzen",154,10,3,2,3,9,in_scope,1,,,,,1,False,annotation-00017961|annotation-00017962,,,,False,False,False,False,1,True,177,10,False,False,False,False,,154,c98254afde32e9a1,train
segment-0cbf41438b2187348285,segment-0cbf41438b2187348285-candidate-1,"Hin und wieder war zu beobachten, dass die  
Lehrperson die einzelnen Schritte nicht ganz klar im Kopf hatte, was zu einer  
„unflüssig“ wirkenden Erläuterung des Ablaufs führte, da Anweisungen zunächst an  
der Tafel abgelesen werden mussten, bevor diese laut kommuniziert wurden",95,27,3,2,2,24,in_scope,1,,,,,1,False,annotation-00009615|annotation-00009616,,,,False,False,False,False,1,True,280,10,False,False,False,False,,95,2b1a36ed00f62e21,train
segment-0cdcf029cf8b08751daa,segment-0cdcf029cf8b08751daa-candidate-1,"Dadurch kann die Aufmerksamkeit erhöht werden und es hilft den  
Schüler:innen dabei den Arbeitsauftrag zu verstehen",214,10,3,2,4,25,in_scope,1,,,,,1,False,annotation-00023188|annotation-00023189,,,,False,False,False,False,1,True,116,10,False,False,False,False,,214,c98254afde32e9a1,train
segment-0ce666f97e46fbf546d8,segment-0ce666f97e46fbf546d8-candidate-1,"Man hört immer wieder unterschiedliche Schüler:innen-Stimmen, was darauf  
hindeutet, dass diese aktiv am Unterricht teilnehmen und aufmerksam folgen",214,10,3,2,4,16,in_scope,1,,,,,1,False,annotation-00023170|annotation-00023171,,,,False,False,False,False,1,True,149,10,False,False,False,False,,214,c98254afde32e9a1,train
segment-0d0a37fbcfc8627ac674,segment-0d0a37fbcfc8627ac674-candidate-1,"Die Lehrkraft hat indirekt die Alltagsrelevanz der Schüler und Schülerinnen abgefragt  
bzw. induziert",36,33,3,2,1,18,in_scope,1,,,,,1,False,annotation-00001399|annotation-00001400,,,,False,False,False,False,1,True,102,10,False,False,False,False,,36,fd1a055c1ca13050,test
segment-0d1b70cc2fe902fa437c,segment-0d1b70cc2fe902fa437c-candidate-1,"Im Hinblick auf die Motivation ist es auch wichtig gewesen zu beobachten, dass alle  
Schülerinnen und Schüler einer Tischgruppe genügend Materialien bereitliegen hatten, um  
aktiv mitzuarbeiten",98,39,3,2,2,57,in_scope,1,,,,,1,False,annotation-00009319|annotation-00009320,,,,False,False,False,False,1,True,195,10,False,False,False,False,,98,8471822e1d4ebecc,train
segment-0d28f51cac4f12a5a96e,segment-0d28f51cac4f12a5a96e-candidate-1,"Würde der Sinn fehlen, sind Fragen wie „wozu machen wir  
das eigentlich?“ sehr wahrscheinlich und bringen die Lehrperson in die Position, ihren  
Unterricht zu verteidigen und zum Beispiel mittels des Lehrplans zu erklären",160,39,3,2,3,4,in_scope,1,,,,,1,False,annotation-00017640|annotation-00017641,,,,False,False,False,False,1,True,223,10,False,False,False,False,,160,8471822e1d4ebecc,train
segment-0d37aee398c9fb6276c3,segment-0d37aee398c9fb6276c3-candidate-1,"Bei zukünftigen Präsentationen wäre möglicherweise ein Vortrag mithilfe einer  
kurzen Power-Point Präsentation sinnvoller, da die SuS ihre Ergebnisse dort übersichtlich  
darstellen können",221,40,3,2,4,46,in_scope,1,,,,,1,False,annotation-00022477|annotation-00022478,,,,False,False,False,False,1,True,189,10,False,False,False,False,,221,cf54d4a96848c26d,test
segment-0db6424c31558a9b2b67,segment-0db6424c31558a9b2b67-candidate-1,"Der ganze Arbeitsauftrag mit dem Experiment entwerfen, durchführen, beobachten  
und die Ergebnisse dazustellen und zu interpretieren hat einen großen Mehrwert für  
die Erkenntnisgewinnung der SuS dargestellt",218,33,3,2,4,18,in_scope,1,,,,,1,False,annotation-00022777|annotation-00022778,,,,False,False,False,False,1,True,209,10,False,False,False,False,,218,fd1a055c1ca13050,test
segment-0dbef9a71d9c3dad2f18,segment-0dbef9a71d9c3dad2f18-candidate-1,"Das Lernen wird durch diese vorunterrichtlichen Vorstellungen stark  
beeinflusst",39,40,3,2,1,27,in_scope,1,,,,,1,False,annotation-00001063|annotation-00001064,,,,False,False,False,False,1,True,81,10,False,False,False,False,,39,cf54d4a96848c26d,test
segment-0dc73b6f666f698af51c,segment-0dc73b6f666f698af51c-candidate-1,"Bei diesen Arbeitsschritten, die  
wichtig für das Nachvollziehen der weiteren Geschehnisse sind, hätte ich unbedingt  
bei einer Form einer klar strukturierten Erklärung bleiben sollen",155,14,3,2,3,27,in_scope,1,,,,,1,False,annotation-00017905|annotation-00017906,,,,False,False,False,False,1,True,185,10,False,False,False,False,,155,7b4ac7e6dba86acb,dev
segment-0dde929a06ababf11748,segment-0dde929a06ababf11748-candidate-1,"Experimente fördern das aktive Lernen und Führen somit zu einer  
hohen kognitiven Aktivierung bei den Lernenden.",219,37,3,2,4,5,in_scope,1,,,,,1,False,annotation-00022665|annotation-00022666,,,,False,False,False,False,1,True,113,10,False,False,False,False,,219,03fd173f4e9e83b6,train
segment-0de8cf23838d87c8fd7d,segment-0de8cf23838d87c8fd7d-candidate-1,"Auch wenn davon  
ausgegangen werden kann, dass der gezeigte Unterrichtseinstieg keine motivierende Wirkung  
auf die Schülerinnen und Schüler hatte, stellt er einen passenden und relevanten Kontext für  
die fachlichen Inhalte der Unterrichtseinheit dar.",211,3,3,2,4,22,in_scope,1,,,,,1,False,annotation-00023624|annotation-00023625,,,,False,False,False,False,1,True,255,10,False,False,False,False,,211,9efb7a7c3e8b6377,train
segment-0df4d069ef4196de2119,segment-0df4d069ef4196de2119-candidate-1,"Dies erfolgte in einer schrittweisen Erklärung und die Person hatte eine sehr klare und  
ruhige Stimme",93,14,3,2,2,51,in_scope,1,,,,,1,False,annotation-00009986|annotation-00009987,,,,False,False,False,False,1,True,103,10,False,False,False,False,,93,7b4ac7e6dba86acb,dev
segment-0e1032ec94f90ace6e10,segment-0e1032ec94f90ace6e10-candidate-1,"Wurde ein Modell durch eine Gruppe vorgestellt, sollten die anderen Gruppen die Rolle des Käufers einnehmen, wodurch eine Diskussion stattfinden sollte",69,17,1,2,2,22,in_scope,1,,,,,1,False,annotation-00011475|annotation-00011476,,,,False,False,False,False,1,True,151,10,False,False,False,False,,69,423489dd4b4c0912,train
segment-0e149cafe3ccc74a3635,segment-0e149cafe3ccc74a3635-candidate-1,"Zwar kündigte ich an, dass wir das Ansetzen der PCR Schritt für  
Schritt gemeinsam machen, jedoch blieb ich nicht dabei.",155,14,3,2,3,17,in_scope,1,,,,,1,False,annotation-00017884|annotation-00017885,,,,False,False,False,False,1,True,121,10,False,False,False,False,,155,7b4ac7e6dba86acb,dev
segment-0e291a7562baee122201,segment-0e291a7562baee122201-candidate-1,"Alternativ hätte 
die Lehrperson die Lernenden fragen können, wie man eine DNA vervielfältigen könnte oder 
mit Hilfe eines Puzzles den Ablauf einer PCR legen lassen",100,43,3,2,2,64,in_scope,1,,,,,1,False,annotation-00008861|annotation-00008862,,,,False,False,False,False,1,True,165,10,False,False,False,False,,100,ef200883f78ba4bc,train
segment-0e2c09294126cdc1dcbb,segment-0e2c09294126cdc1dcbb-candidate-1,"Daraus kann dann folgen, dass der nächste Arbeitsschritt aufgrund der  
Unaufmerksamkeit der SchülerInnen unklar ist und daher nicht erbracht werden kann",163,54,3,2,3,8,in_scope,1,,,,,1,False,annotation-00017555|annotation-00017556,,,,False,False,False,False,1,True,153,10,False,False,False,False,,163,ed2e1db7eb20f852,train
segment-0e461470a23971b2a32a,segment-0e461470a23971b2a32a-candidate-1,"Um die SchülerInnen noch mehr kognitiv zu aktivieren, stellt die Lehrerin den   Lernenden zum Beispiel bei der Präsentation der Ergebnisse weitere Fragen und   hakt nach (Video 3).",212,7,3,2,4,44,in_scope,1,,,,,1,False,annotation-00023475|annotation-00023476,,,,False,False,False,False,1,True,180,10,False,False,False,False,,212,6fd026ce8e8388c4,train
segment-0e61dbf72d865ed46c6c,segment-0e61dbf72d865ed46c6c-candidate-1,"Es handelt sich um eine Art Rollenspiel:   die SchülerInnen sind WissenschaftlerInnen, die der Polizei bei der Lösung eines   Mordfalls helfen sollen.",90,7,3,2,2,14,in_scope,1,,,,,1,False,annotation-00010464|annotation-00010465,,,,False,False,False,False,1,True,150,10,False,False,False,False,,90,6fd026ce8e8388c4,train
segment-0e8ba1044601571393c8,segment-0e8ba1044601571393c8-candidate-1,"Diese wird jedoch nirgends bildlich dargestellt. Für ein besseres Verständnis der DNA, die sich dann in einem besseren Verständnis der Gelelektrophorese zeigt, wäre das Verwenden des molekularen Aufbaus der DNA hilfreich gewesen.",122,57,5,2,2,68,in_scope,1,,,,,1,False,annotation-00016320|annotation-00016321,,,,False,False,False,False,1,True,229,10,False,False,False,False,,122,d1fbfe5e3fb609be,train
segment-0ee4e4583c66e87a37d4,segment-0ee4e4583c66e87a37d4-candidate-1,"Was mir gefehlt  
hat war ein vollständiges Festhalten der Aufgabenstellung, zum Beispiel am Whiteboard.",220,39,3,2,4,22,in_scope,1,,,,,1,False,annotation-00022582|annotation-00022583,,,,False,False,False,False,1,True,104,10,False,False,False,False,,220,8471822e1d4ebecc,train
segment-0efac2731d488cd141a5,segment-0efac2731d488cd141a5-candidate-1,"Die Studierenden wurden durch   die Ineffizienz des Tools verwirrt und konnten zum Teil ihre Abgaben nicht ordnungsgemäß erledigen, was   mit Blick auf den Arbeitsaufwand zu Unmut geführt hat",74,55,2,1,2,126,in_scope,1,,,,,1,False,annotation-00014600|annotation-00014601,,,,False,False,False,False,1,True,191,10,False,False,False,False,,74,45eb80c6912d4c20,dev
segment-0f59d35b30609fd96f79,segment-0f59d35b30609fd96f79-candidate-1,"Direkt im Anschluss wurden innerhalb der einzelnen Gruppen die Agarosegele  
vorbereitet.",157,27,3,2,3,1,in_scope,1,,,,,1,False,annotation-00017749|annotation-00017750,,,,False,False,False,False,1,True,89,10,False,False,False,False,,157,2b1a36ed00f62e21,train
segment-0fa957abfbcc987d91b0,segment-0fa957abfbcc987d91b0-candidate-1,"Darauf müsste eine klar lehrerzentrierte Phase folgen, die die  
Schüler*innenvorstellungen aufgreift, mit diesen arbeitet und diese berichtigt.",34,14,3,2,1,43,in_scope,1,,,,,1,False,annotation-00001706|annotation-00001707,,,,False,False,False,False,1,True,144,10,False,False,False,False,,34,7b4ac7e6dba86acb,dev
segment-0fcc234eeb183f080203,segment-0fcc234eeb183f080203-candidate-1,"Ebenfalls empfiehlt sich hier der Einsatz eines Videos, etc.  
zur Veranschaulichung.",29,27,3,2,1,54,in_scope,1,,,,,1,False,annotation-00001545|annotation-00001546,,,,False,False,False,False,1,True,85,10,False,False,False,False,,29,2b1a36ed00f62e21,train
segment-0ff579a44a865b288843,segment-0ff579a44a865b288843-candidate-1,"An dieser Stelle hätte die Lehrerin meines Erachtens unterstützende Rückmeldung geben können, dass das in die richtige Richtung des heutigen Themas geht.",25,20,2,2,1,12,in_scope,1,,,,,1,False,annotation-00004075|annotation-00004076,,,,False,False,False,False,1,True,153,10,False,False,False,False,,25,5257a952b667ebc3,train
segment-1008d5b49d3adb1d0f0f,segment-1008d5b49d3adb1d0f0f-candidate-1,Auch die Rückmeldungen der Studierenden stimmen mit der Wahrnehmung der Lehrperson überein,109,24,5,1,2,41,in_scope,1,,,,,1,False,annotation-00014887|annotation-00015133,,,,False,False,False,False,1,True,90,10,False,False,False,False,,109,e303475eaa710a89,train
segment-102158e99d4d9fcd01ba,segment-102158e99d4d9fcd01ba-candidate-1,"So Janine Mahler Code: jabi27 RUPM SoSe23 
4679957 
wurden relevante Faktoren gemeinsam im Plenum erarbeitet, wodurch  
leistungsschwächere Gruppen unterstützt wurden, die sich eigenständig eventuell  
keine unterschiedlichen Faktoren hätten überlegen können. ",217,27,3,2,4,22,in_scope,1,,,,,1,False,annotation-00022835|annotation-00022836,,,,False,False,False,False,1,True,259,10,False,False,False,False,,217,2b1a36ed00f62e21,train
segment-103eb162e40ffea8c583,segment-103eb162e40ffea8c583-candidate-1,So haben die Schülerinnen   und Schüler über die Fotosynthese nachgedacht und ihr Vorwissen wurde aktiviert.,212,7,3,2,4,92,in_scope,1,,,,,1,False,annotation-00023573|annotation-00023574,,,,False,False,False,False,1,True,108,10,False,False,False,False,,212,6fd026ce8e8388c4,train
segment-108059b2b5bb796b9334,segment-108059b2b5bb796b9334-candidate-1,"Die SuS sollen mindestens zwei der vier angebotenen Texte lesen und daraufhin ihre eigene Zeichnung nochmals überdenken, indem sie eine zweite Zeichnung anfertigen und die Informationen aus den Texten sach- und fachbezogen erschließen und sinnvoll in ihrer zweiten Zeichnung einbauen",2,30,1,1,1,31,in_scope,1,,,,,1,False,annotation-00002391,,,,False,False,False,False,1,True,283,10,False,False,False,False,,2,94dd5be7b479f16e,train
segment-10908aa1cb8f0dd8b611,segment-10908aa1cb8f0dd8b611-candidate-1,"Diese Rückfragen erzielten Lernanlässe sowie  
Problemlösefähigkeiten und erforderten Begründungen, die die Schülerinne und Schüler dann  
auch lieferten.",98,39,3,2,2,48,in_scope,1,,,,,1,False,annotation-00009301|annotation-00009302,,,,False,False,False,False,1,True,154,10,False,False,False,False,,98,8471822e1d4ebecc,train
segment-1093fd54884f20f4569b,segment-1093fd54884f20f4569b-candidate-1,"Geschichten haben das Potential eine Verbindung zur Alltags- und  
Gefühlswelten der Lernenden darzustellen und können die Motivation fördern sich mit  
einem Thema zu befassen",97,37,3,2,2,34,in_scope,1,,,,,1,False,annotation-00009404|annotation-00009405,,,,False,False,False,False,1,True,176,10,False,False,False,False,,97,03fd173f4e9e83b6,train
segment-109c69ecc66f0adc1140,segment-109c69ecc66f0adc1140-candidate-1,"Zentral in der Stunde war die praktische Arbeit, bei der Arbeitstechniken angewendet und erprobt wurden. So gab es zur Arbeit mit der Pipette eine Pipettierübung, es wurde Agarosegel hergestellt. 
Dabei wurden verschiedene Materialien verwendet und das Verhalten im Fachraum berücksichtigt. Generell wurde das Schüler*innenverhalten sehr stark durch die Lehrpersonen vorgegeben und miteinander die einzelnen Schritte durchgeführt. Da die Schüler*innen schon in der 10.Klasse sind hätte man auch auf eigenständigeres, selbstgeleitetes Vorgehen vertrauen können und bei Fragen zur Seite stehen können.",122,57,5,2,2,72,in_scope,1,,,,,1,False,annotation-00016328,,,,False,False,False,False,1,True,599,10,False,False,False,False,,122,d1fbfe5e3fb609be,train
segment-10a1b16aa4285f7ec67a,segment-10a1b16aa4285f7ec67a-candidate-1,"Dies ist vor allem auch für die Vielzahl an Kinder mit Autismus bedeutsam, für  
diese Routinen unabdingbar sind",163,54,3,2,3,24,in_scope,1,,,,,1,False,annotation-00017585|annotation-00017586,,,,False,False,False,False,1,True,112,10,False,False,False,False,,163,ed2e1db7eb20f852,train
segment-10b2722158a9a087aea0,segment-10b2722158a9a087aea0-candidate-1,"Zur Elementarisierung im Hinblick auf den Ausschnitt der Vignette kann gesagt werden, dass die Gelelektrophorese dahingehend elementarisiert wurde, dass ihr ein Fall zugeordnet wurde, der gelöst werden muss.",190,9,1,2,4,26,in_scope,1,,,,,1,False,annotation-00024125|annotation-00024126,,,,False,False,False,False,1,True,207,10,False,False,False,False,,190,db87b4c42c40c536,train
segment-10d6510e53ed93f51554,segment-10d6510e53ed93f51554-candidate-1,"Die Komplexität wurde reduziert, indem zum einen andere molekularbiologische Themen wie beispielsweise das Funktionsprinzip der PCR nicht im Detail besprochen wurden und zum anderen die Gelelektrophorese in den Vordergrund gerückt wurde.",118,42,5,2,2,24,in_scope,1,,,,,1,False,annotation-00016766|annotation-00016767,,,,False,False,False,False,1,True,237,10,False,False,False,False,,118,c467da3c028da7ca,train
segment-10d7594ea8e553cb3e61,segment-10d7594ea8e553cb3e61-candidate-1,"Dies müsste man in dem darauffolgenden Stunden zwingend 
nachholen",40,43,3,2,1,34,in_scope,1,,,,,1,False,annotation-00000809|annotation-00000810,,,,False,False,False,False,1,True,66,10,False,False,False,False,,40,ef200883f78ba4bc,train
segment-10db46817372613a60c3,segment-10db46817372613a60c3-candidate-1,"Zudem waren diese gut vorbereitet und wurden Mithilfe von  
Magneten an die Tafel gepinnt.",38,39,3,2,1,22,in_scope,1,,,,,1,False,annotation-00001204|annotation-00001205,,,,False,False,False,False,1,True,90,10,False,False,False,False,,38,8471822e1d4ebecc,train
segment-110bfc7f09d65b93ed78,segment-110bfc7f09d65b93ed78-candidate-1,"Zunächst sammelt die Lehrperson alle Äußerungen der Schüler*innen,   ohne diese zu kommentieren oder zu werten.",29,27,3,2,1,9,in_scope,1,,,,,1,False,annotation-00001474|annotation-00001475,,,,False,False,False,False,1,True,111,10,False,False,False,False,,29,2b1a36ed00f62e21,train
segment-1119de7fd269964e4c09,segment-1119de7fd269964e4c09-candidate-1,"In dieser Situation hätte die Lehrkraft den SuS mehr Zeit zum  
Nachdenken geben müssen.",221,40,3,2,4,11,in_scope,1,,,,,1,False,annotation-00022408|annotation-00022409,,,,False,False,False,False,1,True,88,10,False,False,False,False,,221,cf54d4a96848c26d,test
segment-1150749f4f40b27947a2,segment-1150749f4f40b27947a2-candidate-1,"Zum Beispiel bekamen Gegenstände falsche Artikel oder es kam zu falschen 
Bezeichnungen der Gerätschaften (PCR statt Thermocycler",98,39,3,2,2,39,in_scope,1,,,,,1,False,annotation-00009285|annotation-00009286,,,,False,False,False,False,1,True,129,10,False,False,False,False,,98,8471822e1d4ebecc,train
segment-115e335577345f1bf9d0,segment-115e335577345f1bf9d0-candidate-1,"Organisationsebenen wurden, zum Teil miteinander verknüpft, so hat die Lehrperson auf Blutzellen und ihre Transportfunktion zu den Organen Bezug genommen und hat die einzelnen Zellen in Bezug auf die Organe erwähnt.",59,51,5,2,1,26,in_scope,1,,,,,1,False,annotation-00006999|annotation-00007000,,,,False,False,False,False,1,True,215,10,False,False,False,False,,59,0e3a4017f81e8c8c,train
segment-1187745a279a0f59b069,segment-1187745a279a0f59b069-candidate-1,"s ist möglich, dass dies  
auf die ungewohnte Situation des Gruppenunterrichts im Team zurückzuführen ist oder  
der vorangegangene Stromausfall für Aufregung bei der Lehrperson sorgte",157,27,3,2,3,12,in_scope,1,,,,,1,False,annotation-00017771|annotation-00017772,,,,False,False,False,False,1,True,184,10,False,False,False,False,,157,2b1a36ed00f62e21,train
segment-118c8fad92d2bc30a2a5,segment-118c8fad92d2bc30a2a5-candidate-1,"Als Gruppe haben wir schon bei der Planung entschieden, dass der Fokus des  Workshops auf dem Erproben biologischer Arbeitsweisen und dem Sammeln von   Laborerfahrung liegt",90,7,3,2,2,29,in_scope,1,,,,,1,False,annotation-00010492|annotation-00010493,,,,False,False,False,False,1,True,172,10,False,False,False,False,,90,6fd026ce8e8388c4,train
segment-119dd00f648fe670740b,segment-119dd00f648fe670740b-candidate-1,"Durch die  
Schaffung einer positiven Lernumgebung und das Einführen motivierender trug die  
Lehrperson maßgeblich dazu bei, das Interesse und die Motivation der Schüler*innen zu  
wecken.",156,16,3,2,3,43,in_scope,1,,,,,1,False,annotation-00017855|annotation-00017856,,,,False,False,False,False,1,True,189,10,False,False,False,False,,156,7c587cc9ab214913,train
segment-11c48adcacbdce380df8,segment-11c48adcacbdce380df8-candidate-1,"Innerhalb des Bereichs der Erkenntnisgewinnung ist zu beobachten, dass die Aspekte  
beobachten und Versuche durchführen der Unterrichtsstunde vorzufinden waren.",217,27,3,2,4,41,in_scope,1,,,,,1,False,annotation-00022869|annotation-00022870,,,,False,False,False,False,1,True,161,10,False,False,False,False,,217,2b1a36ed00f62e21,train
segment-11f626600111aab8ed89,segment-11f626600111aab8ed89-candidate-1,"Während des Experimentierens hat die Lehrerin sehr viele Nachfragen gestellt und so die  
Schülerinnen und Schüler zum selbstständigen Nachdenken über ihre Arbeit angeregt",220,39,3,2,4,43,in_scope,1,,,,,1,False,annotation-00022623|annotation-00022624,,,,False,False,False,False,1,True,171,10,False,False,False,False,,220,8471822e1d4ebecc,train
segment-1204cdac697e0a0cfb0c,segment-1204cdac697e0a0cfb0c-candidate-1,"Im Prozess der Erkenntnisgewinnung sind  
mehrere Schritte notwendig und durch den Einbezug mehrerer Erkenntnismethoden wird der  
Prozess stetig ausgeweitet und ermöglicht den SchülerInnen eine selbstständigere Suche nach  
der Lösung des Stundenproblems",91,8,3,2,2,49,in_scope,1,,,,,1,False,annotation-00010371|annotation-00010372,,,,False,False,False,False,1,True,255,10,False,False,False,False,,91,010765bfd40e73e6,train
segment-12516065e4a9617c6a84,segment-12516065e4a9617c6a84-candidate-1,"Das gesamte Thema wurde im Setting eines Praktikums im Labor 
der Kriminalpolizei eingebettet",100,43,3,2,2,13,in_scope,1,,,,,1,False,annotation-00008753|annotation-00008754,,,,False,False,False,False,1,True,93,10,False,False,False,False,,100,ef200883f78ba4bc,train
segment-1256a01d28cef8441b1d,segment-1256a01d28cef8441b1d-candidate-1,"Während der Durchführung der Experimente fällt positiv auf, dass die Lehrkraft die  
Schülerinnen und Schüler in diesem Prozess unterstützt, sie die Lernenden aber gleichzeitig  
auch kognitiv aktiviert, indem sie zum Beispiel Fragen zu den aufgestellten Hypothesen stellt 
und Begründungen für die Antworten einfordert.",211,3,3,2,4,45,in_scope,1,,,,,1,False,annotation-00023666|annotation-00023667,,,,False,False,False,False,1,True,320,10,False,False,False,False,,211,9efb7a7c3e8b6377,train
segment-125ee7a700e3c46d65e6,segment-125ee7a700e3c46d65e6-candidate-1,"Vor allem dann, als es um die Vorstellung der  
Tatverdächtigen ging, und die Spekulationen, die die Schülerinnen und Schüler äußern  
konnten, war eine erhöhte SchülerInnen-Aufmerksamkeit durch Meldungen und zahlreiche  
Beiträge deutlich.",98,39,3,2,2,22,in_scope,1,,,,,1,False,annotation-00009252|annotation-00009253,,,,False,False,False,False,1,True,240,10,False,False,False,False,,98,8471822e1d4ebecc,train
segment-12a3abe8058d7937e383,segment-12a3abe8058d7937e383-candidate-1,"Dabei nahm die Lehrerin nicht immer gleich die Antwort  
vorweg, sondern versuchte die Schüler durch Rückfragen zur Lösung zu führen.",219,37,3,2,4,48,in_scope,1,,,,,1,False,annotation-00022745|annotation-00022746,,,,False,False,False,False,1,True,133,10,False,False,False,False,,219,03fd173f4e9e83b6,train
segment-12efd9ea21031f7602a5,segment-12efd9ea21031f7602a5-candidate-1,"Dabei wird die Anzahl und Komplexität der Lerninhalte reduziert und auf wesentliche Elemente  
heruntergebrochen (vgl. Gropengießer & Kattmann, 2013).",99,40,3,2,2,54,in_scope,1,,,,,1,False,annotation-00009148|annotation-00009149,,,,False,False,False,False,1,True,150,10,False,False,False,False,,99,cf54d4a96848c26d,test
segment-1320e3ebcf4c2260870e,segment-1320e3ebcf4c2260870e-candidate-1,"Im Bereich der Kommunikation können sich die Schüler*innen über ihre verschiedenen  
Lösungsvorschläge der individuellen Zeichnungen austauschen.",29,27,3,2,1,65,in_scope,1,,,,,1,False,annotation-00001563|annotation-00001564,,,,False,False,False,False,1,True,145,10,False,False,False,False,,29,2b1a36ed00f62e21,train
segment-1355dc7aecebcb439a67,segment-1355dc7aecebcb439a67-candidate-1,"Jede Gruppe erhielt ein persönliches Feedback der Gruppenaufgabe durch die Referenten des Masterstudiengangs, welches sehr positiv aufgenommen wurde",61,2,1,1,2,78,in_scope,1,,,,,1,False,annotation-00008008,,,,False,False,False,False,1,True,148,10,False,False,False,False,,61,3faf840a033c018d,train
segment-13615d3b0ff5993692e5,segment-13615d3b0ff5993692e5-candidate-1,"Abgeschlossen wurde die vorliegende Unterrichtsstunde dadurch, dass die Fragestellung der  
Unterrichtsstunde gemeinsam beantwortet wurde",91,8,3,2,2,82,in_scope,1,,,,,1,False,annotation-00010425|annotation-00010426,,,,False,False,False,False,1,True,137,10,False,False,False,False,,91,010765bfd40e73e6,train
segment-136dc488574731690362,segment-136dc488574731690362-candidate-1,"Während das gegossene Gel festigte, fuhr eine andere Workshop-Person mit einem  
Input zur DNA fort.",93,14,3,2,2,41,in_scope,1,,,,,1,False,annotation-00009968|annotation-00009969,,,,False,False,False,False,1,True,100,10,False,False,False,False,,93,7b4ac7e6dba86acb,dev
segment-138b8a8e30e678f8f75b,segment-138b8a8e30e678f8f75b-candidate-1,"Nach Urbach & Lesch  
(2018) sind Kriminalromane sogar das beliebteste Genre der deutschen Leserinnen und Leser. 
(vgl. Urbach & Lesch (2018) zitiert nach Schöppner et al. 2023, S. 62)",151,3,3,2,3,9,in_scope,1,,,,,1,False,annotation-00018157|annotation-00018158,,,,False,False,False,False,1,True,184,10,False,False,False,False,,151,9efb7a7c3e8b6377,train
segment-13d32a27b90606818784,segment-13d32a27b90606818784-candidate-1,"Sinnvollerweise ist dieses akustische Signal bei der jeweiligen Klasse bereits als  
Ritual eingeführt",163,54,3,2,3,17,in_scope,1,,,,,1,False,annotation-00017570|annotation-00017571,,,,False,False,False,False,1,True,102,10,False,False,False,False,,163,ed2e1db7eb20f852,train
segment-13e8b065a64b8996db3d,segment-13e8b065a64b8996db3d-candidate-1,"Dies wird an der zurückhaltenden Beteiligung  
sichtbar",41,54,3,2,1,30,in_scope,1,,,,,1,False,annotation-00000879|annotation-00000880,,,,False,False,False,False,1,True,55,10,False,False,False,False,,41,ed2e1db7eb20f852,train
segment-13f1172f0f8b3ae82fb6,segment-13f1172f0f8b3ae82fb6-candidate-1,"Es traten kaum Fragen auf und die Teilnehmer arbeiteten in ihren Gruppen die verschiedenen Schritte, die in der PowerPoint-Präsentation standen, zügig durch.",81,59,2,1,2,14,in_scope,1,,,,,1,False,annotation-00013649|annotation-00013650,,,,False,False,False,False,1,True,157,10,False,False,False,False,,81,0546bf8cb93fe335,train
segment-13f86baeb807e26c7e35,segment-13f86baeb807e26c7e35-candidate-1,"Das Kind, das vorne steht, könnte sowieso schon  
aufgeregt oder unsicher sein und muss dann auch noch teilweise schwere biologische  
Zusammenhänge erklären, die es eventuell noch gar nicht kennt oder nicht verstanden  
hat",38,39,3,2,1,39,in_scope,1,,,,,1,False,annotation-00001237|annotation-00001238,,,,False,False,False,False,1,True,224,10,False,False,False,False,,38,8471822e1d4ebecc,train
segment-143470909d1741b7fd04,segment-143470909d1741b7fd04-candidate-1,"Zusätzlich kann man sich überlegen, auf welche zuvor gelernten Inhalte man verweisen möchte und sollte, damit die Lösung nicht schon halb vorgegeben wird und die Studierenden trotzdem noch ausreichend kognitiv aktiviert werden",191,17,1,2,4,22,in_scope,1,,,,,1,False,annotation-00024194|annotation-00024195,,,,False,False,False,False,1,True,226,10,False,False,False,False,,191,423489dd4b4c0912,train
segment-148b16713984fdb968ca,segment-148b16713984fdb968ca-candidate-1,"Mögliche Gründe  
innerhalb der Tiefenstrukturen und Ideen zur Verbesserung und Anpassung an die  
unterschiedlichen Leistungsniveaus wurden bereits oben genannt.",95,27,3,2,2,89,in_scope,1,,,,,1,False,annotation-00009719|annotation-00009720,,,,False,False,False,False,1,True,162,10,False,False,False,False,,95,2b1a36ed00f62e21,train
segment-14bb20980bb4022d8f8f,segment-14bb20980bb4022d8f8f-candidate-1,"In der Erarbeitungsphase sollten die SuS in einem vorgefertigten menschlichen Umriss ihre Vorstellungen zur Bewegung des Blutes im Körper einzeichnen und Bestandteile, die sie kennen, beschriften.",8,17,1,2,1,26,in_scope,1,,,,,1,False,annotation-00000574|annotation-00000575,,,,False,False,False,False,1,True,196,10,False,False,False,False,,8,423489dd4b4c0912,train
segment-14c63f90f4c9c46fb476,segment-14c63f90f4c9c46fb476-candidate-1,"In  
diesem Zusammenhang wäre mir das als Antwort nicht genug, da für mich die Frage  
offenbleibt, weshalb Chlorophyll überhaupt grün ist.",220,39,3,2,4,32,in_scope,1,,,,,1,False,annotation-00022602|annotation-00022603,,,,False,False,False,False,1,True,139,10,False,False,False,False,,220,8471822e1d4ebecc,train
segment-14d11a96a925e9ba0bb3,segment-14d11a96a925e9ba0bb3-candidate-1,"Um die Modellarbeit in der Stationsarbeit selbst jedoch verstärkt zu fokussieren, könnten sich die Hilfskärtchen zukünftig zunehmend auf das Modellverständnis beziehen, indem beispielsweise die Erkenntnisse nicht nur schriftlich, sondern auch durch Fotos oder Videos am Modell festgehalten werden könnten.",173,34,5,1,3,21,in_scope,1,,,,,1,False,annotation-00020453|annotation-00020454,,,,False,False,False,False,1,True,305,10,False,False,False,False,,173,75226cd03392fb89,train
segment-14edc9e2290330675761,segment-14edc9e2290330675761-candidate-1,"In allen Phasen und bei allen Lehrpersonen wurden im Bereich der kognitiven  
Aktivierung verschiedene Dimensionen beachtet: Den Schüler*innen wurden  
verschiedene Lernanlässe geboten.",95,27,3,2,2,109,in_scope,1,,,,,1,False,annotation-00009752|annotation-00009753,,,,False,False,False,False,1,True,185,10,False,False,False,False,,95,2b1a36ed00f62e21,train
segment-153e2a3e418435ac2c66,segment-153e2a3e418435ac2c66-candidate-1,"Im Anschluss an die Einzelarbeit hatten ein paar SuS die Möglichkeit ihr Ergebnisse der Klasse  
zu präsentieren",39,40,3,2,1,33,in_scope,1,,,,,1,False,annotation-00001072|annotation-00001073,,,,False,False,False,False,1,True,112,10,False,False,False,False,,39,cf54d4a96848c26d,test
segment-156cbdd5ce8c582bb775,segment-156cbdd5ce8c582bb775-candidate-1,Das macht es für Lehrende nicht nur leichter auch einen Blick in die Denkprozesse der Lernenden zu erhalten und ggf. an der richtigen Stelle intervenieren bzw. verbessern zu können; dies macht es auch den anderen Lernenden einfacher dem Unterrichtsgeschehen zu folgen und an anderen Denkprozessen teilzuhaben,186,30,1,1,4,32,in_scope,1,,,,,1,False,annotation-00021384,,,,False,False,False,False,1,True,308,10,False,False,False,False,,186,94dd5be7b479f16e,train
segment-158f4c0e3d40ea78e1fb,segment-158f4c0e3d40ea78e1fb-candidate-1,"Die Unterrichtsstunde beginnt damit, dass die Lehrerin den Schülerinnen und Schülern einen Impuls gibt, der ihr Vorwissen zum Thema aktiviert",35,16,3,2,1,1,in_scope,1,,,,,1,False,annotation-00001590|annotation-00001591,,,,False,False,False,False,1,True,141,10,False,False,False,False,,35,7c587cc9ab214913,train
segment-15d70a51638452583f9c,segment-15d70a51638452583f9c-candidate-1,"Die Anwendung von biologischen Arbeitsweisen dient zum einen dazu, ein  
Wissenschaftsverständnis aufzubauen und zum anderen die Beherrschung von biologischen  
Arbeitstechniken zu gewinnen",91,8,3,2,2,36,in_scope,1,,,,,1,False,annotation-00010350|annotation-00010351,,,,False,False,False,False,1,True,189,10,False,False,False,False,,91,010765bfd40e73e6,train
segment-15e51269e190118b2f0e,segment-15e51269e190118b2f0e-candidate-1,"Die  
Schülerinnen und Schüler konnten anhand ihres Bandenmusters die Täterin entlarven, wurden  
jedoch auch hier dazu aufgefordert ihr Ergebnis und ihr Fazit zu begründen",98,39,3,2,2,64,in_scope,1,,,,,1,False,annotation-00009332|annotation-00009333,,,,False,False,False,False,1,True,172,10,False,False,False,False,,98,8471822e1d4ebecc,train
segment-160d907524eeb3c80032,segment-160d907524eeb3c80032-candidate-1,"Die biologischen Basiskonzepte wurden nicht ausreichend thematisiert. Zwar wurden die Inhalte im Sinne des kumulativen Lernens, mit bereits behandelten Themen in Verbindung

gebracht, allerdings war dies nur zu Beginn in der Stunden-Einleitung der Fall. Andere Verbindungen wurden nicht hergestellt.",18,21,2,1,1,22,in_scope,1,,,,,1,False,annotation-00005671|annotation-00005672,,,,False,False,False,False,1,True,299,10,False,False,False,False,,18,8153a465245aa4f5,train
segment-165756d4c9000ef3fdd2,segment-165756d4c9000ef3fdd2-candidate-1,"Nicht für alle Schüler*innen ist  
die Situation angenehm, vor der Klasse zu stehen und Inhalte so lange zu erläutern,   bis diese korrekt sind",29,27,3,2,1,50,in_scope,1,,,,,1,False,annotation-00001539|annotation-00001540,,,,False,False,False,False,1,True,143,10,False,False,False,False,,29,2b1a36ed00f62e21,train
segment-1669a44900cd2749286e,segment-1669a44900cd2749286e-candidate-1,"Die Lehrperson erklärte die richtige Handhabung der Gerätschaften und wies  
auf mögliche Risiken hin",156,16,3,2,3,26,in_scope,1,,,,,1,False,annotation-00017827|annotation-00017828,,,,False,False,False,False,1,True,101,10,False,False,False,False,,156,7c587cc9ab214913,train
segment-1679997fdaf76b4cea41,segment-1679997fdaf76b4cea41-candidate-1,"Dieses Handeln lässt mich als Lehrkraft unsicher wirken, da ich  
meinerseits immer lauter sprechen muss, um gegen die Unruhe anzukommen.",161,40,3,2,3,8,in_scope,1,,,,,1,False,annotation-00017607|annotation-00017608,,,,False,False,False,False,1,True,137,10,False,False,False,False,,161,cf54d4a96848c26d,test
segment-16bc0e21cb9f6ce03085,segment-16bc0e21cb9f6ce03085-candidate-1,"Für mich als Lehrkraft ist es nämlich sehr bedeutsam, dass alle  
SchülerInnen auf ihrem/ seinem Niveau arbeiten und lernen können und dies auch  
müssen",223,54,3,2,4,32,in_scope,1,,,,,1,False,annotation-00022062|annotation-00022063,,,,False,False,False,False,1,True,153,10,False,False,False,False,,223,ed2e1db7eb20f852,train
segment-16c7de2c893cf3295538,segment-16c7de2c893cf3295538-candidate-1,"Die Mitschüler konnten aufgrund der geringen Größe die  
Schrift auf den Plakaten kaum lesen",221,40,3,2,4,44,in_scope,1,,,,,1,False,annotation-00022471|annotation-00022472,,,,False,False,False,False,1,True,92,10,False,False,False,False,,221,cf54d4a96848c26d,test
segment-16e4cb071fff871aaea6,segment-16e4cb071fff871aaea6-candidate-1,"An der zugewandten 
Körperhaltung sowie den regen Wortmeldungen der SuS (Video 1: 2:00-2:30 Min) konnte man  
sehen, dass durch den Mordfall das situationales Interesse der SuS geweckt worden konnte.",99,40,3,2,2,18,in_scope,1,,,,,1,False,annotation-00009082|annotation-00009083,,,,False,False,False,False,1,True,199,10,False,False,False,False,,99,cf54d4a96848c26d,test
segment-16f586e98266d83b5f10,segment-16f586e98266d83b5f10-candidate-1,". Dennoch gab sie Hilfestellungen oder  
beantwortete Fragen",223,54,3,2,4,77,in_scope,1,,,,,1,False,annotation-00022143|annotation-00022144,,,,False,False,False,False,1,True,60,10,False,False,False,False,,223,ed2e1db7eb20f852,train
segment-1766a13e67ca8e999f42,segment-1766a13e67ca8e999f42-candidate-1,"Zusätzlich zu den Austauschforen wurde am Ende der Woche ein Webex-Meeting für Rückfragen angeboten, welches die Studierenden auch nutzten.",61,2,1,1,2,7,in_scope,1,,,,,1,False,annotation-00007873|annotation-00007874,,,,False,False,False,False,1,True,139,10,False,False,False,False,,61,3faf840a033c018d,train
segment-17713f0c958e8f5aaf30,segment-17713f0c958e8f5aaf30-candidate-1,"Durch die Online-Lehre ist es schwer, eine persönliche Beziehung zu den 
Lernenden aufzubauen",184,2,1,1,4,29,in_scope,1,,,,,1,False,annotation-00021451,,,,False,False,False,False,1,True,93,10,False,False,False,False,,184,3faf840a033c018d,train
segment-178cf916004ef6e7a2e0,segment-178cf916004ef6e7a2e0-candidate-1,"Positiv gelungen ist der Lehrkraft die am ende notierten und offengebliebenen  
Fragen der SchülerInnen",41,54,3,2,1,97,in_scope,1,,,,,1,False,annotation-00001006|annotation-00001007,,,,False,False,False,False,1,True,103,10,False,False,False,False,,41,ed2e1db7eb20f852,train
segment-1830d79b8b3d2a3fe4ea,segment-1830d79b8b3d2a3fe4ea-candidate-1,"So sind keine idealen Voraussetzungen für den Lernweg zu einer  
Stunde, die eigentlich den Weg des Blutes behandeln soll, gegeben",34,14,3,2,1,14,in_scope,1,,,,,1,False,annotation-00001651|annotation-00001652,,,,False,False,False,False,1,True,130,10,False,False,False,False,,34,7b4ac7e6dba86acb,dev
segment-18ae642fdf1cd165b3cb,segment-18ae642fdf1cd165b3cb-candidate-1,"Auch verschiedene Organisationsebenen werden  
mit eingebunden, wenn beispielsweise von Zellen und unterschiedlichen Organen gesprochen  
wird",34,14,3,2,1,70,in_scope,1,,,,,1,False,annotation-00001746|annotation-00001747,,,,False,False,False,False,1,True,142,10,False,False,False,False,,34,7b4ac7e6dba86acb,dev
segment-18f309b4ea65c117ee09,segment-18f309b4ea65c117ee09-candidate-1,"Aus dem Thema des Einstiegs ein Thema für die Stunde zu formulieren fiel den SuS etwas schwerer, da sie sich sehr auf die Glucose und die Energie konzentrierten",42,4,4,2,1,39,in_scope,1,,,,,1,False,annotation-00002928,,,,False,False,False,False,1,True,160,10,False,False,False,False,,42,734cce279690eadc,test
segment-18f554c866e169722567,segment-18f554c866e169722567-candidate-1,"Grundsätzlich ist davon auszugehen, dass die Studierenden den Sinn hinter der   Aufbereitung der Informationen in einem Video nicht erkannt haben, nämlich sich nochmal auf einer ande-ren Ebene mit den Bestimmungstools auseinanderzusetzen und diese im Kontext des Einsatzes zu reflektie-ren.",74,55,2,1,2,121,in_scope,1,,,,,1,False,annotation-00014588|annotation-00014589,,,,False,False,False,False,1,True,290,10,False,False,False,False,,74,45eb80c6912d4c20,dev
segment-192140256f12af5f6a5e,segment-192140256f12af5f6a5e-candidate-1,"Für den Einstieg wurde eine Brücke von der Kriminalistik zur Berufswahl geschlagen,   um einen Lebensweltbezug für die Lernenden zu schaffen.",97,37,3,2,2,25,in_scope,1,,,,,1,False,annotation-00009389|annotation-00009390,,,,False,False,False,False,1,True,141,10,False,False,False,False,,97,03fd173f4e9e83b6,train
segment-19aab6193d4c61813d7e,segment-19aab6193d4c61813d7e-candidate-1,"Obwohl die Schülerinnen und Schüler während dieser ersten Phase nicht zu sehen sind,   entsteht während dem Unterrichtsgespräch (durch die Meldungen der SchülerInnen) der  
Eindruck, dass diese Form des Unterrichtseinstiegs nicht zur Förderung des Interesses und 
der Motivation beigetragen hat.",211,3,3,2,4,14,in_scope,1,,,,,1,False,annotation-00023612|annotation-00023613,,,,False,False,False,False,1,True,295,10,False,False,False,False,,211,9efb7a7c3e8b6377,train
segment-19bfcaff03f3dbeb3a63,segment-19bfcaff03f3dbeb3a63-candidate-1,"Die Studierenden hatten verschiedene Lernmöglichkeiten. Erst durch das Video im Vorhinein, dann durch den Workshop und anschließend durch das Zeichnen. So hatten sie mindesten drei Anlässe das Gelernte zu vertiefen. Im Nachhinein könnte man alles auch in Präsenz stattfinden lassen um die Studierenden besser begleiten und betreuen zu können.",79,44,2,1,2,41,in_scope,1,,,,,1,False,annotation-00014200|annotation-00014201,,,,False,False,False,False,1,True,342,10,False,False,False,False,,79,d6edc4c7955d78b1,train
segment-19ca17d30d5b7e934190,segment-19ca17d30d5b7e934190-candidate-1,"Die LP sammelt zwar SuS-Vorstellungen am Anfang der Stunde, geht aber im weiteren Verlauf nicht darauf genauer ein,   oder greift diese nochmals auf.",34,14,3,2,1,16,in_scope,1,,,,,1,False,annotation-00001654|annotation-00001655,,,,False,False,False,False,1,True,149,10,False,False,False,False,,34,7b4ac7e6dba86acb,dev
segment-19e2e3c97779a72abde7,segment-19e2e3c97779a72abde7-candidate-1,"Durch die hohe Beteiligung der Tischgruppen hat sich gezeigt, dass die Schüler:innen  
großes Interesse daran hatten, den Täter zu überführen und den Mordfall aufzuklären.",92,10,3,2,2,18,in_scope,1,,,,,1,False,annotation-00010122|annotation-00010123,,,,False,False,False,False,1,True,171,10,False,False,False,False,,92,c98254afde32e9a1,train
segment-19e8334888689d1b8d9b,segment-19e8334888689d1b8d9b-candidate-1,"Ziel des Workshops war es, den Mordfall mittels Molekularbiologischer  
Arbeitsweisen zu lösen",94,16,3,2,2,16,in_scope,1,,,,,1,False,annotation-00009796|annotation-00009797,,,,False,False,False,False,1,True,94,10,False,False,False,False,,94,7c587cc9ab214913,train
segment-1a0a1637a5d9b654d9bd,segment-1a0a1637a5d9b654d9bd-candidate-1,"In der Arbeitsphase haben die SuS sehr viele neue Informationen gelesen, konnten dieses  
Fachwissen jedoch nicht in einem größeren Kontext einordnen oder anwenden.",39,40,3,2,1,54,in_scope,1,,,,,1,False,annotation-00001117|annotation-00001118,,,,False,False,False,False,1,True,164,10,False,False,False,False,,39,cf54d4a96848c26d,test
segment-1a39ff08393ccccf8f0e,segment-1a39ff08393ccccf8f0e-candidate-1,"Die Lernenden wurden während des  
Vortragens der Geschichte ganz ruhig und schauten ausnahmslos nach vorne",97,37,3,2,2,41,in_scope,1,,,,,1,False,annotation-00009416|annotation-00009417,,,,False,False,False,False,1,True,107,10,False,False,False,False,,97,03fd173f4e9e83b6,train
segment-1a4b8fbb698c5f2b2d7f,segment-1a4b8fbb698c5f2b2d7f-candidate-1,"Um die theoretischen Aspekte der Photosynthese nachzuvollziehen, wird in der zweiten  
Videovignette durch die SchülerInnen ein Experiment durchführt in Gruppenarbeit.",213,8,3,2,4,23,in_scope,1,,,,,1,False,annotation-00023320|annotation-00023321,,,,False,False,False,False,1,True,167,10,False,False,False,False,,213,010765bfd40e73e6,train
segment-1a8ec66e3121ebacd010,segment-1a8ec66e3121ebacd010-candidate-1,"Im Allgemeinen ist abschließend zu erwähnen, dass die Stunde sehr gelungen ist.",43,26,4,2,1,52,in_scope,1,,,,,1,False,annotation-00003102,,,,False,False,False,False,1,True,79,10,False,False,False,False,,43,d9e814e2d3def543,train
segment-1aebf278df42a393f7b1,segment-1aebf278df42a393f7b1-candidate-1,"So wurde sichergestellt, dass alle Gruppen die einzelnen Schritte   richtig durchführen und am Ende zu einem aussagekräftigen Ergebnis kommen.",90,7,3,2,2,57,in_scope,1,,,,,1,False,annotation-00010547|annotation-00010548,,,,False,False,False,False,1,True,142,10,False,False,False,False,,90,6fd026ce8e8388c4,train
segment-1b4805974aa0acf2d8ef,segment-1b4805974aa0acf2d8ef-candidate-1,"Um auch lernschwachen  
SchülerInnen hierbei zu unterstützen, kann es unterschiedliche Herangehensweisen geben.",213,8,3,2,4,38,in_scope,1,,,,,1,False,annotation-00023341|annotation-00023342,,,,False,False,False,False,1,True,111,10,False,False,False,False,,213,010765bfd40e73e6,train
segment-1b535b9c0ad23e3ebdc4,segment-1b535b9c0ad23e3ebdc4-candidate-1,Mit 90 Min Umfang ist mir auch während dieser Reflexion noch keine Lösung eingefallen die Schüler:innen hierbei aktiver werden zu lassen und gleichzeitig keine Zeit zu verlieren.,86,41,2,2,2,56,in_scope,1,,,,,1,False,annotation-00013180|annotation-00013181,,,,False,False,False,False,1,True,178,10,False,False,False,False,,86,4b146d61ab8738ab,train
segment-1b62c0277440164dc1d2,segment-1b62c0277440164dc1d2-candidate-1,"Die Äußerungen der SchülerInnen während der  
Erarbeitungsphase lassen vermuten, dass es ihnen teilweise sehr schwer gefallen  
bzw. nicht gelungen ist die erarbeiteten Informationen in einen Zusammenhang mit  
dem gesamten Konzept des Herz-Kreislauf-Systems zu setzen.",30,3,3,2,1,39,in_scope,1,,,,,1,False,annotation-00002255|annotation-00002256,,,,False,False,False,False,1,True,269,10,False,False,False,False,,30,9efb7a7c3e8b6377,train
segment-1b6b718d1e6652d1a106,segment-1b6b718d1e6652d1a106-candidate-1,"Ich  
erklärte was sie tun sollten und die Schüler*innen legten los",155,14,3,2,3,40,in_scope,1,,,,,1,False,annotation-00017929|annotation-00017930,,,,False,False,False,False,1,True,67,10,False,False,False,False,,155,7b4ac7e6dba86acb,dev
segment-1b777721c1be267869a0,segment-1b777721c1be267869a0-candidate-1,"Der Bildungsplan sieht unteranderem vor, dass SuS „Experimente  
planen, durchführen und auswerten“ (vgl. Kultusministerium, 2016) können sollen",221,40,3,2,4,22,in_scope,1,,,,,1,False,annotation-00022426|annotation-00022427,,,,False,False,False,False,1,True,144,10,False,False,False,False,,221,cf54d4a96848c26d,test
segment-1b922d3aef581477559c,segment-1b922d3aef581477559c-candidate-1,"Nach der Definition von Hofer (1985) ist Lob eine  
Form der positiven Rückmeldung, in der sich Zustimmung und Freude ausdrückt (vgl. Hofer  
1985, S. 416)",211,3,3,2,4,40,in_scope,1,,,,,1,False,annotation-00023657|annotation-00023658,,,,False,False,False,False,1,True,155,10,False,False,False,False,,211,9efb7a7c3e8b6377,train
segment-1bd8b794d789db17d6b4,segment-1bd8b794d789db17d6b4-candidate-1,"Insgesamt kann ich sagen, dass es aus Sicht der drei Ausschnitten eine gute  
Unterrichtsstunde gewesen ist und ich keinerlei Punkt habe, die die LK hätte  
verbessern können",218,33,3,2,4,27,in_scope,1,,,,,1,False,annotation-00022795|annotation-00022796,,,,False,False,False,False,1,True,174,10,False,False,False,False,,218,fd1a055c1ca13050,test
segment-1be8bd5e2107146f30de,segment-1be8bd5e2107146f30de-candidate-1,"Eine Gruppenarbeit  fordert in der Regel immer Absprachen sowie eine gemeinsame Kommunikationsbasis, um zu funktionieren",74,55,2,1,2,144,in_scope,1,,,,,1,False,annotation-00014634|annotation-00014635,,,,False,False,False,False,1,True,120,10,False,False,False,False,,74,45eb80c6912d4c20,dev
segment-1c0d0069fb20bc253ee9,segment-1c0d0069fb20bc253ee9-candidate-1,"Die SuS können ihre Vorstellungen von dem Blutkreislauf dann anhand verschiedener 
Arbeitsblätter nachvollziehen und ihr Wissen erweitern.",43,26,4,2,1,40,in_scope,1,,,,,1,False,annotation-00003078|annotation-00003079,,,,False,False,False,False,1,True,138,10,False,False,False,False,,43,d9e814e2d3def543,train
segment-1c16bfea2cd4bc8d4caf,segment-1c16bfea2cd4bc8d4caf-candidate-1,"Es wurde hierdurch offensichtlich  
das Interesse und somit auch die Motivation der Lernenden geweckt und hervorgerufen, was  
als erfolgsversprechende Grundlage für die restliche Unterrichtsstunde dienen sollte.",98,39,3,2,2,25,in_scope,1,,,,,1,False,annotation-00009258|annotation-00009259,,,,False,False,False,False,1,True,212,10,False,False,False,False,,98,8471822e1d4ebecc,train
segment-1c641c6a5f14c475b721,segment-1c641c6a5f14c475b721-candidate-1,"Wir hatten versucht verschiedene Zusammenhänge zu ziehen, doch das könnten wir durchaus noch ausbauen, indem wir weitere Bereiche miteinbeziehen (weitere Pflanzenarten, …).",79,44,2,1,2,19,in_scope,1,,,,,1,False,annotation-00014160|annotation-00014161,,,,False,False,False,False,1,True,172,10,False,False,False,False,,79,d6edc4c7955d78b1,train
segment-1c7b29ad85de657e118d,segment-1c7b29ad85de657e118d-candidate-1,"Methodisch gab es nicht viel Abwechslung, was aber im Hinblick auf die  
praxisorientierte Stunde nahezu nicht anders lösbar ist und auch nicht zwingend notwendig.",98,39,3,2,2,71,in_scope,1,,,,,1,False,annotation-00009344|annotation-00009345,,,,False,False,False,False,1,True,163,10,False,False,False,False,,98,8471822e1d4ebecc,train
segment-1c8a8a00781cd18f5d91,segment-1c8a8a00781cd18f5d91-candidate-1,"Dies führte zu einem engen Austausch  
zwischen Lehrperson und SuS",99,40,3,2,2,46,in_scope,1,,,,,1,False,annotation-00009133|annotation-00009134,,,,False,False,False,False,1,True,66,10,False,False,False,False,,99,cf54d4a96848c26d,test
segment-1c9084052ae274253080,segment-1c9084052ae274253080-candidate-1,"Stattdessen könnte man einfach nicken oder  
„richtig“ sagen.",214,10,3,2,4,12,in_scope,1,,,,,1,False,annotation-00023163|annotation-00023164,,,,False,False,False,False,1,True,61,10,False,False,False,False,,214,c98254afde32e9a1,train
segment-1ccc8cf908ca95bf8a8c,segment-1ccc8cf908ca95bf8a8c-candidate-1,Die Differenzierung findet jedoch kaum statt.,29,27,3,2,1,36,in_scope,1,,,,,1,False,annotation-00001518|annotation-00001519,,,,False,False,False,False,1,True,45,10,False,False,False,False,,29,2b1a36ed00f62e21,train
segment-1ced579a594b91cf46d9,segment-1ced579a594b91cf46d9-candidate-1,"Allerdings ist diese Form der Ergebnissicherung nicht sehr langlebig und verschwindet nach der Einheit wieder, da die Boards für weitere Kurse wieder verwendet werden",231,28,5,1,4,35,in_scope,1,,,,,1,False,annotation-00027772|annotation-00027773,,,,False,False,False,False,1,True,166,10,False,False,False,False,,231,66113b8d0b6fb170,test
segment-1d33a906d08cc09b4412,segment-1d33a906d08cc09b4412-candidate-1,"Außerdem wäre eine differenzierte Rückmeldung zu den jeweiligen Präsentationen bzw. den  
Ergebnissen des Experiments wünschenswert und sicher gewinnbringend gewesen.",221,40,3,2,4,65,in_scope,1,,,,,1,False,annotation-00022510|annotation-00022511,,,,False,False,False,False,1,True,166,10,False,False,False,False,,221,cf54d4a96848c26d,test
segment-1d4376bc7b5cdc32a13a,segment-1d4376bc7b5cdc32a13a-candidate-1,"Diese eng angeleitete und gesteuerte  
Form kann man dann bei öfterem Experimentieren lockern.",155,14,3,2,3,51,in_scope,1,,,,,1,False,annotation-00017944|annotation-00017945,,,,False,False,False,False,1,True,94,10,False,False,False,False,,155,7b4ac7e6dba86acb,dev
segment-1d592f81e98065d578d8,segment-1d592f81e98065d578d8-candidate-1,"Die Schülervorstellungen wurden sehr gut berücksichtigt. Die Lernenden hatten zu Beginn die 
Aufgabe eine Skizze anzufertigen, welche verdeutlicht wie das Blut durch den Körper fließt.",58,47,5,2,1,23,in_scope,1,,,,,1,False,annotation-00006854,,,,False,False,False,False,1,True,184,10,False,False,False,False,,58,5e026b3c944c5d13,train
segment-1d5d0c85e9079542c6d4,segment-1d5d0c85e9079542c6d4-candidate-1,"Zur  
Informationsaufnahme bzw. Erkenntnisgewinnung wurde lediglich eine Zugangsart  
(Textarbeit) angeboten, wodurch sich die Arbeitsphase etwas eintönig gestaltete.",39,40,3,2,1,45,in_scope,1,,,,,1,False,annotation-00001101|annotation-00001102,,,,False,False,False,False,1,True,166,10,False,False,False,False,,39,cf54d4a96848c26d,test
segment-1d689cab36a504812b41,segment-1d689cab36a504812b41-candidate-1,"Für den  
Wokshop gab es also bereits klare Rahmenbedingungen.",159,37,3,2,3,13,in_scope,1,,,,,1,False,annotation-00017692|annotation-00017693,,,,False,False,False,False,1,True,62,10,False,False,False,False,,159,03fd173f4e9e83b6,train
segment-1d7def95679ab5e8b63d,segment-1d7def95679ab5e8b63d-candidate-1,"Eine mögliche Konsequenz  
könnte daher sein, dass nicht alle Schülerinnen und Schüler den Zusammenhang zwischen  
den verschiedenen Arbeitsschritten und dem gesamten Prozess verstanden haben",89,3,3,2,2,48,in_scope,1,,,,,1,False,annotation-00010747|annotation-00010748,,,,False,False,False,False,1,True,191,10,False,False,False,False,,89,9efb7a7c3e8b6377,train
segment-1db055830ac90f4f9b1e,segment-1db055830ac90f4f9b1e-candidate-1,"Außerdem hätte die Lehrkraft in  
dieser Situation noch stärker auf die korrekte Verwendung von Fachbegriffen achten können.",39,40,3,2,1,63,in_scope,1,,,,,1,False,annotation-00001132|annotation-00001133,,,,False,False,False,False,1,True,124,10,False,False,False,False,,39,cf54d4a96848c26d,test
segment-1dcae587b2a2d9545f85,segment-1dcae587b2a2d9545f85-candidate-1,"In Anbetracht des Feedbacks müsste zukünftig eine   Einführung in ein Videoschnittprogramm stattfinden, sodass dies nicht im Rahmen der Awards selbstständig",74,55,2,1,2,130,in_scope,1,,,,,1,False,annotation-00014606|annotation-00014607,,,,False,False,False,False,1,True,156,10,False,False,False,False,,74,45eb80c6912d4c20,dev
segment-1de3ec4addcafa9a0328,segment-1de3ec4addcafa9a0328-candidate-1,"Den wie bereits  
beschrieben ist es der Lehrkraft wichtig, dass die SchülerInnen das wissenschaftliche  
Arbeiten üben",223,54,3,2,4,81,in_scope,1,,,,,1,False,annotation-00022149|annotation-00022150,,,,False,False,False,False,1,True,119,10,False,False,False,False,,223,ed2e1db7eb20f852,train
segment-1e0fd1f9e596d13b4e9f,segment-1e0fd1f9e596d13b4e9f-candidate-1,"Allgemein kann  
man sagen, dass nicht besonders viele Erkenntnisgewinnung in dieser Stunde erzielt wird",34,14,3,2,1,91,in_scope,1,,,,,1,False,annotation-00001782|annotation-00001783,,,,False,False,False,False,1,True,104,10,False,False,False,False,,34,7b4ac7e6dba86acb,dev
segment-1e27086a3a1aaae37926,segment-1e27086a3a1aaae37926-candidate-1,Die Erstellung des Videos und die Rahmengestaltung als Award Verlei-hung empfanden wir als kreative und ansprechende Idee vor dem Hintergrund der Erfahrungshilfe sowie   Kommunikations- und Produktionshilfe.,74,55,2,1,2,109,in_scope,1,,,,,1,False,annotation-00014561|annotation-00014562,,,,False,False,False,False,1,True,207,10,False,False,False,False,,74,45eb80c6912d4c20,dev
segment-1e3a4894112a0b823e02,segment-1e3a4894112a0b823e02-candidate-1,"Dies zeigt sich vor allem durch die nicht vorhandenen Wortmeldungen, die dennoch  
strukturiert ablaufen",223,54,3,2,4,39,in_scope,1,,,,,1,False,annotation-00022074|annotation-00022075,,,,False,False,False,False,1,True,104,10,False,False,False,False,,223,ed2e1db7eb20f852,train
segment-1e765623ccf6d089a933,segment-1e765623ccf6d089a933-candidate-1,"In Hinblick auf den  
Einsatz der Fachsprache bei der Vermittlung der Inhalte kann positiv festgestellt werden, dass  
die Lehrpersonen Fachbegriffe in angemessenem Maß verwenden und sie die Verwendung  
von Fachbegriffen auch bei den SchülerInnen einfordern",89,3,3,2,2,35,in_scope,1,,,,,1,False,annotation-00010726|annotation-00010727,,,,False,False,False,False,1,True,258,10,False,False,False,False,,89,9efb7a7c3e8b6377,train
segment-1e7ee58e54294bcd6cea,segment-1e7ee58e54294bcd6cea-candidate-1,Außerdem hat die Lehrkraft die Beiträge zumeist mit „Hmh“ kommentiert,26,41,2,2,1,14,in_scope,1,,,,,1,False,annotation-00004256,,,,False,False,False,False,1,True,69,10,False,False,False,False,,26,4b146d61ab8738ab,train
segment-1e89ef71285b7c2befec,segment-1e89ef71285b7c2befec-candidate-1,"Eine vertikale Vernetzung zu anderen Naturwissenschaften hat das Thema der Stunde nicht  
bewusst.",34,14,3,2,1,74,in_scope,1,,,,,1,False,annotation-00001752|annotation-00001753,,,,False,False,False,False,1,True,98,10,False,False,False,False,,34,7b4ac7e6dba86acb,dev
segment-1e9a430cbfc64baf9f04,segment-1e9a430cbfc64baf9f04-candidate-1,"Die Methode gibt auch  
den Schüler*innen die Chance, ihre Gedanken zu teilen, die sich nicht trauen, vor der 
gesamten Klasse zu sprechen",216,16,3,2,4,26,in_scope,1,,,,,1,False,annotation-00022948|annotation-00022949,,,,False,False,False,False,1,True,138,10,False,False,False,False,,216,7c587cc9ab214913,train
segment-1eb1f0d4a6c6d84f762a,segment-1eb1f0d4a6c6d84f762a-candidate-1,"Jedoch  
war beim ersten Arbeitsauftrag unklar, wer mit wem arbeiten soll, was für kurze Unruhe  
und Nachfragen gesorgt hat.",38,39,3,2,1,26,in_scope,1,,,,,1,False,annotation-00001210|annotation-00001211,,,,False,False,False,False,1,True,125,10,False,False,False,False,,38,8471822e1d4ebecc,train
segment-1ef2c149a1c34722c0e8,segment-1ef2c149a1c34722c0e8-candidate-1,"So wäre das Gesamtbild vermutlich wesentlich übersichtlicher gewesen, es hätte zudem weniger Wiederholungen innerhalb eines Forums gegeben und es hätte dennoch zu einem regen Austausch zwischen den Teilnehmern der jeweiligen Forumsgruppe kommen können",62,30,1,1,2,55,in_scope,1,,,,,1,False,annotation-00007860,,,,False,False,False,False,1,True,251,10,False,False,False,False,,62,94dd5be7b479f16e,train
segment-1f3fbad0a2e70f2d991e,segment-1f3fbad0a2e70f2d991e-candidate-1,Der Austausch erfolgt somit nur mit einzelnen Schülerinnen und Schülern,216,16,3,2,4,21,in_scope,1,,,,,1,False,annotation-00022939|annotation-00022940,,,,False,False,False,False,1,True,71,10,False,False,False,False,,216,7c587cc9ab214913,train
segment-1f418b234e92c86c6f3a,segment-1f418b234e92c86c6f3a-candidate-1,"In dieser Arbeitsphase

wird die Fähigkeit zur Problemorientierung, wie auch das ganzheitliche Lernen der SuS primär gefördert",2,30,1,1,1,27,in_scope,1,,,,,1,False,annotation-00002380,,,,False,False,False,False,1,True,126,10,False,False,False,False,,2,94dd5be7b479f16e,train
segment-1f477beb255dc2c27c03,segment-1f477beb255dc2c27c03-candidate-1,"Jedoch fällt auf, dass die Lehrerin auch während  
der Arbeitsphase nur mit einzelnen Schüler*innen der Gruppe Gespräche führt und ihnen  
Fragen stellt",216,16,3,2,4,36,in_scope,1,,,,,1,False,annotation-00022966|annotation-00022967,,,,False,False,False,False,1,True,152,10,False,False,False,False,,216,7c587cc9ab214913,train
segment-1f558f7a02de95509a88,segment-1f558f7a02de95509a88-candidate-1,"Hier ist es zu empfehlen, dass das Video in Abschnitten geschaut  
und besprochen wird, so kann die Aufnahmekapazität auf einzelne Abschnitte gerichtet  
werden, das Arbeitsblatt parallel ausgefüllt werden und Inhalte leichter verstanden  
werden.",95,27,3,2,2,74,in_scope,1,,,,,1,False,annotation-00009698|annotation-00009699,,,,False,False,False,False,1,True,247,10,False,False,False,False,,95,2b1a36ed00f62e21,train
segment-1f6c5a319a585dcff4df,segment-1f6c5a319a585dcff4df-candidate-1,"Was positiv herausgestochen ist, war die Kreativität, das große Interesse der Praxisorientiertheit und die Mühe ein paar weniger Studenten/innen, die unsere vorgestellten Modelle tatsächlich optimierten bzw. weitere Modelle bastelten, diese ausprobierten und über ein Video vorstellten",62,30,1,1,2,49,in_scope,1,,,,,1,False,annotation-00007847,,,,False,False,False,False,1,True,285,10,False,False,False,False,,62,94dd5be7b479f16e,train
segment-1f90eeac97b2d4d779eb,segment-1f90eeac97b2d4d779eb-candidate-1,"Anschließend wurden die Schülervorstellungen erhoben, indem die SchülerInnen den  
Blutfluss im Körper ihren eigenen Vorstellungen zufolge zeichnen",30,3,3,2,1,16,in_scope,1,,,,,1,False,annotation-00002209|annotation-00002210,,,,False,False,False,False,1,True,147,10,False,False,False,False,,30,9efb7a7c3e8b6377,train
segment-1fdd3c26b08083b6bca6,segment-1fdd3c26b08083b6bca6-candidate-1,Auch die angebotene Webex-Sitzung diente dem Beziehungsaspekt und sollte den lernenden zusätzlich ein Gesicht zu den Referenten bieten,61,2,1,1,2,87,in_scope,1,,,,,1,False,annotation-00008025,,,,False,False,False,False,1,True,134,10,False,False,False,False,,61,3faf840a033c018d,train
segment-1fdd45f74cfcf001a265,segment-1fdd45f74cfcf001a265-candidate-1,"Außerdem wäre es gut, eine korrekte Musterlösung anzubieten. Diese muss von den SuS nicht kopiert werden aber könnte ihnen zeigen, welche Teile ihre eigene Lösung enthalten müsste, um den Blutkreislauf möglichst korrekt darzustellen.",42,4,4,2,1,65,in_scope,1,,,,,1,False,annotation-00002990|annotation-00002991,,,,False,False,False,False,1,True,233,10,False,False,False,False,,42,734cce279690eadc,test
segment-1fed8962ffcbe5da1523,segment-1fed8962ffcbe5da1523-candidate-1,n den anderen beiden   Videos waren die SchülerInnen selbst aktiv.,212,7,3,2,4,13,in_scope,1,,,,,1,False,annotation-00023423|annotation-00023424,,,,False,False,False,False,1,True,66,10,False,False,False,False,,212,6fd026ce8e8388c4,train
segment-20051d0543f374c277f4,segment-20051d0543f374c277f4-candidate-1,"Es ist positiv zu bewerten, dass die Lehrkraft die  
fehlende Antwort nicht einfach nennt, sondern den Schüler:innen Tipps gibt, um selbst auf die  
richtige Antwort zu kommen",214,10,3,2,4,6,in_scope,1,,,,,1,False,annotation-00023151|annotation-00023152,,,,False,False,False,False,1,True,175,10,False,False,False,False,,214,c98254afde32e9a1,train
segment-202be89b12e3a3e49c70,segment-202be89b12e3a3e49c70-candidate-1,In der folgenden Reflexion wird eine Biologie-Unterrichtsstunde in einer achten Klasse zu dem Thema Blutkreislauf behandelt. Der Klassenumfang beträgt 15 Schüler*innen und eine Lehrkraft.,49,28,5,1,1,1,in_scope,1,,,,,1,False,annotation-00006489,,,,False,False,False,False,1,True,187,10,False,False,False,False,,49,66113b8d0b6fb170,test
segment-203623c1d67779c77214,segment-203623c1d67779c77214-candidate-1,Letztlich wurde am Ende der Unterrichtsstunde nicht überprüft ob alle SuS den Inhalt auch angemessen durchdrungen und verinnerlicht haben.,28,61,2,2,1,37,in_scope,1,,,,,1,False,annotation-00003928,,,,False,False,False,False,1,True,138,10,False,False,False,False,,28,fc0d3d4da2709c9b,train
segment-204730500650d9a15dbf,segment-204730500650d9a15dbf-candidate-1,"Dies wäre in 
einer normalen Unterrichtssituation kontra produktiv, da die Schüler*innen nicht mehr im 
Blick sind und so gegebenenfalls sich anderweitig beschäftigen",100,43,3,2,2,35,in_scope,1,,,,,1,False,annotation-00008798|annotation-00008799,,,,False,False,False,False,1,True,166,10,False,False,False,False,,100,ef200883f78ba4bc,train
segment-2072af8dd73bc14e34ef,segment-2072af8dd73bc14e34ef-candidate-1,Außerdem konnte durch diese Unterschiede ein weiterer Bezug zu dem Basiskonzept Angepasstheit und Variabilität anhand der Evolutionstheorie hergestellt werden,110,28,5,1,2,10,in_scope,1,,,,,1,False,annotation-00014931,,,,False,False,False,False,1,True,158,10,False,False,False,False,,110,66113b8d0b6fb170,test
segment-20996452705138d6e1bb,segment-20996452705138d6e1bb-candidate-1,"Dabei lässt diese die jeweiligen  
Aussagen unbewertet",41,54,3,2,1,11,in_scope,1,,,,,1,False,annotation-00000845|annotation-00000846,,,,False,False,False,False,1,True,54,10,False,False,False,False,,41,ed2e1db7eb20f852,train
segment-20cb2f0b8827433d3f38,segment-20cb2f0b8827433d3f38-candidate-1,"Da die Schülerinnen  
und Schüler bislang nur kaum Berührungspunkte zu (molekular-)biologischen Arbeitsweisen  
hatten und der Workshop viele verschiedene Abläufe umfasst, ist es wichtig, dass alle  
Schülerinnen und Schüler die nachfolgenden Arbeitsschritte verstehen.",89,3,3,2,2,26,in_scope,1,,,,,1,False,annotation-00010711|annotation-00010712,,,,False,False,False,False,1,True,269,10,False,False,False,False,,89,9efb7a7c3e8b6377,train
segment-21b859208a0560645a29,segment-21b859208a0560645a29-candidate-1,"Am Anfang des Workshops wurde der Klasse von einer Mitstudentin ein Mordfall  
mithilfe von ausgedruckten Bildern und einer Geschichte präsentiert",158,33,3,2,3,1,in_scope,1,,,,,1,False,annotation-00017713|annotation-00017714,,,,False,False,False,False,1,True,146,10,False,False,False,False,,158,fd1a055c1ca13050,test
segment-21be49f064814cecc8a7,segment-21be49f064814cecc8a7-candidate-1,"Die Methode Think – Pair – Share ermöglicht zudem, dass sich alle SchülerInnen   beteiligen können, was in einem Unterrichtsgespräch im Plenum nicht möglich wäre.",90,7,3,2,2,111,in_scope,1,,,,,1,False,annotation-00010648|annotation-00010649,,,,False,False,False,False,1,True,162,10,False,False,False,False,,90,6fd026ce8e8388c4,train
segment-22495036b4a3543cb249,segment-22495036b4a3543cb249-candidate-1,"Ein weiterer Vorteil einer Power-Point Präsentation ist, dass die SuS untereinander die  
Präsentationen austauschen und so zu einem späteren Zeitpunkt noch auf die Ergebnisse  
zurückgreifen könnten",221,40,3,2,4,49,in_scope,1,,,,,1,False,annotation-00022483|annotation-00022484,,,,False,False,False,False,1,True,199,10,False,False,False,False,,221,cf54d4a96848c26d,test
segment-2270a1f7ca8975eac3f8,segment-2270a1f7ca8975eac3f8-candidate-1,"Es ist wichtig, dass die Schüler:innen eine Präsentation zu ihrem Experiment  
erstellen müssen, um sicherzustellen, dass alle Einsicht in die anderen Experimente haben.",214,10,3,2,4,62,in_scope,1,,,,,1,False,annotation-00023258|annotation-00023259,,,,False,False,False,False,1,True,169,10,False,False,False,False,,214,c98254afde32e9a1,train
segment-22cf289c57e15e5964d1,segment-22cf289c57e15e5964d1-candidate-1,Das Forum war demnach als anregender Austausch mit praxisorientiertem Schulbezug gedacht,62,30,1,1,2,47,in_scope,1,,,,,1,False,annotation-00007845,,,,False,False,False,False,1,True,88,10,False,False,False,False,,62,94dd5be7b479f16e,train
segment-22e54cfad5832e9e1083,segment-22e54cfad5832e9e1083-candidate-1,"Gut ist die Idee der gemeinsamen Herleitung einer Problemstellung der  
Unterrichtsstunde.",29,27,3,2,1,17,in_scope,1,,,,,1,False,annotation-00001486|annotation-00001487,,,,False,False,False,False,1,True,90,10,False,False,False,False,,29,2b1a36ed00f62e21,train
segment-22e7c1288e4c86dc2b70,segment-22e7c1288e4c86dc2b70-candidate-1,"Es ist positiv zu bewerten, dass die Lehrkraft nachfragt, ob alle den Celine Bollmann cesa12 RUPM SoSe 2023 
Arbeitsauftrag verstanden haben",214,10,3,2,4,28,in_scope,1,,,,,1,False,annotation-00023194|annotation-00023195,,,,False,False,False,False,1,True,140,10,False,False,False,False,,214,c98254afde32e9a1,train
segment-22f44ab0b07ebb2ac8a7,segment-22f44ab0b07ebb2ac8a7-candidate-1,Auch werden Schwierigkeiten angesprochen,40,43,3,2,1,27,in_scope,1,,,,,1,False,annotation-00000794|annotation-00000795,,,,False,False,False,False,1,True,40,10,False,False,False,False,,40,ef200883f78ba4bc,train
segment-22fe8b4a89314034f2cd,segment-22fe8b4a89314034f2cd-candidate-1,"edoch geht die Lehrkraft bei der Diskussion nicht auf  
die Antworten ein und fordert auch keine Begründung der Antworten.",33,10,3,2,1,27,in_scope,1,,,,,1,False,annotation-00001856|annotation-00001857,,,,False,False,False,False,1,True,122,10,False,False,False,False,,33,c98254afde32e9a1,train
segment-230c29b7c3a7e495ff6d,segment-230c29b7c3a7e495ff6d-candidate-1,So wurde die   Kommunikationskompetenz der gefördert.,90,7,3,2,2,89,in_scope,1,,,,,1,False,annotation-00010601|annotation-00010602,,,,False,False,False,False,1,True,53,10,False,False,False,False,,90,6fd026ce8e8388c4,train
segment-23887950b4290b51c57f,segment-23887950b4290b51c57f-candidate-1,Im Anschluss daran kam eine Inputphase zum Thema DNA.,96,33,3,2,2,17,in_scope,1,,,,,1,False,annotation-00009486|annotation-00009487,,,,False,False,False,False,1,True,53,10,False,False,False,False,,96,fd1a055c1ca13050,test
segment-23d3d8ac860eae2e7140,segment-23d3d8ac860eae2e7140-candidate-1,"Um dies zu umgehen, ist es manchmal sinnvoll, die Lernenden direkt mit ihrem Namen anzusprechen.",186,30,1,1,4,13,in_scope,1,,,,,1,False,annotation-00021341|annotation-00021342,,,,False,False,False,False,1,True,96,10,False,False,False,False,,186,94dd5be7b479f16e,train
segment-2429be17693836b3e284,segment-2429be17693836b3e284-candidate-1,"Während dieser Begründung haben sie versucht, Fachbegriffe zu verwenden.",121,51,5,2,2,78,in_scope,1,,,,,1,False,annotation-00016162|annotation-00016163,,,,False,False,False,False,1,True,72,10,False,False,False,False,,121,0e3a4017f81e8c8c,train
segment-248121dbb9baa5f28a8b,segment-248121dbb9baa5f28a8b-candidate-1,Durch Gespräche im Vorhinein wurde deutlich dass einige das präzise Vergleichen verinnerlicht hatten und auch im Stande sind adäquat auszudrücken wie sie zu ihrem Ergebnis gekommen waren,86,41,2,2,2,64,in_scope,1,,,,,1,False,annotation-00013198|annotation-00013199,,,,False,False,False,False,1,True,186,10,False,False,False,False,,86,4b146d61ab8738ab,train
segment-24902b90d6c97f5fc4a8,segment-24902b90d6c97f5fc4a8-candidate-1,"Zudem stellt das  
Arbeitsblatt eine wichtige Hilfestellung für Schüler*innen dar, worauf sie bei Bedarf  
zurückgreifen können.",95,27,3,2,2,81,in_scope,1,,,,,1,False,annotation-00009707|annotation-00009708,,,,False,False,False,False,1,True,128,10,False,False,False,False,,95,2b1a36ed00f62e21,train
segment-24d64c2841058f14e250,segment-24d64c2841058f14e250-candidate-1,"So aktivierte der gewählte Unterrichtseinstieg zwar die  
Vorkenntnisse und das Vorwissen der SchülerInnen, jedoch wurde keine Methode  
durchgeführt, um die Vorstellungen oder Vorkenntnisse der SchülerInnen zu erheben.",91,8,3,2,2,14,in_scope,1,,,,,1,False,annotation-00010308|annotation-00010309,,,,False,False,False,False,1,True,219,10,False,False,False,False,,91,010765bfd40e73e6,train
segment-24ed45904e7909184ccb,segment-24ed45904e7909184ccb-candidate-1,"Hier hätten die studentischen Lehrpersonen  
beispielsweise nachfragen können, welche exakten Bestandteile der DNA den SchülerInnen  
bekannt sind oder welche fachlichen Ausdrücke ihnen bereits bekannt sind.",91,8,3,2,2,73,in_scope,1,,,,,1,False,annotation-00010410|annotation-00010411,,,,False,False,False,False,1,True,207,10,False,False,False,False,,91,010765bfd40e73e6,train
segment-25aa3795732db4dfafee,segment-25aa3795732db4dfafee-candidate-1,Die kognitive Aktivierung sollte an dieser Stelle also nochmals durchdacht werden; der Blutkreislauf sollte von Seiten der Lehrperson von Beginn an nachgefragt werden,32,8,3,2,1,10,in_scope,1,,,,,1,False,annotation-00001956|annotation-00001957,,,,False,False,False,False,1,True,166,10,False,False,False,False,,32,010765bfd40e73e6,train
segment-25f9393ab174bb3e1f0b,segment-25f9393ab174bb3e1f0b-candidate-1,"Ich finde es gut, dass die SuS ihre Ergebnisse präsentieren, erläutern und Fachbegriffe nennen müssen.",53,56,5,1,1,51,in_scope,1,,,,,1,False,annotation-00006331|annotation-00006332,,,,False,False,False,False,1,True,102,10,False,False,False,False,,53,39eda616cf7b1aaa,dev
segment-261664d99294f5479386,segment-261664d99294f5479386-candidate-1,"Zunächst erfolgte eine kurze Wiederholung der bisherigen  
Arbeitsschritte und der Geschichte, um den Schüler*innen nochmals einen klaren  
Überblick zu verschaffen",94,16,3,2,2,47,in_scope,1,,,,,1,False,annotation-00009850|annotation-00009851,,,,False,False,False,False,1,True,164,10,False,False,False,False,,94,7c587cc9ab214913,train
segment-261ccf56fd9126ead9f9,segment-261ccf56fd9126ead9f9-candidate-1,"Wenn eine Input Phase anstand, wurden sie schnell ruhig und haben ihre   Aufmerksamkeit nach vorne gerichtet.",152,7,3,2,3,44,in_scope,1,,,,,1,False,annotation-00018138|annotation-00018139,,,,False,False,False,False,1,True,109,10,False,False,False,False,,152,6fd026ce8e8388c4,train
segment-2627d358c5000210ea79,segment-2627d358c5000210ea79-candidate-1,Auch der Abschluss und die Ergebnissicherung war sehr von den SuS geprägt und die Lehrerinn nahm eine unterstützende und moderierende Rolle ein,1,2,1,1,1,13,in_scope,1,,,,,1,False,annotation-00002454,,,,False,False,False,False,1,True,143,10,False,False,False,False,,1,3faf840a033c018d,train
segment-26868ce6d7553160d74d,segment-26868ce6d7553160d74d-candidate-1,"Hierdurch ist davon auszugehen, dass sie unterstützende Rückmeldungen gibt,   sodass der weitere Lernprozess der Schüler*innen stattfinden kann (2:15, Video 2).",217,27,3,2,4,32,in_scope,1,,,,,1,False,annotation-00022851|annotation-00022852,,,,False,False,False,False,1,True,160,10,False,False,False,False,,217,2b1a36ed00f62e21,train
segment-268d92658920dabe3eb2,segment-268d92658920dabe3eb2-candidate-1,"Eine äußere Differenzierung ist   dadurch gegeben, dass in diesem Kurs nur Lernende sind, die sich für das Fach   Biologie interessieren und auch über ein bestimmtes Niveau und Vorwissen in   Biologie verfügen.",212,7,3,2,4,63,in_scope,1,,,,,1,False,annotation-00023509|annotation-00023510,,,,False,False,False,False,1,True,210,10,False,False,False,False,,212,6fd026ce8e8388c4,train
segment-2696ec956816e77f5585,segment-2696ec956816e77f5585-candidate-1,"Schön zu beobachten war die Teilnahme der Schülerinnen und Schüler, die durch die kognitive  
Aktivierung und Aktivierung der Problemlösefähigkeit gefördert wurde",98,39,3,2,2,17,in_scope,1,,,,,1,False,annotation-00009246|annotation-00009247,,,,False,False,False,False,1,True,162,10,False,False,False,False,,98,8471822e1d4ebecc,train
segment-26a63d905a242cf8a6c4,segment-26a63d905a242cf8a6c4-candidate-1,"-Hier war es gut, dass sich die anderen Workshop-Gruppenmitglieder an die einzelnen Gruppentische verteilt haben und den Schüler:innen bei  
Rückfragen helfen konnten",92,10,3,2,2,80,in_scope,1,,,,,1,False,annotation-00010235|annotation-00010236,,,,False,False,False,False,1,True,166,10,False,False,False,False,,92,c98254afde32e9a1,train
segment-26c0f9a2733afc473def,segment-26c0f9a2733afc473def-candidate-1,"So erkennen Schüler*innen im Verlauf der Wissensaneignung ihre  
Fehlvorstellungen, können das neu gelernte Wissen in ihr bestehendes Konzept  
einordnen und verändern.",29,27,3,2,1,32,in_scope,1,,,,,1,False,annotation-00001510|annotation-00001511,,,,False,False,False,False,1,True,168,10,False,False,False,False,,29,2b1a36ed00f62e21,train
segment-26d0e8e9191141b2539e,segment-26d0e8e9191141b2539e-candidate-1,"Da uns bei der Planung nicht bewusst 
war, dass die Klasse das Thema Genetik noch nicht im Unterricht behandelt hat,  waren manche Informationen zu tief für die Klasse. Zusätzlich hätte man sich im 
Vorhinein überlegen können, wie man das Video an leistungsschwächere SuS 
anpassen könnte, da es sich herausstellte, dass ein paar SuS eine Sprachbarriere 
haben",96,33,3,2,2,28,in_scope,1,,,,,1,False,annotation-00009507|annotation-00009508,,,,False,False,False,False,1,True,360,10,False,False,False,False,,96,fd1a055c1ca13050,test
segment-270a46f5cefaaf709dbb,segment-270a46f5cefaaf709dbb-candidate-1,"Um sicherzustellen, dass alle  
Schülerinnen und Schüler mit ähnlichen Voraussetzungen (in Hinblick auf das  
Grundlagenwissen) in die Experimente starten, hätte das Vorwissen an dieser Stelle mehr  
berücksichtigt und mögliche Wissenslücken aufgearbeitet werden müssen",211,3,3,2,4,31,in_scope,1,,,,,1,False,annotation-00023642|annotation-00023643,,,,False,False,False,False,1,True,269,10,False,False,False,False,,211,9efb7a7c3e8b6377,train
segment-270f851d6b136dbb8b8b,segment-270f851d6b136dbb8b8b-candidate-1,"Auch merkt man, dass die Abfrage von  
Vorwissen und Vorstellungen zu einer hohen Schüler*innen-Aktivität beiträgt.",38,39,3,2,1,18,in_scope,1,,,,,1,False,annotation-00001198|annotation-00001199,,,,False,False,False,False,1,True,115,10,False,False,False,False,,38,8471822e1d4ebecc,train
segment-2713c55c1cff00d357ba,segment-2713c55c1cff00d357ba-candidate-1,"Bereits in der Planung des Workshops war die Herausforderung für die Gruppe, den  
Fokus der Einheit und damit auch das Unterrichtsziel zu definieren",93,14,3,2,2,4,in_scope,1,,,,,1,False,annotation-00009899|annotation-00009900,,,,False,False,False,False,1,True,149,10,False,False,False,False,,93,7b4ac7e6dba86acb,dev
segment-27a184ce142bec1a2440,segment-27a184ce142bec1a2440-candidate-1,Ein weiterer Faktor ist hierbei die Lehrperson.,240,47,5,2,4,15,in_scope,1,,,,,1,False,annotation-00027970|annotation-00027971,,,,False,False,False,False,1,True,47,10,False,False,False,False,,240,5e026b3c944c5d13,train
segment-27e7692558f6a1ace365,segment-27e7692558f6a1ace365-candidate-1,"Dies war daran zu erkennen, dass sich viele am Einstieg mündlichen beteiligen",26,41,2,2,1,10,in_scope,1,,,,,1,False,annotation-00004249,,,,False,False,False,False,1,True,77,10,False,False,False,False,,26,4b146d61ab8738ab,train
segment-27e8a5bf04aafb5f96e7,segment-27e8a5bf04aafb5f96e7-candidate-1,"An manchen Stellen machte es jedoch ein wenig den Anschein, dass nicht immer alle direkt beim Unterrichtsgeschehen dabei waren.",117,23,5,2,2,24,in_scope,1,,,,,1,False,annotation-00016637|annotation-00016638,,,,False,False,False,False,1,True,127,10,False,False,False,False,,117,3999525a81ce4095,dev
segment-27f1a6cad25dfbf17b83,segment-27f1a6cad25dfbf17b83-candidate-1,"Insgesamt war ein respektvoller Umgang im gesamten Verlauf des Unterrichts zu  
beobachten",217,27,3,2,4,24,in_scope,1,,,,,1,False,annotation-00022838|annotation-00022839,,,,False,False,False,False,1,True,90,10,False,False,False,False,,217,2b1a36ed00f62e21,train
segment-2810b08736c60fad0d53,segment-2810b08736c60fad0d53-candidate-1,"Dies  
birgt wieder die Gefahr, dass manche in der Gruppe sich nicht richtig oder nur passiv  
mit dem Arbeitsauftrag befasst haben, nicht richtig bei der Sache waren und somit  
nicht der maximale Lernerfolg erzielt werden konnte.",215,14,3,2,4,67,in_scope,1,,,,,1,False,annotation-00023127|annotation-00023128,,,,False,False,False,False,1,True,231,10,False,False,False,False,,215,7b4ac7e6dba86acb,dev
segment-28646c46d32f9eb4568e,segment-28646c46d32f9eb4568e-candidate-1,"Denn „Unterricht ist klar strukturiert, wenn das Unterrichtsmanagement funktioniert und wenn sich ein „roter 
Faden“ 	durch 	die 	Stunde 	zieht, 	der 	für 	Lehrer und Schüler gleichermaßen gut zu erkennen ist.“ 2.",117,23,5,2,2,33,in_scope,1,,,,,1,False,annotation-00016662,,,,False,False,False,False,1,True,213,10,False,False,False,False,,117,3999525a81ce4095,dev
segment-287ea44eefbf49c6efac,segment-287ea44eefbf49c6efac-candidate-1,"Das zuvor sattgefundene Brainstorming zu  
möglichen Einflussfaktoren der Fotosynthese stellte Impulse als Anregung zum  
Nachdenken und Umsetzung für den weiteren Verlauf der Unterrichtsstunde dar.",217,27,3,2,4,20,in_scope,1,,,,,1,False,annotation-00022832|annotation-00022833,,,,False,False,False,False,1,True,198,10,False,False,False,False,,217,2b1a36ed00f62e21,train
segment-28b0c66670cc88665d7d,segment-28b0c66670cc88665d7d-candidate-1,"Beispielsweise  
bittet die Lehrkraft eine Schülerin nochmal zu erklären, inwiefern der Austausch des  
Blutes im Herzen von der Körperseite abhängt.",30,3,3,2,1,47,in_scope,1,,,,,1,False,annotation-00002273|annotation-00002274,,,,False,False,False,False,1,True,149,10,False,False,False,False,,30,9efb7a7c3e8b6377,train
segment-28f91122e90d310361d7,segment-28f91122e90d310361d7-candidate-1,"Ziel der Stunde war es, den Schüler*innen eine Einführung in die  
naturwissenschaftliche Arbeitsweisen zu geben und das Interesse der Schüler*innen  
für die Molekularbiologie zu wecken.",94,16,3,2,2,2,in_scope,1,,,,,1,False,annotation-00009770|annotation-00009771,,,,False,False,False,False,1,True,187,10,False,False,False,False,,94,7c587cc9ab214913,train
segment-292c2444f57380f1c66a,segment-292c2444f57380f1c66a-candidate-1,Die STR-Regionen wurden ebenfalls nur am Rande besprochen.,120,47,5,2,2,37,in_scope,1,,,,,1,False,annotation-00015895|annotation-00015896,,,,False,False,False,False,1,True,58,10,False,False,False,False,,120,5e026b3c944c5d13,train
segment-293776a6151b061ac394,segment-293776a6151b061ac394-candidate-1,"Ziel des Workshops war es ein möglichst breites Wissen zum Thema Früchte bzw. Samen zu erwerben und dabei sowohl auf bereits Gelerntes und damit auf das eigene Vorwissen zurückzugreifen (vertikale Vernetzung), als auch daran anzuknüpfen, sowie neu erworbenes Wissen in kognitiv aktivierenden Aufgaben wiederzugeben",62,30,1,1,2,8,in_scope,1,,,,,1,False,annotation-00007771,,,,False,False,False,False,1,True,314,10,False,False,False,False,,62,94dd5be7b479f16e,train
segment-293e62e88dd1f49ac656,segment-293e62e88dd1f49ac656-candidate-1,"Die SchülerInnen haben lediglich  
ihre Zeichnungen präsentiert und überarbeitet.",30,3,3,2,1,74,in_scope,1,,,,,1,False,annotation-00002322|annotation-00002323,,,,False,False,False,False,1,True,81,10,False,False,False,False,,30,9efb7a7c3e8b6377,train
segment-293f1cba90251209805f,segment-293f1cba90251209805f-candidate-1,"Diese Gruppengröße war aufgrund des  
begrenzten Materials etwas zu groß",99,40,3,2,2,39,in_scope,1,,,,,1,False,annotation-00009118|annotation-00009119,,,,False,False,False,False,1,True,72,10,False,False,False,False,,99,cf54d4a96848c26d,test
segment-2950bb947ed29ca7749c,segment-2950bb947ed29ca7749c-candidate-1,"Möglich wäre, dass man die Stunde hier ein wenig aufdröselt und in zwei Doppelstunden aufteilt",86,41,2,2,2,49,in_scope,1,,,,,1,False,annotation-00013168,,,,False,False,False,False,1,True,94,10,False,False,False,False,,86,4b146d61ab8738ab,train
segment-2965e4336f48addfb154,segment-2965e4336f48addfb154-candidate-1," Auch das der wissenschaftliche 
Aspekt und wissen über den Ablauf eines Experimentes oder einer Studie stellt sich als sehrrelevant für die künftige Generationen. ",222,43,3,2,4,80,in_scope,1,,,,,1,False,annotation-00022377|annotation-00022378,,,,False,False,False,False,1,True,162,10,False,False,False,False,,222,ef200883f78ba4bc,train
segment-296609de123958903194,segment-296609de123958903194-candidate-1,"In Zukunft sollte auf Tools zurückgegriffen werden,   die in der Handhabbarkeit einfacher und effizienter sind.",74,55,2,1,2,128,in_scope,1,,,,,1,False,annotation-00014603|annotation-00014604,,,,False,False,False,False,1,True,111,10,False,False,False,False,,74,45eb80c6912d4c20,dev
segment-2987279677e0c0665e62,segment-2987279677e0c0665e62-candidate-1,Auch der Kontext wird aus den Videosequenzen nicht klar ersichtlich.,207,20,2,2,4,8,in_scope,1,,,,,1,False,annotation-00024844|annotation-00024845,,,,False,False,False,False,1,True,68,10,False,False,False,False,,207,5257a952b667ebc3,train
segment-29b180a8d536f0fbc475,segment-29b180a8d536f0fbc475-candidate-1,"Genauso hat sie bei den Vorstellungen der Ergebnisse 
konstruktiv Feedback gegeben und die Schüler und Schülerinnen nochmals animiert 
ihre Ergebnisse zu hinterfragen bzw. andere Schüler und Schülerinnen damit  
beauftragt, die Ergebnisse zu hinterfragen oder zu verbessern",36,33,3,2,1,35,in_scope,1,,,,,1,False,annotation-00001439|annotation-00001440,,,,False,False,False,False,1,True,273,10,False,False,False,False,,36,fd1a055c1ca13050,test
segment-29bf03300dc02f1ac774,segment-29bf03300dc02f1ac774-candidate-1,"Durch die schriftliche Sicherung auf dem White  
Board können die MitschülerInnen den Aufbau, den Ablauf sowie die Ergebnisse der jeweiligen  
Gruppe nachvollziehen und gezielt Fragen stellen.",211,3,3,2,4,60,in_scope,1,,,,,1,False,annotation-00023690|annotation-00023691,,,,False,False,False,False,1,True,192,10,False,False,False,False,,211,9efb7a7c3e8b6377,train
segment-29fd684fdc7a5f99fa22,segment-29fd684fdc7a5f99fa22-candidate-1,"Da keine Differenzierung bzw. zusätzliche Hilfestellungen  
angeboten wurden, bleibt unklar, inwiefern vor allem lernschwächere SchülerInnen 
den Inhalt verstanden haben.",30,3,3,2,1,64,in_scope,1,,,,,1,False,annotation-00002307|annotation-00002308,,,,False,False,False,False,1,True,170,10,False,False,False,False,,30,9efb7a7c3e8b6377,train
segment-2a17864e20f538c6af3f,segment-2a17864e20f538c6af3f-candidate-1,"Arbeitsschritte 
sind deutlich sichtbar und kleinschrittig an der Tafel angebracht",40,43,3,2,1,19,in_scope,1,,,,,1,False,annotation-00000772|annotation-00000773,,,,False,False,False,False,1,True,82,10,False,False,False,False,,40,ef200883f78ba4bc,train
segment-2a4aa9aed253166c6a2c,segment-2a4aa9aed253166c6a2c-candidate-1,"Gegen Ende der Sitzung sollten ausgewählte 
Fotografien der eigen hergestellten Modelle gezeigt und kurz vorgestellt werden, d.h. erklärt werden, warum sie ihr Modell so gebaut haben und was man an diesem gut zeigen kann.",69,17,1,2,2,41,in_scope,1,,,,,1,False,annotation-00011526|annotation-00011527,,,,False,False,False,False,1,True,221,10,False,False,False,False,,69,423489dd4b4c0912,train
segment-2a4c3fe3a9072d17bab5,segment-2a4c3fe3a9072d17bab5-candidate-1,"Für mich als Lehrerin wäre es an dieser Stelle aus den  
genannten Gründen wichtig gewesen, das Wissen der Schülerinnen und Schüler zu  
reaktivieren und schon an der Stelle des Einstiegs für aktive Mitarbeit zu sorgen, anstatt die  
Fakten nur darzulegen.",220,39,3,2,4,10,in_scope,1,,,,,1,False,annotation-00022558|annotation-00022559,,,,False,False,False,False,1,True,256,10,False,False,False,False,,220,8471822e1d4ebecc,train
segment-2a62eb000ec65aabe8d6,segment-2a62eb000ec65aabe8d6-candidate-1,"Für meine  
Lehrerinnenpersönlichkeit fehlt es jedoch an Sympathie, Klarheit und Struktur, was für  
meinen Unterricht essenzielle Komponenten sind.",220,39,3,2,4,65,in_scope,1,,,,,1,False,annotation-00022659|annotation-00022660,,,,False,False,False,False,1,True,148,10,False,False,False,False,,220,8471822e1d4ebecc,train
segment-2a985f5de4938c484c21,segment-2a985f5de4938c484c21-candidate-1,"Die Lehrkraft zeigte während der Unterrichtsstunde stets eine sehr gute Fachsprache, welche für die 
Schüler*Innen verständlich war",26,41,2,2,1,47,in_scope,1,,,,,1,False,annotation-00004324,,,,False,False,False,False,1,True,131,10,False,False,False,False,,26,4b146d61ab8738ab,train
segment-2ac91784bae0b3dba54e,segment-2ac91784bae0b3dba54e-candidate-1,Leider unterbrach die Lehrerin die erste Schülerin immer wieder während ihrem Vortrag,26,41,2,2,1,56,in_scope,1,,,,,1,False,annotation-00004343,,,,False,False,False,False,1,True,85,10,False,False,False,False,,26,4b146d61ab8738ab,train
segment-2ad300b418e7182226e5,segment-2ad300b418e7182226e5-candidate-1,Hier wiederholt sich das weiter oben angesprochene Problem.,213,8,3,2,4,57,in_scope,1,,,,,1,False,annotation-00023373|annotation-00023374,,,,False,False,False,False,1,True,59,10,False,False,False,False,,213,010765bfd40e73e6,train
segment-2ad872b72d7758babbd5,segment-2ad872b72d7758babbd5-candidate-1,"Auch andere Medien wie beispielsweise die Tafel oder digitale  
Lernangebote und Darstellungen zu den jeweiligen Schwerpunkten wären geeignet.",41,54,3,2,1,90,in_scope,1,,,,,1,False,annotation-00000994|annotation-00000995,,,,False,False,False,False,1,True,142,10,False,False,False,False,,41,ed2e1db7eb20f852,train
segment-2af8005f6b67a954ee28,segment-2af8005f6b67a954ee28-candidate-1,"Aufgrund eines Stromausfalls wurden  
einige der Schritte an der Tafel aufgeführt.",92,10,3,2,2,31,in_scope,1,,,,,1,False,annotation-00010143|annotation-00010144,,,,False,False,False,False,1,True,82,10,False,False,False,False,,92,c98254afde32e9a1,train
segment-2b0a3896289cd4335f76,segment-2b0a3896289cd4335f76-candidate-1,"Eine der Lehrerinnen hat dann sofort   reingerufen, dass 15 Minuten Pause besser wären",152,7,3,2,3,27,in_scope,1,,,,,1,False,annotation-00018098|annotation-00018099,,,,False,False,False,False,1,True,86,10,False,False,False,False,,152,6fd026ce8e8388c4,train
segment-2b9346475d95b05c8ef0,segment-2b9346475d95b05c8ef0-candidate-1,"Mit der Gelelektrophorese hätten Thesen zur Überführung des Täters herangeführt werden können, die überprüft werden müssen, um die These beziehungsweise Anschuldigungen zu beweisen",184,2,1,1,4,14,in_scope,1,,,,,1,False,annotation-00021425,,,,False,False,False,False,1,True,180,10,False,False,False,False,,184,3faf840a033c018d,train
segment-2bce72dc28df20288c70,segment-2bce72dc28df20288c70-candidate-1,"Auf Grundlage dessen sollen die  
Schülerinnen und Schüler dazu aktiviert werden, das Thema der Stunde zu erraten.",38,39,3,2,1,3,in_scope,1,,,,,1,False,annotation-00001171|annotation-00001172,,,,False,False,False,False,1,True,114,10,False,False,False,False,,38,8471822e1d4ebecc,train
segment-2bdcc48797501922afe1,segment-2bdcc48797501922afe1-candidate-1,"Es ist zu überlegen, ob eine noch weitere didaktische  
Reduktion, gegebenenfalls auf drei Niveaustufen hätte erfolgen müssen, damit das  
Niveau an alle angepasst ist.",95,27,3,2,2,83,in_scope,1,,,,,1,False,annotation-00009710|annotation-00009711,,,,False,False,False,False,1,True,168,10,False,False,False,False,,95,2b1a36ed00f62e21,train
segment-2be0d74382e4f86fbad0,segment-2be0d74382e4f86fbad0-candidate-1,"Abschließend lässt sich zusammenfassen, dass es sich in vielen Punkten um einen studierendenorientierten Workshop gehandelt hat, der den Student*innen die Möglichkeit gab, in verschiedenen Arbeitsformen zu arbeiten und ihre Ergebnisse am Ende gemeinsam zu sichern",110,28,5,1,2,50,in_scope,1,,,,,1,False,annotation-00015026,,,,False,False,False,False,1,True,263,10,False,False,False,False,,110,66113b8d0b6fb170,test
segment-2c0bff4fccf1f7fb4da8,segment-2c0bff4fccf1f7fb4da8-candidate-1,"Zum einen wurde ein reales Objekt, das Dextro Energy Produkt, einbezogen und verschiedene von den Lernenden genutzte Arbeitstechniken, wie markieren der Problemstellen und der wichtigen Informationen im Text, reflektieren in Form von Vorwissen notieren, präsentieren, Fragen stellen und zuletzt die Texterschließung durch das Bearbeiten der ABs, angewendet.",8,17,1,2,1,67,in_scope,1,,,,,1,False,annotation-00000691|annotation-00000692,,,,False,False,False,False,1,True,357,10,False,False,False,False,,8,423489dd4b4c0912,train
segment-2c3b21a4409d3afa7d77,segment-2c3b21a4409d3afa7d77-candidate-1,"Bei der Gruppenzusammensetzung handelt es sich um innere horizontale Differenzierung, da sich die 
Gruppen nach Interesse gebildet haben.",183,57,5,2,3,15,in_scope,1,,,,,1,False,annotation-00021014|annotation-00021015,,,,False,False,False,False,1,True,137,10,False,False,False,False,,183,d1fbfe5e3fb609be,train
segment-2c723ccd636b8be0e9ed,segment-2c723ccd636b8be0e9ed-candidate-1,"Dies wird am Ende der Unterrichtsstunde erreicht, indem die Lehrkräfte die  
zentralen Inhalte der Stunde gemeinsam mit der Klasse wiederholen.",89,3,3,2,2,52,in_scope,1,,,,,1,False,annotation-00010756|annotation-00010757,,,,False,False,False,False,1,True,143,10,False,False,False,False,,89,9efb7a7c3e8b6377,train
segment-2c837e37c49fe28188d9,segment-2c837e37c49fe28188d9-candidate-1,"Dies ist an diese Stelle zwar nur eine  
Vermutung, aber leider stellt diese eine große Problematik dar bei Gruppenarbeiten",213,8,3,2,4,62,in_scope,1,,,,,1,False,annotation-00023379|annotation-00023380,,,,False,False,False,False,1,True,123,10,False,False,False,False,,213,010765bfd40e73e6,train
segment-2cba6a29a4b4c065c656,segment-2cba6a29a4b4c065c656-candidate-1,"Es wurde darauf  
geachtet, dass die Regeln eingehalten wurden, insbesondere die Verwendung der  
Pipettenspitzen, da diese sehr teuer sind und leicht beschädigt werden können",92,10,3,2,2,46,in_scope,1,,,,,1,False,annotation-00010176|annotation-00010177,,,,False,False,False,False,1,True,175,10,False,False,False,False,,92,c98254afde32e9a1,train
segment-2cc65d4eeb6e1953c247,segment-2cc65d4eeb6e1953c247-candidate-1,"Inwieweit jede*r Schüler*inn dies auch durchdrungen hat, ist durch die gesehene Stunde nicht ganz zu beantworten da viel über die Vorstellungen der Schüler*innen geredet wurde, aber keine klare Lösung am Ende der Stunde festgehalten wurde.",47,6,5,1,1,32,in_scope,1,,,,,1,False,annotation-00006161|annotation-00006162,,,,False,False,False,False,1,True,239,10,False,False,False,False,,47,97ee8f2854716d8e,train
segment-2d0b1c6d47aeaef18925,segment-2d0b1c6d47aeaef18925-candidate-1,"Problematisch an der gewählten Methode und Durchführung ist vor allem der  
fehlende Bezug zu dem Vorwissen der SchülerInnen",91,8,3,2,2,65,in_scope,1,,,,,1,False,annotation-00010395|annotation-00010396,,,,False,False,False,False,1,True,124,10,False,False,False,False,,91,010765bfd40e73e6,train
segment-2d7b6178aad86a9ecb35,segment-2d7b6178aad86a9ecb35-candidate-1,"Die Fragen zu sammeln ist sinnvoll, allerdings sollte auch kommuniziert werden, was danach mit den gesammelten Fragen passiert.",42,4,4,2,1,36,in_scope,1,,,,,1,False,annotation-00002926,,,,False,False,False,False,1,True,127,10,False,False,False,False,,42,734cce279690eadc,test
segment-2da82a2a762bfe4b6ab4,segment-2da82a2a762bfe4b6ab4-candidate-1,"Nachdem alle Verdächtigen  
vorgestellt wurden, hatten die Schüler*innen die Möglichkeit, ihre Vermutungen über den  
Täter abzugeben.",92,10,3,2,2,14,in_scope,1,,,,,1,False,annotation-00010116|annotation-00010117,,,,False,False,False,False,1,True,134,10,False,False,False,False,,92,c98254afde32e9a1,train
segment-2dc6c62418293c27b298,segment-2dc6c62418293c27b298-candidate-1,"Da mit richtiger DNA gearbeitet wurde und diese anschließend verglichen und ausgewertet werden musste wurden auch hier drei von vier Sternen gegeben, da dies essenziell für den Erfolg der Stunde war.",84,5,2,2,2,50,in_scope,1,,,,,1,False,annotation-00012909|annotation-00012910,,,,False,False,False,False,1,True,199,10,False,False,False,False,,84,cd38e7c2d4a56e90,train
segment-2dd7079e0207ca3ee36e,segment-2dd7079e0207ca3ee36e-candidate-1,"Da bei diesem Unterricht die praktische Arbeit im Fokus stand haben die SuS die meiste Zeit 
in ihrem Tischgruppen molekularbiologische Arbeitsschritte durchgeführt",99,40,3,2,2,30,in_scope,1,,,,,1,False,annotation-00009103|annotation-00009104,,,,False,False,False,False,1,True,164,10,False,False,False,False,,99,cf54d4a96848c26d,test
segment-2df950df67091ecc506c,segment-2df950df67091ecc506c-candidate-1,Das neu angeeignete Wissen sollen die SuS im folgenden Schritt erneut anhand der Zeichnung des Blutkreislaufes in einem zweiten Umriss eines Körpers einzeichnen und ihre markierten Problemstellen der ersten Zeichnung verbessern.,43,26,4,2,1,46,in_scope,1,,,,,1,False,annotation-00003090|annotation-00003091,,,,False,False,False,False,1,True,228,10,False,False,False,False,,43,d9e814e2d3def543,train
segment-2e678da0f79e2634c1c6,segment-2e678da0f79e2634c1c6-candidate-1,"Neben der Förderung dieser fachlichen Kompetenzen, wird durch das Experimentieren auch  
die Eigentätigkeit der SuS sowie ihre Handlungskompetenz gefördert.",221,40,3,2,4,28,in_scope,1,,,,,1,False,annotation-00022438|annotation-00022439,,,,False,False,False,False,1,True,156,10,False,False,False,False,,221,cf54d4a96848c26d,test
segment-2e698d73cf081ee4b3b5,segment-2e698d73cf081ee4b3b5-candidate-1,"Die SuS sollten selber nach Bedarf mindestens zwei der vier Arbeitsblätter auswählen, um im Anschluss eine neue korrigierte Version der Zeichnung anzufertigen",8,17,1,2,1,31,in_scope,1,,,,,1,False,annotation-00000583,,,,False,False,False,False,1,True,158,10,False,False,False,False,,8,423489dd4b4c0912,train
segment-2e80ead81d865bc83f50,segment-2e80ead81d865bc83f50-candidate-1,"In unserem Unterricht wurden die Aufgabenstellungen an alle gleich gestellt, es gab keine konkrete Differenzierung in verschiedene Niveaustufen und auch keine Zusatzaufgaben für Leistungsstarke.",183,57,5,2,3,3,in_scope,1,,,,,1,False,annotation-00020985|annotation-00020986,,,,False,False,False,False,1,True,194,10,False,False,False,False,,183,d1fbfe5e3fb609be,train
segment-2e93566d84a75fa0be8d,segment-2e93566d84a75fa0be8d-candidate-1,"An dieser Stelle  
wäre es sinnvoll gewesen, ein anderes „Phänomen“ als Einstieg zu wählen, bei dem der  
Zusammenhang zum HKS sowie die Bedeutung und Relevanz des HKS für das Leben der  
SuS deutlicher geworden wäre",39,40,3,2,1,9,in_scope,1,,,,,1,False,annotation-00001036|annotation-00001037,,,,False,False,False,False,1,True,216,10,False,False,False,False,,39,cf54d4a96848c26d,test
segment-2ef471695e78b59bd692,segment-2ef471695e78b59bd692-candidate-1,Wichtig war vor allem das Vorwis-sen zu den Merkmalen einzelner Pflanzenfamilien sowie zum allgemeinen Aufbau einer Pflanze,74,55,2,1,2,89,in_scope,1,,,,,1,False,annotation-00014521|annotation-00014522,,,,False,False,False,False,1,True,123,10,False,False,False,False,,74,45eb80c6912d4c20,dev
segment-2f097a2f1c32a751f5a7,segment-2f097a2f1c32a751f5a7-candidate-1,Die Schüler:innen arbeiteten in Kleingruppen und gossen das Agarose-Gel.,92,10,3,2,2,27,in_scope,1,,,,,1,False,annotation-00010137|annotation-00010138,,,,False,False,False,False,1,True,72,10,False,False,False,False,,92,c98254afde32e9a1,train
segment-2f5a9132e30e7fa78e45,segment-2f5a9132e30e7fa78e45-candidate-1,"Am Ende der Unterrichtsstunde wissen die Schüler*innen, wie das Blut durch  
den Körper fließt und was hierfür benötigt wird, wodurch sie die zu Beginn formulierte  
Frage beantworten können",29,27,3,2,1,57,in_scope,1,,,,,1,False,annotation-00001551|annotation-00001552,,,,False,False,False,False,1,True,190,10,False,False,False,False,,29,2b1a36ed00f62e21,train
segment-2f83a7545f6f04a634ac,segment-2f83a7545f6f04a634ac-candidate-1,"Die Unterrichtsstunde zum Thema „Blutkreislauf“ wird polarisierend mit einem Stück Traubenzucker (Dextro-Energy) eingeleitet, welches die Lehrkraft zu Beginn in der Hand hält",2,30,1,1,1,1,in_scope,1,,,,,1,False,annotation-00002329,,,,False,False,False,False,1,True,174,10,False,False,False,False,,2,94dd5be7b479f16e,train
segment-2ff47eea8efa8e32e4f8,segment-2ff47eea8efa8e32e4f8-candidate-1,"In  
vergangenen Schulpraktika habe ich die Erfahrung gesammelt, dass man sich häufig etwas  
zurückhält, wenn eine höher gestellte Autoritätsperson im selben Raum ist",161,40,3,2,3,13,in_scope,1,,,,,1,False,annotation-00017616|annotation-00017617,,,,False,False,False,False,1,True,167,10,False,False,False,False,,161,cf54d4a96848c26d,test
segment-2ffc386a78de9bbe624e,segment-2ffc386a78de9bbe624e-candidate-1,"Die Schüler:innen hatten die Möglichkeit, eigenständige  
Arbeitstechniken anzuwenden und praktische Laborerfahrungen zu sammeln.",92,10,3,2,2,83,in_scope,1,,,,,1,False,annotation-00010238|annotation-00010239,,,,False,False,False,False,1,True,129,10,False,False,False,False,,92,c98254afde32e9a1,train
segment-302fa7ab9bad031a3e37,segment-302fa7ab9bad031a3e37-candidate-1,"Hier wäre  
es einfacher gewesen, den Film und den Lückentext in Abschnitte zu besprechen und  
so Verständnisfragen sofort zu klären.",93,14,3,2,2,66,in_scope,1,,,,,1,False,annotation-00010013|annotation-00010014,,,,False,False,False,False,1,True,134,10,False,False,False,False,,93,7b4ac7e6dba86acb,dev
segment-30b2f55619d9e7871373,segment-30b2f55619d9e7871373-candidate-1,"Das Vorwissen der SuS wird auffällig zu dem Einstiegsgegenstand sehr  
intensiv berücksichtigt",34,14,3,2,1,51,in_scope,1,,,,,1,False,annotation-00001719,,,,False,False,False,False,1,True,94,10,False,False,False,False,,34,7b4ac7e6dba86acb,dev
segment-312969c17ecccc6666ed,segment-312969c17ecccc6666ed-candidate-1,"Ein derartiges Vorgehen erscheint ist nur dann angebracht, wenn auch alle anderen formulierten Fragen als legitim und
„beantwortenswert“ gewürdigt werden. Was leider nicht der Fall war.",18,21,2,1,1,37,in_scope,1,,,,,1,False,annotation-00005708,,,,False,False,False,False,1,True,185,10,False,False,False,False,,18,8153a465245aa4f5,train
segment-314bd3a889624461c399,segment-314bd3a889624461c399-candidate-1,"So konnte leider nicht sichergestellt  
werden, dass alle Schüler*innen den Input verstanden haben",93,14,3,2,2,91,in_scope,1,,,,,1,False,annotation-00010051|annotation-00010052,,,,False,False,False,False,1,True,98,10,False,False,False,False,,93,7b4ac7e6dba86acb,dev
segment-319a3c3429abdc2424c4,segment-319a3c3429abdc2424c4-candidate-1,"Zum Schluss wurden die beladenen Gele angeschaut und es wurde nochmals ein 
roter Faden zu dem vorgegebenen Mordfall gespannt.",96,33,3,2,2,45,in_scope,1,,,,,1,False,annotation-00009550|annotation-00009551,,,,False,False,False,False,1,True,126,10,False,False,False,False,,96,fd1a055c1ca13050,test
segment-319fac19a7d9625412e5,segment-319fac19a7d9625412e5-candidate-1,"Alternativ zu dem Brettspiel könnten die Studierenden anhand verschiedener Bilder oder Zuordnungen, mit dem Kontext zur Identifikation des Täters einen eigenen Kriminalfall entwerfen können",184,2,1,1,4,11,in_scope,1,,,,,1,False,annotation-00021422|annotation-00021423,,,,False,False,False,False,1,True,189,10,False,False,False,False,,184,3faf840a033c018d,train
segment-31f39da1c0cfbc16cc0e,segment-31f39da1c0cfbc16cc0e-candidate-1,"Für mich persönlich ist ein spannender und gut aufbereiteter Unterrichtseinstieg in der Biologie  
allerdings nicht ausschließlich in Hinblick auf die Schülerinnen und Schüler bedeutend",151,3,3,2,3,27,in_scope,1,,,,,1,False,annotation-00018193|annotation-00018194,,,,False,False,False,False,1,True,185,10,False,False,False,False,,151,9efb7a7c3e8b6377,train
segment-32029a4d2ebd455189ce,segment-32029a4d2ebd455189ce-candidate-1,"Da die personellen und zeitlichen  
Ressourcen jedoch nicht ausreichen, um allen Schüler*innen Hilfestellung zu bieten und sie  
auf den aktuellen Stand zu bringen, wäre es hilfreich, Differenzierungsmöglichkeiten  
anzubieten, sodass auch bei schwächeren Schüler*innen Denkprozesse angestoßen werden  
und sie etwas lernen.",216,16,3,2,4,42,in_scope,1,,,,,1,False,annotation-00022975|annotation-00022976,,,,False,False,False,False,1,True,324,10,False,False,False,False,,216,7c587cc9ab214913,train
segment-32087ea65cf18ddc787e,segment-32087ea65cf18ddc787e-candidate-1,"In der Unterrichtsstunde wurde nicht inhaltlich differenziert, was wahrscheinlich daran   lag, dass es sich um einen AP Biology Kurs handelte.",212,7,3,2,4,61,in_scope,1,,,,,1,False,annotation-00023506|annotation-00023507,,,,False,False,False,False,1,True,142,10,False,False,False,False,,212,6fd026ce8e8388c4,train
segment-32279d63676905003db5,segment-32279d63676905003db5-candidate-1,"Durch die Einführung der 
Pipette wird sichergestellt, dass die Lernenden die notwendigen Fähigkeiten besitzen, um 
fachgemäß mit der gewählten Arbeitsweise umzugehen",100,43,3,2,2,38,in_scope,1,,,,,1,False,annotation-00008804|annotation-00008805,,,,False,False,False,False,1,True,166,10,False,False,False,False,,100,ef200883f78ba4bc,train
segment-3257588f0c2b7bc4284c,segment-3257588f0c2b7bc4284c-candidate-1,Dabei konnte auch der Aufbau einzelner Bestandteile an bestimmten   Pflanzen betrachtet und verglichen werden.,74,55,2,1,2,79,in_scope,1,,,,,1,False,annotation-00014497|annotation-00014498,,,,False,False,False,False,1,True,110,10,False,False,False,False,,74,45eb80c6912d4c20,dev
segment-3263b031b1599c8f9611,segment-3263b031b1599c8f9611-candidate-1,"Darüber hinaus könnte die Lehrkraft  
auch einzelne SchülerInnen aufrufen und nach ihren Ideen frage",223,54,3,2,4,21,in_scope,1,,,,,1,False,annotation-00022041|annotation-00022042,,,,False,False,False,False,1,True,100,10,False,False,False,False,,223,ed2e1db7eb20f852,train
segment-3266e0e277484c088b63,segment-3266e0e277484c088b63-candidate-1,"Die Lehrkraft möchte jedoch lediglich auf den Weg des Blutes durch den Körper eingehen und stellt dazu die Frage vor, welche sie in der Stunde behandeln möchte.",43,26,4,2,1,24,in_scope,1,,,,,1,False,annotation-00003044|annotation-00003045,,,,False,False,False,False,1,True,160,10,False,False,False,False,,43,d9e814e2d3def543,train
segment-32fc7b21db628eeed936,segment-32fc7b21db628eeed936-candidate-1,Im schlechtesten Fall verstärkt die Lehrkraft durch ihr Auftreten und Handeln diese fehlende Motivation.,240,47,5,2,4,16,in_scope,1,,,,,1,False,annotation-00027973|annotation-00027974,,,,False,False,False,False,1,True,104,10,False,False,False,False,,240,5e026b3c944c5d13,train
segment-338bc27d6ffcc0879ac1,segment-338bc27d6ffcc0879ac1-candidate-1,"Es ist als positiv anzumerken, dass darauf geachtet wurde, dass die Modellkritik einen wichtigen Teil der Diskussion im Plenum einnahm, bei welchem durch Nachfragen der Referent*innen auch gelegentlich näher auf bestimmte Aspekte eingegangen wurde.",103,26,4,2,2,36,in_scope,1,,,,,1,False,annotation-00011794,,,,False,False,False,False,1,True,248,10,False,False,False,False,,103,d9e814e2d3def543,train
segment-34362ba97d11265e0f60,segment-34362ba97d11265e0f60-candidate-1,Meines Erachtens kommen auch diese beiden Aspekte in dem zu beobachteten Unterricht vor.,207,20,2,2,4,38,in_scope,1,,,,,1,False,annotation-00024924|annotation-00024925,,,,False,False,False,False,1,True,88,10,False,False,False,False,,207,5257a952b667ebc3,train
segment-3487393e80acc716b4ec,segment-3487393e80acc716b4ec-candidate-1,"Die Beobachtungen zeigen, dass die Schüler:innen den Film leise und konzentriert sehen, was darauf schließen lässt, dass Interesse hier geweckt wurde.",148,41,2,2,3,16,in_scope,1,,,,,1,False,annotation-00019427|annotation-00019428,,,,False,False,False,False,1,True,150,10,False,False,False,False,,148,4b146d61ab8738ab,train
segment-34cf0424d0f78e72eaff,segment-34cf0424d0f78e72eaff-candidate-1,"Der Unterricht war klar strukturiert, da die Lehrerin zu Beginn der Stunde den Ablauf   und das Vorgehen erklärt und an die Tafel geschrieben hat.",212,7,3,2,4,6,in_scope,1,,,,,1,False,annotation-00023414|annotation-00023415,,,,False,False,False,False,1,True,146,10,False,False,False,False,,212,6fd026ce8e8388c4,train
segment-34d5988ddf220919da80,segment-34d5988ddf220919da80-candidate-1,"Dennoch ist der Einstieg zum Thema Blutkreislauf einfach nicht  
passend gewählt und kann schnell irreführend werden",34,14,3,2,1,54,in_scope,1,,,,,1,False,annotation-00001721|annotation-00001722,,,,False,False,False,False,1,True,116,10,False,False,False,False,,34,7b4ac7e6dba86acb,dev
segment-34e4f7f6b1c4b9820e37,segment-34e4f7f6b1c4b9820e37-candidate-1,"Die Lehrkräfte ist  
während der praktischen Arbeitsschritte herumgegangen, um sicherzustellen, dass  
alle Schüler*innen aktiv mitmachen und bei Problemen oder  
Verständnisschwierigkeiten unterstützt werden konnten.",94,16,3,2,2,38,in_scope,1,,,,,1,False,annotation-00009829|annotation-00009830,,,,False,False,False,False,1,True,217,10,False,False,False,False,,94,7c587cc9ab214913,train
segment-35171dd92d0f0e507a91,segment-35171dd92d0f0e507a91-candidate-1,"Während der Stunde versuchten die Lehrenden regelmäßig durch Rückfragen das  
Vorwissen der Lernenden zu aktivieren.",97,37,3,2,2,17,in_scope,1,,,,,1,False,annotation-00009377|annotation-00009378,,,,False,False,False,False,1,True,116,10,False,False,False,False,,97,03fd173f4e9e83b6,train
segment-352cbb348fd2949671a3,segment-352cbb348fd2949671a3-candidate-1,"Dazu gehört das richtige beobachten der Versuchsergebnisse. An dieser Stelle wurde eine volle Punktzahl gegeben, weil diese Dimension ausschlaggeben für das richtige Ergebnis des Versuchs war.",84,5,2,2,2,44,in_scope,1,,,,,1,False,annotation-00012899,,,,False,False,False,False,1,True,192,10,False,False,False,False,,84,cd38e7c2d4a56e90,train
segment-3554ec8ed9a2820f84ec,segment-3554ec8ed9a2820f84ec-candidate-1,"Ich sah in diesem Zusammenhang die Schwierigkeit darin, generell ein Onlineformat so zu konzipieren, dass es für Alle bzw. Außenstehende Strukturiertheit und Klarheit hervorbringt.",68,9,1,2,2,24,in_scope,1,,,,,1,False,annotation-00011357|annotation-00011358,,,,False,False,False,False,1,True,180,10,False,False,False,False,,68,db87b4c42c40c536,train
segment-3556096ba09a499d4b42,segment-3556096ba09a499d4b42-candidate-1,"Das Thema der Berufswahl  
ist für eine neunte Klasse passend gewählt und die Abfrage dessen, wer sich diesen 
Karriereweg vorstellen könnte, hat die Lernenden direkt mit einbezogen",97,37,3,2,2,27,in_scope,1,,,,,1,False,annotation-00009392|annotation-00009393,,,,False,False,False,False,1,True,181,10,False,False,False,False,,97,03fd173f4e9e83b6,train
segment-3562bc4082f38c42f678,segment-3562bc4082f38c42f678-candidate-1,Auf diesen Informationskarten sind Texte und Abbildungen.,31,7,3,2,1,53,in_scope,1,,,,,1,False,annotation-00002132|annotation-00002133,,,,False,False,False,False,1,True,57,10,False,False,False,False,,31,6fd026ce8e8388c4,train
segment-359733d52fb9061c5f59,segment-359733d52fb9061c5f59-candidate-1,"Der Kompetenzgewinn bei den SuS sowie  
das Verständnis zum Thema Photosynthese wird zudem deutlich, da die meisten SuS sowohl  
während des Experimentierens als auch beim Präsentieren eine korrekte Fachsprache 
verwenden",221,40,3,2,4,69,in_scope,1,,,,,1,False,annotation-00022519|annotation-00022520,,,,False,False,False,False,1,True,221,10,False,False,False,False,,221,cf54d4a96848c26d,test
segment-35aa0389b26abcf7bbfd,segment-35aa0389b26abcf7bbfd-candidate-1,"Für die Besprechung der Ergebnisse müssen die SchülerInnen eine Präsentation  
erstellen und im dritten Video präsentieren",223,54,3,2,4,84,in_scope,1,,,,,1,False,annotation-00022155|annotation-00022156,,,,False,False,False,False,1,True,122,10,False,False,False,False,,223,ed2e1db7eb20f852,train
segment-35bc5e0e5ad2c6f286d9,segment-35bc5e0e5ad2c6f286d9-candidate-1,Somit sollte den Studierenden eine Auswahlmöglichkeit zu Verfügung gestellt werden.,169,6,5,1,3,7,in_scope,1,,,,,1,False,annotation-00020559|annotation-00020560,,,,False,False,False,False,1,True,83,10,False,False,False,False,,169,97ee8f2854716d8e,train
segment-35d4bc1a3fe82835a363,segment-35d4bc1a3fe82835a363-candidate-1,"Aufgrund der Tatsache, dass die  
Schüler*innen ihre Plakate eigenständig, ordentlich und ohne Anweisung der  
Lehrperson mit den wichtigsten Faktoren erstellen, ist davon auszugehen, dass die  
Schüler*innen mit dieser Arbeitsweise vertraut sind.",217,27,3,2,4,48,in_scope,1,,,,,1,False,annotation-00022881|annotation-00022882,,,,False,False,False,False,1,True,247,10,False,False,False,False,,217,2b1a36ed00f62e21,train
segment-35dad91c00c6222dfbb5,segment-35dad91c00c6222dfbb5-candidate-1,"Außerdem erhielten sie die Aufgabe, Modellkritik zu üben.",103,26,4,2,2,21,in_scope,1,,,,,1,False,annotation-00011754|annotation-00011755,,,,False,False,False,False,1,True,57,10,False,False,False,False,,103,d9e814e2d3def543,train
segment-35ffc247d5de005aed57,segment-35ffc247d5de005aed57-candidate-1,"Im Anschluss an die Murmelphasen wurde ein Erklärvideo gezeigt, dass zwar den 
notwendigen Inhalt gezeigt hat, jedoch zu tief in die Materie ging",96,33,3,2,2,24,in_scope,1,,,,,1,False,annotation-00009501|annotation-00009502,,,,False,False,False,False,1,True,145,10,False,False,False,False,,96,fd1a055c1ca13050,test
segment-364d77b62dd968e73a1b,segment-364d77b62dd968e73a1b-candidate-1,"Dass der Ablauf des Labortags schriftlich an der Tafel visualisiert wurde, war hilfreich, da die  
Schülerinnen und Schüler dadurch immer einen Überblick über die einzelnen Arbeitsschritte  
hatten und die komplexen Prozesse und Abläufe besser nachvollziehen konnten.",89,3,3,2,2,20,in_scope,1,,,,,1,False,annotation-00010699|annotation-00010700,,,,False,False,False,False,1,True,267,10,False,False,False,False,,89,9efb7a7c3e8b6377,train
segment-366db927d36795c0bb09,segment-366db927d36795c0bb09-candidate-1,"Wir haben den Studierenden in der Gruppe die Möglichkeit gegeben zusammen zu mikroskopieren und Informationen und Gedankengänge auszutauschen. Dies könnten wir noch mit einer kleinen Vorstellung im Plenum ergänzen, indem neue Erkenntnisse den Kommilitonen mitgeteilt werden.",79,44,2,1,2,28,in_scope,1,,,,,1,False,annotation-00014175|annotation-00014176,,,,False,False,False,False,1,True,274,10,False,False,False,False,,79,d6edc4c7955d78b1,train
segment-366fb3e36996006dfd4f,segment-366fb3e36996006dfd4f-candidate-1,"Hier  
hatten die Schülerinnen und Schüler die Möglichkeit ihre Fragestellung, ihre Hypothesen, ihr  
Experiment und ihre Ergebnisse mittels eines beschrifteten Whiteboards vorzustellen.",220,39,3,2,4,47,in_scope,1,,,,,1,False,annotation-00022629|annotation-00022630,,,,False,False,False,False,1,True,186,10,False,False,False,False,,220,8471822e1d4ebecc,train
segment-3677a7d7b3c46a33800f,segment-3677a7d7b3c46a33800f-candidate-1,"Vor diesem Hintergrund hat die  
vorliegende Unterrichtsstunde zum Erwerb von molekularbiologischem Fachwissen  
beigetragen.",89,3,3,2,2,69,in_scope,1,,,,,1,False,annotation-00010789|annotation-00010790,,,,False,False,False,False,1,True,125,10,False,False,False,False,,89,9efb7a7c3e8b6377,train
segment-36bdcbbc2ca78b857cfa,segment-36bdcbbc2ca78b857cfa-candidate-1,Dies war hier eindeutig der Fall.,240,47,5,2,4,52,in_scope,1,,,,,1,False,annotation-00028059|annotation-00028060,,,,False,False,False,False,1,True,33,10,False,False,False,False,,240,5e026b3c944c5d13,train
segment-36ea6bfecd13d7190ce6,segment-36ea6bfecd13d7190ce6-candidate-1,"Man hat in der Videovignette an mehreren Stellen beobachten können, dass die Lernenden selbstbewusst waren und somit sie selbst sein konnten.",240,47,5,2,4,32,in_scope,1,,,,,1,False,annotation-00028011|annotation-00028012,,,,False,False,False,False,1,True,141,10,False,False,False,False,,240,5e026b3c944c5d13,train
segment-36ee83da94adc6c89ff6,segment-36ee83da94adc6c89ff6-candidate-1,"In diesem  
Zusammenhang lobt die Lehrkraft die Schülerinnen und Schüler zudem für die Qualität der  
Präsentationen aus der vorherigen Woche.",211,3,3,2,4,38,in_scope,1,,,,,1,False,annotation-00023654|annotation-00023655,,,,False,False,False,False,1,True,142,10,False,False,False,False,,211,9efb7a7c3e8b6377,train
segment-3724d630f38dab7a75c3,segment-3724d630f38dab7a75c3-candidate-1,"Hier ist erneut die Dimension der kognitiven Aktivierung zu erkennen, da die Schülervorstellungen und das Vorwissen der SuS von der Lehrkraft berücksichtigt werden.",43,26,4,2,1,32,in_scope,1,,,,,1,False,annotation-00003059|annotation-00003060,,,,False,False,False,False,1,True,164,10,False,False,False,False,,43,d9e814e2d3def543,train
segment-373c20dd9a6d0fff7330,segment-373c20dd9a6d0fff7330-candidate-1,"Allerdings kann in Hinblick auf die vorliegende Unterrichtsstunde kritisch reflektiert werden, ob  
der schnelle Wechsel der einzelnen Arbeitstechniken und -phasen teilweise zur Überforderung  
der Schülerinnen und Schüler geführt hat.",89,3,3,2,2,44,in_scope,1,,,,,1,False,annotation-00010741|annotation-00010742,,,,False,False,False,False,1,True,235,10,False,False,False,False,,89,9efb7a7c3e8b6377,train
segment-375120aadfd81d2f4724,segment-375120aadfd81d2f4724-candidate-1,Durch das Quiz zu Beginn der Stunde war es möglich einen groben Überblick über den Wissensstand zu erhalten.,120,47,5,2,2,39,in_scope,1,,,,,1,False,annotation-00015900|annotation-00015901,,,,False,False,False,False,1,True,108,10,False,False,False,False,,120,5e026b3c944c5d13,train
segment-3785ed87148d6187db22,segment-3785ed87148d6187db22-candidate-1,"Dieses Produkt war jedoch nur  
bedingt zielführend für das Unterrichtsthema und die SuS konnten sich den Zusammenhang  
zwischen dem Traubenzucker und dem HKS nicht eigenständig erschließen",39,40,3,2,1,8,in_scope,1,,,,,1,False,annotation-00001033|annotation-00001034,,,,False,False,False,False,1,True,190,10,False,False,False,False,,39,cf54d4a96848c26d,test
segment-379d60fee58d205de4af,segment-379d60fee58d205de4af-candidate-1,"Einer der Gründe waren die von der  
Hochschule festgelegten Rahmenbedingungen.",159,37,3,2,3,11,in_scope,1,,,,,1,False,annotation-00017686|annotation-00017687,,,,False,False,False,False,1,True,79,10,False,False,False,False,,159,03fd173f4e9e83b6,train
segment-37a046a2c5f35be0f6d3,segment-37a046a2c5f35be0f6d3-candidate-1,"Das Ziel der  
Unterrichtsstunde ist vermutlich die Förderung der Experimentierfähigkeit der Schüler:innen,   was auf alle Fälle erfüllt wurde.",214,10,3,2,4,68,in_scope,1,,,,,1,False,annotation-00023267|annotation-00023268,,,,False,False,False,False,1,True,143,10,False,False,False,False,,214,c98254afde32e9a1,train
segment-37a658c96a60ad1aa031,segment-37a658c96a60ad1aa031-candidate-1,"Die LP achtet darauf, dass die Stunde einen Anschluss bzw. Aufbau zu der vorigen Stunde  
hat",34,14,3,2,1,72,in_scope,1,,,,,1,False,annotation-00001749|annotation-00001750,,,,False,False,False,False,1,True,93,10,False,False,False,False,,34,7b4ac7e6dba86acb,dev
segment-37bed58a1d023f5fdd0a,segment-37bed58a1d023f5fdd0a-candidate-1,"Dies trat bei häufiger  
bei der Präsentation der Gruppen ein und kann dem forschenden Lernen  
zugeschrieben werden was als Folge die Erkenntnisgewinnung mit sich bringt.",215,14,3,2,4,64,in_scope,1,,,,,1,False,annotation-00023121|annotation-00023122,,,,False,False,False,False,1,True,171,10,False,False,False,False,,215,7b4ac7e6dba86acb,dev
segment-37c11539819ba16c14f3,segment-37c11539819ba16c14f3-candidate-1,Die Umsetzung dieser Phase ist der Lehrkraft daher nur teilweise gelungen.,41,54,3,2,1,85,in_scope,1,,,,,1,False,annotation-00000985|annotation-00000986,,,,False,False,False,False,1,True,74,10,False,False,False,False,,41,ed2e1db7eb20f852,train
segment-380f0ceef5abaf7e08bf,segment-380f0ceef5abaf7e08bf-candidate-1,"Darüber hinaus trete ich selbst sicherer und selbstbewusster auf, wenn ich weiß, dass der  
Einstieg fachlich und didaktisch durchdacht ist und ich nicht „planlos“ starten muss.",151,3,3,2,3,37,in_scope,1,,,,,1,False,annotation-00018211|annotation-00018212,,,,False,False,False,False,1,True,177,10,False,False,False,False,,151,9efb7a7c3e8b6377,train
segment-381189749135eaca88b4,segment-381189749135eaca88b4-candidate-1,"Durch die strukturierte Gestaltung der Stunde  
schafft die Lehrerin laut Mayer (2004) einen Rahmen, an dem sich die Schülerinnen und  
Schüler orientieren können.",216,16,3,2,4,9,in_scope,1,,,,,1,False,annotation-00022919|annotation-00022920,,,,False,False,False,False,1,True,163,10,False,False,False,False,,216,7c587cc9ab214913,train
segment-38137ab91e61cc607a27,segment-38137ab91e61cc607a27-candidate-1,"So konnte zumindest bei den Jugendlichen, die geantwortet haben,  auf volles Verständnis geprüft werden.",93,14,3,2,2,100,in_scope,1,,,,,1,False,annotation-00010072|annotation-00010073,,,,False,False,False,False,1,True,104,10,False,False,False,False,,93,7b4ac7e6dba86acb,dev
segment-3839b627804170c579dc,segment-3839b627804170c579dc-candidate-1,Im Anschluss an die Experimente wurden die gesammelten Befunde mit der Klasse geteilt,210,61,2,2,4,14,in_scope,1,,,,,1,False,annotation-00024573,,,,False,False,False,False,1,True,85,10,False,False,False,False,,210,fc0d3d4da2709c9b,train
segment-383ced9cd4df1f00d5c3,segment-383ced9cd4df1f00d5c3-candidate-1,"Somit erleben die Schülerinnen und Schüler keine  
Problemstellung oder bekommen ein Problem gestellt, das es zu lösen gilt.",38,39,3,2,1,12,in_scope,1,,,,,1,False,annotation-00001186|annotation-00001187,,,,False,False,False,False,1,True,124,10,False,False,False,False,,38,8471822e1d4ebecc,train
segment-3845ba2967890ba869bb,segment-3845ba2967890ba869bb-candidate-1,"Er kann aber genauso gut in der  
gesamten Unterrichtsstunde Schwierigkeiten haben dem Unterricht zu folgen, da er  
den Anfang des Unterrichts verpasst hat.",223,54,3,2,4,56,in_scope,1,,,,,1,False,annotation-00022104|annotation-00022105,,,,False,False,False,False,1,True,157,10,False,False,False,False,,223,ed2e1db7eb20f852,train
segment-3862e928f19c32af05e5,segment-3862e928f19c32af05e5-candidate-1,"Die Lehrkraft unterstützt dies in Form von nachfragendem  
Feedback",213,8,3,2,4,29,in_scope,1,,,,,1,False,annotation-00023330|annotation-00023331,,,,False,False,False,False,1,True,67,10,False,False,False,False,,213,010765bfd40e73e6,train
segment-389ad9ee1da9a102a116,segment-389ad9ee1da9a102a116-candidate-1,"Durch das Ablesen und Analysieren der Bandenmuster wurde zudem die Kernidee der  
Unterrichtseinheit elementarisiert.",89,3,3,2,2,66,in_scope,1,,,,,1,False,annotation-00010783|annotation-00010784,,,,False,False,False,False,1,True,117,10,False,False,False,False,,89,9efb7a7c3e8b6377,train
segment-38c397f4178bb2309543,segment-38c397f4178bb2309543-candidate-1,Das steigert das Interesse und die Motivation der SuS,96,33,3,2,2,7,in_scope,1,,,,,1,False,annotation-00009462|annotation-00009463,,,,False,False,False,False,1,True,53,10,False,False,False,False,,96,fd1a055c1ca13050,test
segment-38c766b4bb8f0f6dbaea,segment-38c766b4bb8f0f6dbaea-candidate-1,"Denn  
durch praktische Tätigkeiten durch die SchülerInnen selbst kann leicht ein kognitiver  
Konflikt entstehen, wodurch die Kinder aus meiner Sicht viel nachhaltiger profitieren.",223,54,3,2,4,71,in_scope,1,,,,,1,False,annotation-00022131|annotation-00022132,,,,False,False,False,False,1,True,181,10,False,False,False,False,,223,ed2e1db7eb20f852,train
segment-38fd169e54907b6940f0,segment-38fd169e54907b6940f0-candidate-1,"Zudem hatten die Lehrkräfte dadurch die Möglichkeit den  
Gruppen individuelles Feedback zu geben.",99,40,3,2,2,49,in_scope,1,,,,,1,False,annotation-00009136|annotation-00009137,,,,False,False,False,False,1,True,98,10,False,False,False,False,,99,cf54d4a96848c26d,test
segment-3937953f18ed32102976,segment-3937953f18ed32102976-candidate-1,"Durch die Betreuung der Workshop-Mitglieder stellte dies kein großes Problem dar, da jeder Tisch eine/n  
Ansprechpartner*in hatte, die bei den Arbeitsschritten helfen konnten.",155,14,3,2,3,23,in_scope,1,,,,,1,False,annotation-00017899|annotation-00017900,,,,False,False,False,False,1,True,176,10,False,False,False,False,,155,7b4ac7e6dba86acb,dev
segment-394aaef34f18b8c2ab90,segment-394aaef34f18b8c2ab90-candidate-1,"Zum einen holt ein Einstieg 
die Klasse ab und lenkt den Fokus auf den Unterricht und zum anderen kann ein spannend 
gestalteter Einstieg die Motivation erhöhen (Kroker, 2019).",222,43,3,2,4,8,in_scope,1,,,,,1,False,annotation-00022183|annotation-00022184,,,,False,False,False,False,1,True,176,10,False,False,False,False,,222,ef200883f78ba4bc,train
segment-394e79913c0e019de732,segment-394e79913c0e019de732-candidate-1,Die Lehrperson hat sich die Vorschläge der Schülerinnen und Schüler angehört und aufgrund der gegebenen Antworten die Frage auf der Tafel notiert.,58,47,5,2,1,7,in_scope,1,,,,,1,False,annotation-00006813|annotation-00006814,,,,False,False,False,False,1,True,146,10,False,False,False,False,,58,5e026b3c944c5d13,train
segment-39520b7dc8421b22dad8,segment-39520b7dc8421b22dad8-candidate-1,"Eine Möglichkeit  
zur Umsetzung ist die Arbeit in heterogenen Gruppen oder die Niveaudifferenzierung  
der Arbeitsblätter mit unterschiedlichen Arten der Hilfestellung.",29,27,3,2,1,41,in_scope,1,,,,,1,False,annotation-00001524|annotation-00001525,,,,False,False,False,False,1,True,169,10,False,False,False,False,,29,2b1a36ed00f62e21,train
segment-39644c26a1d7be3f3689,segment-39644c26a1d7be3f3689-candidate-1,"Da Unterrichtseinstiege zudem stets  
handlungsleitend für den weiteren Verlauf der Unterrichtseinheit sein sollten, ist der gezeigte  
Einstieg angemessen, da die anschließend durchgeführten Arbeitsschritte schließlich dazu  
beitragen, dass die Schülerinnen und Schüler Erkenntnisse über die Wirkung von  
verschiedenen Faktoren auf die Photosynthese sammeln können.",211,3,3,2,4,24,in_scope,1,,,,,1,False,annotation-00023627|annotation-00023628,,,,False,False,False,False,1,True,368,10,False,False,False,False,,211,9efb7a7c3e8b6377,train
segment-39687a684acadcbfe680,segment-39687a684acadcbfe680-candidate-1,"Aus eigenen Erfahrungen kann ich sagen, dass das  
Experimentieren im Biologieunterricht vor allem für lernschwache SchülerInnen eine große  
Herausforderung sein kann und es hierbei zu unterschiedlichen Hilfestellungen von Seiten der  
Lehrpersonen geben sollte",213,8,3,2,4,34,in_scope,1,,,,,1,False,annotation-00023335|annotation-00023336,,,,False,False,False,False,1,True,262,10,False,False,False,False,,213,010765bfd40e73e6,train
segment-396dccb06e6988babb95,segment-396dccb06e6988babb95-candidate-1,"Grundsätzlich  
konnte dabei beobachtet werden, dass die meisten SuS auch mit neuen, noch nie zuvor  
durchgeführten Arbeitstechniken keine Probleme hatten und diese schnell selbstständig  
anwenden konnten.",99,40,3,2,2,33,in_scope,1,,,,,1,False,annotation-00009106|annotation-00009107,,,,False,False,False,False,1,True,207,10,False,False,False,False,,99,cf54d4a96848c26d,test
segment-39743b44f9ca2e7848ae,segment-39743b44f9ca2e7848ae-candidate-1,"Zum anderen  
erleichterten die Namensschilder das praktische Arbeiten mit den Schüler*innen, da  
sie direkt angesprochen werden konnten.",94,16,3,2,2,10,in_scope,1,,,,,1,False,annotation-00009782|annotation-00009783,,,,False,False,False,False,1,True,138,10,False,False,False,False,,94,7c587cc9ab214913,train
segment-39888ccf01ff23d5f74e,segment-39888ccf01ff23d5f74e-candidate-1,"Allerdings hätte in Hinblick auf das Fachwissen noch genauer auf biologischen  
Basiskonzepte eingegangen werden, sowie die Inhalte besser horizontal und vertikal vernetzt  
werden können.",89,3,3,2,2,71,in_scope,1,,,,,1,False,annotation-00010792|annotation-00010793,,,,False,False,False,False,1,True,188,10,False,False,False,False,,89,9efb7a7c3e8b6377,train
segment-398f972d94243fca784c,segment-398f972d94243fca784c-candidate-1,"Es ist auch mein Anspruch einen solchen Unterricht aufzubauen, daher hat es mich auch sofort so angesprochen",209,46,2,2,4,50,in_scope,1,,,,,1,False,annotation-00024514,,,,False,False,False,False,1,True,108,10,False,False,False,False,,209,8490512266eabf51,dev
segment-399d9620b19e37d580d2,segment-399d9620b19e37d580d2-candidate-1,"Dies geht aus den Äußerungen der SchülerInnen im  
Unterrichtsgespräch hervor.",30,3,3,2,1,9,in_scope,1,,,,,1,False,annotation-00002196|annotation-00002197,,,,False,False,False,False,1,True,78,10,False,False,False,False,,30,9efb7a7c3e8b6377,train
segment-39bd46889f7f78f94c8e,segment-39bd46889f7f78f94c8e-candidate-1,"Schuler soll Wissen vermitteln, dass Schüler*innen zur Teilhabe an der 
Gesellschaft befähigt.",162,43,3,2,3,5,in_scope,1,,,,,1,False,annotation-00017506|annotation-00017507,,,,False,False,False,False,1,True,94,10,False,False,False,False,,162,ef200883f78ba4bc,train
segment-3a2966e9c36ca9450137,segment-3a2966e9c36ca9450137-candidate-1,"Die Lehrkraft stellt Fragen zu den Ergebnissen,   sodass die Schüler:innen darüber nachdenken müssen, was dies bedeutet und Vermutungen  
aufstellen.",214,10,3,2,4,58,in_scope,1,,,,,1,False,annotation-00023252|annotation-00023253,,,,False,False,False,False,1,True,149,10,False,False,False,False,,214,c98254afde32e9a1,train
segment-3a2f00d9bdbef3626d22,segment-3a2f00d9bdbef3626d22-candidate-1,"Allerdings ist dies vermutlich der Unzufriedenheit bezüglich der  
Fragestellungen geschuldet",41,54,3,2,1,32,in_scope,1,,,,,1,False,annotation-00000882|annotation-00000883,,,,False,False,False,False,1,True,93,10,False,False,False,False,,41,ed2e1db7eb20f852,train
segment-3a92d49ffc370d44d7e6,segment-3a92d49ffc370d44d7e6-candidate-1,"Allerdings bot die Stunde zahlreiche Möglichkeiten, um die Erkenntnisgewinnung zu  
fördern.",219,37,3,2,4,44,in_scope,1,,,,,1,False,annotation-00022736|annotation-00022737,,,,False,False,False,False,1,True,92,10,False,False,False,False,,219,03fd173f4e9e83b6,train
segment-3aa87487ad19d9f619e5,segment-3aa87487ad19d9f619e5-candidate-1,"Ebenfalls zu  
sehen ist der Aspekt der Anwendung von Arbeitstechniken, da die Schüler*innen den Janine Mahler Code: jabi27 RUPM SoSe23 
4679957 
Versuch eigenständig aufbauen, beobachten und am Ende auswerten",217,27,3,2,4,45,in_scope,1,,,,,1,False,annotation-00022875|annotation-00022876,,,,False,False,False,False,1,True,209,10,False,False,False,False,,217,2b1a36ed00f62e21,train
segment-3ad4f2ceaf78645dd5b6,segment-3ad4f2ceaf78645dd5b6-candidate-1,"Somit wird dieses vereinfachte Szenario  
genutzt, um die fachlichen Inhalte des genetischen Fingerabdrucks schülerzentriert zu  
bearbeiten (vgl. Schöppner et al. 2023, S. 62-63)",151,3,3,2,3,13,in_scope,1,,,,,1,False,annotation-00018163|annotation-00018164,,,,False,False,False,False,1,True,179,10,False,False,False,False,,151,9efb7a7c3e8b6377,train
segment-3ad649c4308f5b909633,segment-3ad649c4308f5b909633-candidate-1,"Dies konnte auch während dieser  
Unterrichtsstunde gut beobachtet werden.",97,37,3,2,2,38,in_scope,1,,,,,1,False,annotation-00009410|annotation-00009411,,,,False,False,False,False,1,True,74,10,False,False,False,False,,97,03fd173f4e9e83b6,train
segment-3ad8f8de7d7862633d54,segment-3ad8f8de7d7862633d54-candidate-1,"Trotz der Vereinfachung haben die  
Lehrkräfte auf eine korrekte Fachsprache geachtet.",99,40,3,2,2,57,in_scope,1,,,,,1,False,annotation-00009151|annotation-00009152,,,,False,False,False,False,1,True,86,10,False,False,False,False,,99,cf54d4a96848c26d,test
segment-3ae1765c781acd0a66a8,segment-3ae1765c781acd0a66a8-candidate-1,"Mir  
wäre jedoch wichtig gleich zu Beginn mithilfe einer allgemeinen Problemstellung im  
Plenum der Klasse zu verdeutlichen, welche Relevanz die Bearbeitung der einzelnen  
Versuche für die Schüler*innen hat, wodurch es durch eventuell angeregtes Interesse  
bei Schüler*innen dazu kommen kann, dass sie motiviert sind, diese Problemstellung  
innerhalb ihrer Gruppe zu lösen.",217,27,3,2,4,59,in_scope,1,,,,,1,False,annotation-00022902|annotation-00022903,,,,False,False,False,False,1,True,378,10,False,False,False,False,,217,2b1a36ed00f62e21,train
segment-3ae57d0e262f4274e9ec,segment-3ae57d0e262f4274e9ec-candidate-1,"Das Problem lag aus meiner Sicht vor allem auch daran, dass die   Studierende ihre Freiheiten erstens nicht zu ihrem Vorteil genutzt und zweitens sich den Brückentag als   freien Tag eingeplant haben, obwohl im Seminar Botanik II kommuniziert wurde, dass der jeweilige Freitag-nachmittag in der Woche des Workshops freigehalten werden muss.",74,55,2,1,2,24,in_scope,1,,,,,1,False,annotation-00014381|annotation-00014382,,,,False,False,False,False,1,True,340,10,False,False,False,False,,74,45eb80c6912d4c20,dev
segment-3b0928ef524ce8538922,segment-3b0928ef524ce8538922-candidate-1,"Hier lernten die Schüler*innen durch Beobachtung und wurden dann von den  
Workshop-Personen an den Tischen betreut.",93,14,3,2,2,33,in_scope,1,,,,,1,False,annotation-00009953|annotation-00009954,,,,False,False,False,False,1,True,116,10,False,False,False,False,,93,7b4ac7e6dba86acb,dev
segment-3b534ce27d4ac3799bdb,segment-3b534ce27d4ac3799bdb-candidate-1,"Dass die Lernenden ein Interesse am Unterrichtsgegenstand  
entwickeln, ist für die daran anknüpfenden Lehr- und Lernprozesse allerdings von großer  
Bedeutung (vgl. Krapp 1998, S. 185).",211,3,3,2,4,16,in_scope,1,,,,,1,False,annotation-00023615|annotation-00023616,,,,False,False,False,False,1,True,186,10,False,False,False,False,,211,9efb7a7c3e8b6377,train
segment-3b74b669959b2465a6f5,segment-3b74b669959b2465a6f5-candidate-1,"So erreicht sie, dass alle kognitiven  
Assoziationen der Schüler*innen wertgeschätzt werden und sie allen Lernenden einen  
Rahmen gibt, ihre Gedanken zu äußern",29,27,3,2,1,12,in_scope,1,,,,,1,False,annotation-00001477|annotation-00001478,,,,False,False,False,False,1,True,161,10,False,False,False,False,,29,2b1a36ed00f62e21,train
segment-3bf82ada00bc696f6ad2,segment-3bf82ada00bc696f6ad2-candidate-1,"Dies geschah aus dem Grund, da die ABs verschiedene  
Fachbegriffe zum HKS einführten",34,14,3,2,1,104,in_scope,1,,,,,1,False,annotation-00001806|annotation-00001807,,,,False,False,False,False,1,True,85,10,False,False,False,False,,34,7b4ac7e6dba86acb,dev
segment-3bfae56174f0ac6062ac,segment-3bfae56174f0ac6062ac-candidate-1,"Einerseits ist das gut, damit die  
Fehlvorstellung eines Schülers schnell beseitigt werden kann, dennoch finde ich es  
persönlich wichtiger, wenn die SchülerInnen selbst die Erkenntnis bekommen.",223,54,3,2,4,68,in_scope,1,,,,,1,False,annotation-00022128|annotation-00022129,,,,False,False,False,False,1,True,196,10,False,False,False,False,,223,ed2e1db7eb20f852,train
segment-3c0a5b23844ddc4a990d,segment-3c0a5b23844ddc4a990d-candidate-1,"Innerhalb der Gruppe  
können Unklarheiten geklärt werden und das doch nicht ganz einfache Thema  
gemeinsam erarbeitet werden.",29,27,3,2,1,42,in_scope,1,,,,,1,False,annotation-00001527|annotation-00001528,,,,False,False,False,False,1,True,127,10,False,False,False,False,,29,2b1a36ed00f62e21,train
segment-3c6a76bcdf003f49af25,segment-3c6a76bcdf003f49af25-candidate-1,"Dies ist ihr sehr gut  
gelungen, da der aufgerufene Schüler diesen als Reagenzglas bezeichnet hat.",101,54,3,2,2,30,in_scope,1,,,,,1,False,annotation-00008955|annotation-00008956,,,,False,False,False,False,1,True,99,10,False,False,False,False,,101,ed2e1db7eb20f852,train
segment-3ca12b93272676aaa897,segment-3ca12b93272676aaa897-candidate-1,"Um allen Gruppen ausführlich und persönlich Rückmeldung zu ihrer Leistung geben zu können, und die abgegebenen Aufgaben vollumfänglich korrigieren zu können, wurde die Gruppengröße auf 5 gesetzt",77,21,2,1,2,48,in_scope,1,,,,,1,False,annotation-00013437|annotation-00013438,,,,False,False,False,False,1,True,194,10,False,False,False,False,,77,8153a465245aa4f5,train
segment-3cb3528a39eab5e445de,segment-3cb3528a39eab5e445de-candidate-1,"In Hinblick auf das Interesse kann auch der Ort, an dem der Workshop stattgefunden   hat, eine Rolle spielen: der Workshop hat nicht an einer Schule, sondern in einem   Laborraum der PH stattgefunden.",90,7,3,2,2,23,in_scope,1,,,,,1,False,annotation-00010479|annotation-00010480,,,,False,False,False,False,1,True,200,10,False,False,False,False,,90,6fd026ce8e8388c4,train
segment-3cd1ffebe69bea331bfb,segment-3cd1ffebe69bea331bfb-candidate-1,"Dadurch wurde von den Lehrpersonen sichergestellt,   dass die Unterrichtsstunde abwechslungsreich gestaltet wurde",101,54,3,2,2,69,in_scope,1,,,,,1,False,annotation-00009037|annotation-00009038,,,,False,False,False,False,1,True,113,10,False,False,False,False,,101,ed2e1db7eb20f852,train
segment-3d1d9151a053fed37b52,segment-3d1d9151a053fed37b52-candidate-1,"Gegebenenfalls hätte die Lehrkraft  
dennoch dies als Möglichkeit zur kurzen Wiederholung der ersten Minuten des  
Unterrichts nutzen können, indem sie einen aus der Klasse aufgerufen hätte oder  
sich dieser freiwillig dazu gemeldet hätte in 1- 2 Sätzen den aktuellen Wissenstand  
zusammenzufassen",223,54,3,2,4,49,in_scope,1,,,,,1,False,annotation-00022089|annotation-00022090,,,,False,False,False,False,1,True,299,10,False,False,False,False,,223,ed2e1db7eb20f852,train
segment-3d2956d5292ca18d186d,segment-3d2956d5292ca18d186d-candidate-1,"Die Frage „make sense?“ ist eine rhetorische Frage, richtiges Feedback wird nicht eingeholt.",208,41,2,2,4,25,in_scope,1,,,,,1,False,annotation-00024992|annotation-00024993,,,,False,False,False,False,1,True,92,10,False,False,False,False,,208,4b146d61ab8738ab,train
segment-3d373697812b9e19858e,segment-3d373697812b9e19858e-candidate-1,"Die Aufgabenstellung der Lehrkraft zielt darauf ab, die Lernenden zu eigenaktivem, anspruchsvollem Lernen zu befähigen.",242,57,5,2,4,18,in_scope,1,,,,,1,False,annotation-00028289|annotation-00028290,,,,False,False,False,False,1,True,119,10,False,False,False,False,,242,d1fbfe5e3fb609be,train
segment-3d63a621ab341d19a343,segment-3d63a621ab341d19a343-candidate-1,Die Aufarbeitung der aus dem Versuch enthaltenen Informationen war eines der Hauptziele des Workshops,84,5,2,2,2,22,in_scope,1,,,,,1,False,annotation-00012842,,,,False,False,False,False,1,True,101,10,False,False,False,False,,84,cd38e7c2d4a56e90,train
segment-3d8cc34c53d5527b6062,segment-3d8cc34c53d5527b6062-candidate-1,"Die Aufgaben   wurden als anregend und herausfordernd empfunden, das Vorwissen konnte aktiviert werden und die Auf-gaben waren, laut Einschätzungen, für den Kenntnisstand der Studierenden angemessen.",74,55,2,1,2,101,in_scope,1,,,,,1,False,annotation-00014543|annotation-00014544,,,,False,False,False,False,1,True,199,10,False,False,False,False,,74,45eb80c6912d4c20,dev
segment-3d9eb595707387a55779,segment-3d9eb595707387a55779-candidate-1,"Auch in dieser Phase  
werden die Klarheit und Strukturiertheit des Unterrichts deutlich",211,3,3,2,4,55,in_scope,1,,,,,1,False,annotation-00023684|annotation-00023685,,,,False,False,False,False,1,True,88,10,False,False,False,False,,211,9efb7a7c3e8b6377,train
segment-3da9321365b6146c5aa1,segment-3da9321365b6146c5aa1-candidate-1,"uch hätte die Aufgabe weiter eingegrenzt werden können, indem man
z.B. die Wahl der Frucht für die Studierenden eingrenzt, wie in etwa nur Früchte, die gerade Saison haben o.ä.",62,30,1,1,2,30,in_scope,1,,,,,1,False,annotation-00007811,,,,False,False,False,False,1,True,176,10,False,False,False,False,,62,94dd5be7b479f16e,train
segment-3dd2d68065f150a74682,segment-3dd2d68065f150a74682-candidate-1,"Erst in der Sicherung verlangt  
sie eine klare Begründung der Antworten",34,14,3,2,1,66,in_scope,1,,,,,1,False,annotation-00001740|annotation-00001741,,,,False,False,False,False,1,True,72,10,False,False,False,False,,34,7b4ac7e6dba86acb,dev
segment-3dd6d44f66b4a6b5fa80,segment-3dd6d44f66b4a6b5fa80-candidate-1,"Die SchülerInnen sollten begreifen, was bei dem  
genetischen Fingerabdruck passiert, ohne von dem Fachwissen überfordert zu sein",91,8,3,2,2,61,in_scope,1,,,,,1,False,annotation-00010389|annotation-00010390,,,,False,False,False,False,1,True,129,10,False,False,False,False,,91,010765bfd40e73e6,train
segment-3e2ac81904e1cfa74606,segment-3e2ac81904e1cfa74606-candidate-1,"Zwar dürfen sich die  
Schüler*innen aussuchen, welche Arbeitsblätter und Themenbereiche sie bearbeiten  
wollen (Lernen nach Bedarf) und Schüler*innen, die schneller sind, können mehrere  
Themenbereiche bearbeiten, die Differenzierung für leistungsschwächere Lernende  
oder Lernende mit Deutsch als Zweitsprache fehlt jedoch komplett",29,27,3,2,1,39,in_scope,1,,,,,1,False,annotation-00001521|annotation-00001522,,,,False,False,False,False,1,True,336,10,False,False,False,False,,29,2b1a36ed00f62e21,train
segment-3e52786139d215cf6a09,segment-3e52786139d215cf6a09-candidate-1,"Die Alltagsrelevanz oder auch das sogenannte sinnstiftende Lernen soll den Schülerinnen und  
Schülern eine persönliche Bedeutung für das Ergebnis des Lernens geben und schlussendlich  
zu erfolgreichem Lernen führen",160,39,3,2,3,2,in_scope,1,,,,,1,False,annotation-00017637|annotation-00017638,,,,False,False,False,False,1,True,216,10,False,False,False,False,,160,8471822e1d4ebecc,train
segment-3e5340566199190bbc19,segment-3e5340566199190bbc19-candidate-1,"Ziel war es, dass die Studierenden anhand morphologischer Auffälligkeiten bzw. Merkmalen, ihren jeweiligen Partner finden.",109,24,5,1,2,4,in_scope,1,,,,,1,False,annotation-00014790|annotation-00014791|annotation-00015036|annotation-00015037,,,,False,False,False,False,1,True,122,10,False,False,False,False,,109,e303475eaa710a89,train
segment-3e60bf67ac54cebad8d5,segment-3e60bf67ac54cebad8d5-candidate-1,"Auf die ursprüngliche Frage und die ursprünglichen Ideen der SuS Bezug zu nehmen ist sinnvoll, um auf bestehenden Konzepten aufzubauen oder diese zu verändern.",42,4,4,2,1,25,in_scope,1,,,,,1,False,annotation-00002907|annotation-00002908,,,,False,False,False,False,1,True,159,10,False,False,False,False,,42,734cce279690eadc,test
segment-3e8828f8818e53add360,segment-3e8828f8818e53add360-candidate-1,"Eine Verarbeitung von Wissen ist immer auf verschiedenen Ebenen wichtig, vor allem   in Bezug auf nachhaltiges und langfristiges Lernen",74,55,2,1,2,134,in_scope,1,,,,,1,False,annotation-00014615|annotation-00014616,,,,False,False,False,False,1,True,135,10,False,False,False,False,,74,45eb80c6912d4c20,dev
segment-3e8ada9fbba322857235,segment-3e8ada9fbba322857235-candidate-1,"So hätte man die Unruhe innerhalb der Klasse  
zu diesem Zeitpunkt vermeiden können, denn für jeden neuen Schritt hätten die  
Lernenden ihre Aufmerksamkeit nach vorne zu mir wenden müssen",155,14,3,2,3,30,in_scope,1,,,,,1,False,annotation-00017911|annotation-00017912,,,,False,False,False,False,1,True,188,10,False,False,False,False,,155,7b4ac7e6dba86acb,dev
segment-3e9199b76da9aa87282f,segment-3e9199b76da9aa87282f-candidate-1,"Man muss sich den jeweiligen Aspekten bewusst sein, um in einer Situation gezielt die passende Bestim-mungsmethode zu wählen",74,55,2,1,2,105,in_scope,1,,,,,1,False,annotation-00014555|annotation-00014556,,,,False,False,False,False,1,True,124,10,False,False,False,False,,74,45eb80c6912d4c20,dev
segment-3e9311e37d1e61865b6d,segment-3e9311e37d1e61865b6d-candidate-1,"Die Anliegen der Studierenden sind im Rahmen der Seminar-gestaltung über das Semester hinweg nur schwer zu realisieren, da es immer wieder dazu kommen wird,   dass ein Workshop in eine Woche mit Feiertag fällt",74,55,2,1,2,28,in_scope,1,,,,,1,False,annotation-00014387|annotation-00014388,,,,False,False,False,False,1,True,209,10,False,False,False,False,,74,45eb80c6912d4c20,dev
segment-3eb658659d1e298881db,segment-3eb658659d1e298881db-candidate-1,"Andernfalls kann es  
durch so etwas aus meiner Erfahrung her zu Unruhe in der gesamten Klasse  
kommen, da der zu spät kommende Schüler seinen Sitzpartner eventuell fragt und  
dieser dadurch auch abgelenkt werden kann",223,54,3,2,4,54,in_scope,1,,,,,1,False,annotation-00022101|annotation-00022102,,,,False,False,False,False,1,True,219,10,False,False,False,False,,223,ed2e1db7eb20f852,train
segment-3ed3047e823b04af0fca,segment-3ed3047e823b04af0fca-candidate-1,"Im Unterricht wurde darauf geachtet, dass die Schüler*innen aufmerksam sind, damit  
sie die Anweisungen und theoretischen Hintergründe gut verstehen",94,16,3,2,2,35,in_scope,1,,,,,1,False,annotation-00009826|annotation-00009827,,,,False,False,False,False,1,True,149,10,False,False,False,False,,94,7c587cc9ab214913,train
segment-3ee1f54e01dec86ccc61,segment-3ee1f54e01dec86ccc61-candidate-1,"Experimente sind im Naturwissenschaftlichen Unterricht von zentraler Bedeutung und führen 
häufig zu starkem Erkenntnisgewinn, da sie in hohem Maß kognitiv aktivierend sind.",221,40,3,2,4,26,in_scope,1,,,,,1,False,annotation-00022432|annotation-00022433,,,,False,False,False,False,1,True,173,10,False,False,False,False,,221,cf54d4a96848c26d,test
segment-3f307ba1ab2169bd8d0e,segment-3f307ba1ab2169bd8d0e-candidate-1,Die Abbildungen erleichtern das   Verständnis der Texte.,31,7,3,2,1,58,in_scope,1,,,,,1,False,annotation-00002138|annotation-00002139,,,,False,False,False,False,1,True,56,10,False,False,False,False,,31,6fd026ce8e8388c4,train
segment-3f3e058ab3b06e7c2e44,segment-3f3e058ab3b06e7c2e44-candidate-1,". Diese kurze Phase der  
Irritation kann dann genutzt werden, um die Aufmerksamkeit wieder nach vorne zu sich zu  
lenken.",163,54,3,2,3,15,in_scope,1,,,,,1,False,annotation-00017567|annotation-00017568,,,,False,False,False,False,1,True,123,10,False,False,False,False,,163,ed2e1db7eb20f852,train
segment-3f6ae42007d891e0485c,segment-3f6ae42007d891e0485c-candidate-1,"Recht schnell teilen Schüler*innen ihre kognitiven Assoziationen  
hierzu mit.",29,27,3,2,1,7,in_scope,1,,,,,1,False,annotation-00001471|annotation-00001472,,,,False,False,False,False,1,True,78,10,False,False,False,False,,29,2b1a36ed00f62e21,train
segment-3f99645f769361b69b19,segment-3f99645f769361b69b19-candidate-1,"Die kognitive Aktivierung soll vor allem spontanes Interesse generieren und hat auch Einfluss darauf, ob sich Lernende für ein Unterrichtsthema begeistern.",178,32,5,2,3,14,in_scope,1,,,,,1,False,annotation-00021128|annotation-00021129,,,,False,False,False,False,1,True,155,10,False,False,False,False,,178,95fcf727e1fee6d6,train
segment-3fb432f09e461010f8bc,segment-3fb432f09e461010f8bc-candidate-1,"Knüpft der  
Unterricht jedoch an die Lebenswelt der Schülerinnen und Schüler an, führt dies zu mehr Spaß  
am Lerngegenstand, was wiederum für erfolgreicheres Lernen sorgen kann (vgl. 10 Merkmale  
guten Unterrichts)",160,39,3,2,3,6,in_scope,1,,,,,1,False,annotation-00017643|annotation-00017644,,,,False,False,False,False,1,True,217,10,False,False,False,False,,160,8471822e1d4ebecc,train
segment-3fd8738b1fec0de6f515,segment-3fd8738b1fec0de6f515-candidate-1,". Hier müsste man eher auf ein Online-Tool zurückgreifen, dass die Antworten   selbstständig als richtig/falsch auswertet und eine automatische Rückmeldung mit Punk- oder Prozentzahlen   gibt",74,55,2,1,2,35,in_scope,1,,,,,1,False,annotation-00014400|annotation-00014401,,,,False,False,False,False,1,True,191,10,False,False,False,False,,74,45eb80c6912d4c20,dev
segment-400c42be9b3857f166a0,segment-400c42be9b3857f166a0-candidate-1,"Hier könnte man überlegen, die Fragen an der Tafel o.ä. zu sammeln, um die Ideen besser einzubinden und wertzuschätzen und aus den gesammelten Ergebnissen eine Frage formulieren.",42,4,4,2,1,23,in_scope,1,,,,,1,False,annotation-00002895|annotation-00002896,,,,False,False,False,False,1,True,178,10,False,False,False,False,,42,734cce279690eadc,test
segment-40112eecbc266ddfc38e,segment-40112eecbc266ddfc38e-candidate-1,"Außerdem sammelt die LP zu Beginn der Stunde Vorwissen der SuS, geht  
dann aber nicht weiter darauf ein.",34,14,3,2,1,57,in_scope,1,,,,,1,False,annotation-00001727|annotation-00001728,,,,False,False,False,False,1,True,105,10,False,False,False,False,,34,7b4ac7e6dba86acb,dev
segment-4027c14dedfd397d5daf,segment-4027c14dedfd397d5daf-candidate-1,"All diese Fragen sind absolut berechtigte und gut formulierte Fragen, da insbesondere die ersten drei Wie-Fragen auf mehr oder weniger dieselbe Antwort abzielen",48,24,5,1,1,20,in_scope,1,,,,,1,False,annotation-00006381,,,,False,False,False,False,1,True,160,10,False,False,False,False,,48,e303475eaa710a89,train
segment-402a8769c3434a314c0c,segment-402a8769c3434a314c0c-candidate-1,"Es ist wissenschaftlich belegt, dass man sich Informationen besser merken kann beziehungsweise Zusammenhänge einfacher versteht, wenn man sich sie selbst erarbeitet.",240,47,5,2,4,50,in_scope,1,,,,,1,False,annotation-00028056|annotation-00028057,,,,False,False,False,False,1,True,165,10,False,False,False,False,,240,5e026b3c944c5d13,train
segment-4033498eb31c61ca613f,segment-4033498eb31c61ca613f-candidate-1,"Diese Art  
der Nachfrage halte ich für ungünstig",38,39,3,2,1,36,in_scope,1,,,,,1,False,annotation-00001234|annotation-00001235,,,,False,False,False,False,1,True,49,10,False,False,False,False,,38,8471822e1d4ebecc,train
segment-4054034fec645de28e17,segment-4054034fec645de28e17-candidate-1,"Alternativ hätte die Lehrperson auch die  
SchülerInnen, die sich eher passiv hinter dem Whiteboard „verstecken“ ansprechen und zur  
aktiven Teilnahme motivieren sollen.",213,8,3,2,4,55,in_scope,1,,,,,1,False,annotation-00023370|annotation-00023371,,,,False,False,False,False,1,True,170,10,False,False,False,False,,213,010765bfd40e73e6,train
segment-406a3d2dd1d14b0a4a48,segment-406a3d2dd1d14b0a4a48-candidate-1,"Hilfreich  
wären außerdem Zeitvorgaben für die jeweiligen Arbeitsschritte gewesen.",97,37,3,2,2,14,in_scope,1,,,,,1,False,annotation-00009371|annotation-00009372,,,,False,False,False,False,1,True,83,10,False,False,False,False,,97,03fd173f4e9e83b6,train
segment-40873b1cc1a4c9f558fe,segment-40873b1cc1a4c9f558fe-candidate-1,"Wenn man dies als den Einstieg in eine Schulstunde annimmt, dann fehlt hier ein  
interessanter Aufhänger, mit jenem das Interesse der Lernenden geweckt wird.",215,14,3,2,4,7,in_scope,1,,,,,1,False,annotation-00023014|annotation-00023015,,,,False,False,False,False,1,True,158,10,False,False,False,False,,215,7b4ac7e6dba86acb,dev
segment-408b032c5ee0dcff47d3,segment-408b032c5ee0dcff47d3-candidate-1,"Wir haben keine Differenzierungsmöglichkeiten geschaffen, da wir davon ausgingen, dass alle Studierenden fast auf dem gleichen Stand sind. Im Nachhinein würde ich dies jedoch anders machen, da die Studierenden in verschiedenen Semestern waren und teilweise auch schon sehr viel, beziehungsweise wenig wussten. Ich würde ihnen im Vorhinein mehr Möglichkeiten bieten, um sich Wissen anzueignen und auf den gleichen Wissensstand zu kommen.",79,44,2,1,2,2,in_scope,1,,,,,1,False,annotation-00014155|annotation-00014156,,,,False,False,False,False,1,True,436,10,False,False,False,False,,79,d6edc4c7955d78b1,train
segment-409826f6556174ed7da9,segment-409826f6556174ed7da9-candidate-1,Dabei mussten die Schüler*innen selbst eine Problemfrage für das Phänomen formulieren und somit auch selbst über das Problem nachdenken,47,6,5,1,1,5,in_scope,1,,,,,1,False,annotation-00006096,,,,False,False,False,False,1,True,135,10,False,False,False,False,,47,97ee8f2854716d8e,train
segment-40d01ba5da54a689e9d1,segment-40d01ba5da54a689e9d1-candidate-1,"Es werden zwar einzelne SuS nach vorne gebeten, um ihre Ergebnisse vorzustellen, dennoch  
wird nicht tief genug darauf eingegangen und anhand dieser Beispiele die korrekte Lösung an  
die SuS übermittelt.",34,14,3,2,1,37,in_scope,1,,,,,1,False,annotation-00001694|annotation-00001695,,,,False,False,False,False,1,True,205,10,False,False,False,False,,34,7b4ac7e6dba86acb,dev
segment-40dfc7b929a135df2ba6,segment-40dfc7b929a135df2ba6-candidate-1,"In Bezug auf das Erlebnis und die Begeisterung, mit  
der die Lernenden bei der Sache waren, kann die Stunde jedoch insgesamt als  
gelungen bezeichnet werden.",97,37,3,2,2,64,in_scope,1,,,,,1,False,annotation-00009453|annotation-00009454,,,,False,False,False,False,1,True,159,10,False,False,False,False,,97,03fd173f4e9e83b6,train
segment-411cac9198c42c6f1d6a,segment-411cac9198c42c6f1d6a-candidate-1,"In der Klasse gab es Schüler:innen, welche die deutsche Sprache  
nicht gesprochen haben, dies war meiner Workshop-Gruppe vorher nicht bekannt",154,10,3,2,3,23,in_scope,1,,,,,1,False,annotation-00017985|annotation-00017986,,,,False,False,False,False,1,True,142,10,False,False,False,False,,154,c98254afde32e9a1,train
segment-41844acc6aadf97f3cb4,segment-41844acc6aadf97f3cb4-candidate-1,"ndem sie die Klasse gebeten hat, den Weg des Blutes 
durch den Körper zu zeichnen, hat sie eine geeignete Methode gewählt, um die  
Schüler kognitiv zu aktivieren und deren Vorwissen zu ermitteln",37,37,3,2,1,12,in_scope,1,,,,,1,False,annotation-00001321|annotation-00001322,,,,False,False,False,False,1,True,195,10,False,False,False,False,,37,03fd173f4e9e83b6,train
segment-41e858444f8f17df869b,segment-41e858444f8f17df869b-candidate-1,"Nachdem das Arbeitsblatt besprochen wurde,   folgte dann wieder eine Praxisphase",93,14,3,2,2,69,in_scope,1,,,,,1,False,annotation-00010016|annotation-00010017,,,,False,False,False,False,1,True,80,10,False,False,False,False,,93,7b4ac7e6dba86acb,dev
segment-42478d1923162aa8aebe,segment-42478d1923162aa8aebe-candidate-1,"Auch finde ich die Art der Sicherung auf dem Whiteboard nicht optimal, da dieses  
Medium temporär ist und ich die Darstellungsweise der Schülerinnen und Schüler auch nicht  
als klar verständlich empfunden habe",220,39,3,2,4,57,in_scope,1,,,,,1,False,annotation-00022644|annotation-00022645,,,,False,False,False,False,1,True,211,10,False,False,False,False,,220,8471822e1d4ebecc,train
segment-4290de125388093d678a,segment-4290de125388093d678a-candidate-1,"Dies stellt eine vertikale Vernetzung dar. Kleine Fehler konnten bereinigt werden, wie zum Beispiel bei der Benennung der Basen bei dem statt Thymin, Thynin genannt wurde (00:09:56).",122,57,5,2,2,38,in_scope,1,,,,,1,False,annotation-00016248|annotation-00016249,,,,False,False,False,False,1,True,182,10,False,False,False,False,,122,d1fbfe5e3fb609be,train
segment-43018a6beac482f188bc,segment-43018a6beac482f188bc-candidate-1,"Die fehlende Motivation einzelner Gruppen oder Personen ist eventuell auf die Gruppenarbeit und die Ter-minfindung zurückzuführen, wobei die Mehrheit der Studierenden, laut Rückmeldungen, durch den Work-shop dazu motiviert waren, sich näher mit den Inhalten auseinanderzusetzen.",74,55,2,1,2,51,in_scope,1,,,,,1,False,annotation-00014431|annotation-00014432,,,,False,False,False,False,1,True,278,10,False,False,False,False,,74,45eb80c6912d4c20,dev
segment-4323eff5bc13a01f9cca,segment-4323eff5bc13a01f9cca-candidate-1,"Ein Versuchsprotokoll oder ein Arbeitsblatt  
wäre für mache Schülerinnen und Schüler möglicherweise hilfreich gewesen, um den Ablauf  
des Workshops und die dabei vermittelten fachlichen Inhalte besser zu verstehen",89,3,3,2,2,60,in_scope,1,,,,,1,False,annotation-00010768|annotation-00010769,,,,False,False,False,False,1,True,215,10,False,False,False,False,,89,9efb7a7c3e8b6377,train
segment-4332d8388dc1d15b5615,segment-4332d8388dc1d15b5615-candidate-1,"Die LP versucht das Vorwissen der SuS  
zu aktivieren, gelangt aber durch den unpassenden Einstieg nicht auf das themenrelevante 
Vorwissen hinaus",34,14,3,2,1,56,in_scope,1,,,,,1,False,annotation-00001724|annotation-00001725,,,,False,False,False,False,1,True,146,10,False,False,False,False,,34,7b4ac7e6dba86acb,dev
segment-439da03118ea8b207f91,segment-439da03118ea8b207f91-candidate-1,"ch kann anhand der Videos nicht beurteilen, wie viel  
Vorwissen die Schülerinnen und Schüler darüber bereits haben, nichtsdestotrotz finde ich die  
Vorgehensweise sehr schnell und es erscheint mir mehr als Abhandlung als eine  
Reaktivierung bereits Gelerntem.",220,39,3,2,4,5,in_scope,1,,,,,1,False,annotation-00022550|annotation-00022551,,,,False,False,False,False,1,True,262,10,False,False,False,False,,220,8471822e1d4ebecc,train
segment-43aa917807e3ed8236ea,segment-43aa917807e3ed8236ea-candidate-1,"An sich ist der Einsatz eines realen  
Objekts, welches vielen Schüler:innen bekannt ist, sehr sinnvoll, da dadurch die kognitive  
Aktivierung hoch ist",33,10,3,2,1,8,in_scope,1,,,,,1,False,annotation-00001818|annotation-00001819,,,,False,False,False,False,1,True,152,10,False,False,False,False,,33,c98254afde32e9a1,train
segment-43e420f7084641521f56,segment-43e420f7084641521f56-candidate-1,"Die SuS konnten der Lehrerin zu Beginn der Stunde folgen und das Dextro Energy Päckchen thematisch einordnen, jedoch wussten viele zu Beginn nicht, worauf sie hinauswollte.",8,17,1,2,1,70,in_scope,1,,,,,1,False,annotation-00000698|annotation-00000699,,,,False,False,False,False,1,True,172,10,False,False,False,False,,8,423489dd4b4c0912,train
segment-43e5b46bb4d12cac726c,segment-43e5b46bb4d12cac726c-candidate-1,"Um dieses Interesse und 
Motivation gänzlich zu nutzen wäre ein TPS an dieser Stelle sehr hilfreich gewesen, sodass alle Schüler*Innen einen Beitrag leisten können und ihre Ideen und Vorwissen teilen können",26,41,2,2,1,13,in_scope,1,,,,,1,False,annotation-00004252,,,,False,False,False,False,1,True,206,10,False,False,False,False,,26,4b146d61ab8738ab,train
segment-440873a286963fa08ed2,segment-440873a286963fa08ed2-candidate-1,"Dass diese Anzahl der Kinder an Sekundarschulen  
deutlich höher ist als man annimmt, habe ich ebenfalls in zahlreichen Praktika erfahren.",163,54,3,2,3,25,in_scope,1,,,,,1,False,annotation-00017588|annotation-00017589,,,,False,False,False,False,1,True,138,10,False,False,False,False,,163,ed2e1db7eb20f852,train
segment-440fa270cb66d7b6ce77,segment-440fa270cb66d7b6ce77-candidate-1,"Es kann also durchaus angezweifelt  
werden, wie nachhaltig das Fachwissen vermittelt wurde und ob das Fachwissen überhaupt  
aufgenommen wurde.",91,8,3,2,2,71,in_scope,1,,,,,1,False,annotation-00010404|annotation-00010405,,,,False,False,False,False,1,True,144,10,False,False,False,False,,91,010765bfd40e73e6,train
segment-442cfe5d859fa9b0fa2d,segment-442cfe5d859fa9b0fa2d-candidate-1,"Diese  
Schüler:innen hatten Schwierigkeiten, den Arbeitsschritten zu folgen, da diese nur mündlich  
erklärt wurden und Fachbegriffe beinhalteten.",154,10,3,2,3,26,in_scope,1,,,,,1,False,annotation-00017988|annotation-00017989,,,,False,False,False,False,1,True,147,10,False,False,False,False,,154,c98254afde32e9a1,train
segment-445ff97fa90dcbbc7069,segment-445ff97fa90dcbbc7069-candidate-1,"Die  
Wahl dieses Unterrichtseinstieges waren überwiegend motivationale Gründe und sollten auf  
Seiten der SchülerInnen Interesse und Spannung für die vorliegende Unterrichtsstunde  
hervorrufen",91,8,3,2,2,8,in_scope,1,,,,,1,False,annotation-00010299|annotation-00010300,,,,False,False,False,False,1,True,195,10,False,False,False,False,,91,010765bfd40e73e6,train
segment-44ccf5dd6f91bb55309e,segment-44ccf5dd6f91bb55309e-candidate-1,"Zudem kann die persönliche Motivation darauf ausgerichtet sein, den SuS Fachwissen mit auf den Weg zu geben und sie zu befähigen in Diskussionen (z.B. der 
Coronasituation) Fachwissen explizit auf dem Punkt zu formulieren.",149,46,2,2,3,51,in_scope,1,,,,,1,False,annotation-00019030|annotation-00019031,,,,False,False,False,False,1,True,222,10,False,False,False,False,,149,8490512266eabf51,dev
segment-44d0d576d0cfef06d08a,segment-44d0d576d0cfef06d08a-candidate-1,"Ein Verlangen die Kamera anzuschalten folgte von uns nicht, da die Veranstaltung aufgezeichnet wurde",129,17,1,2,3,29,in_scope,1,,,,,1,False,annotation-00018470|annotation-00018471,,,,False,False,False,False,1,True,100,10,False,False,False,False,,129,423489dd4b4c0912,train
segment-44d61ae8fc47fbef8b48,segment-44d61ae8fc47fbef8b48-candidate-1,"Der Einsatz eines  
Versuchsprotokolls hat auch den Vorteil, dass eine weitere Methode zur Erkenntnisgewinnung,   nämlich das Protokollieren, eingeübt werden kann.",91,8,3,2,2,47,in_scope,1,,,,,1,False,annotation-00010368|annotation-00010369,,,,False,False,False,False,1,True,163,10,False,False,False,False,,91,010765bfd40e73e6,train
segment-44d876ded9ae45a7a7d9,segment-44d876ded9ae45a7a7d9-candidate-1,"n dieser  
Unterrichtsstunde konnte man gut beobachten, dass die Schülervorstellungen die Grundlage  
für den weiteren Lernprozesses bildeten.",39,40,3,2,1,32,in_scope,1,,,,,1,False,annotation-00001070|annotation-00001071,,,,False,False,False,False,1,True,142,10,False,False,False,False,,39,cf54d4a96848c26d,test
segment-44df586016025b7ce61b,segment-44df586016025b7ce61b-candidate-1,"Auch wenn die meisten Lernenden das  
Gelgießen und die Pipettierübungen gut hinbekommen haben, hätte man sie hier  
eventuell noch mehr führen müssen",93,14,3,2,2,36,in_scope,1,,,,,1,False,annotation-00009956|annotation-00009957,,,,False,False,False,False,1,True,150,10,False,False,False,False,,93,7b4ac7e6dba86acb,dev
segment-44fd6cb17b55c09f8253,segment-44fd6cb17b55c09f8253-candidate-1,"Zusätzlich kann man sich eine Uhr mit Sekundenzeiger bereitstellen und den 
Teilnehmern des Workshops eine bestimmte Zeit zum Nachdenken geben",191,17,1,2,4,28,in_scope,1,,,,,1,False,annotation-00024206|annotation-00024207,,,,False,False,False,False,1,True,142,10,False,False,False,False,,191,423489dd4b4c0912,train
segment-45136fe1c65eca7ebcc0,segment-45136fe1c65eca7ebcc0-candidate-1,"Ein Vorteil dieser Methode besteht darin, dass auch schüchterne Schüler:innen  
in der Kleingruppe am Wissensaustausch teilnehmen und mitwirken können",92,10,3,2,2,56,in_scope,1,,,,,1,False,annotation-00010191|annotation-00010192,,,,False,False,False,False,1,True,150,10,False,False,False,False,,92,c98254afde32e9a1,train
segment-457582746e8e4e0e6ebc,segment-457582746e8e4e0e6ebc-candidate-1,"Einige der SchülerInnen  
drehen sich währenddessen bereits weg und scheinen der Lehrperson nicht mehr zuzuhören.",213,8,3,2,4,73,in_scope,1,,,,,1,False,annotation-00023397|annotation-00023398,,,,False,False,False,False,1,True,113,10,False,False,False,False,,213,010765bfd40e73e6,train
segment-45b17bf92ecb144157b5,segment-45b17bf92ecb144157b5-candidate-1,"Jedoch konnte beobachtet werden, dass es während der Arbeitsphasen zum Teil zu Fragen über die Aufgabenstellung und des Ablaufs kam",110,28,5,1,2,24,in_scope,1,,,,,1,False,annotation-00014965,,,,False,False,False,False,1,True,131,10,False,False,False,False,,110,66113b8d0b6fb170,test
segment-45b18a50e6b327cab26d,segment-45b18a50e6b327cab26d-candidate-1,"Aus diesem gingen die detaillieren Beurteilungskriterien, einfache Tipps und Empfehlungen zur Videoerstellung sowie die Top 3 App Empfehlungen für kreatives Videocontent-Design hervor",77,21,2,1,2,15,in_scope,1,,,,,1,False,annotation-00013368,,,,False,False,False,False,1,True,183,10,False,False,False,False,,77,8153a465245aa4f5,train
segment-45bd2a5ccbb977e3022c,segment-45bd2a5ccbb977e3022c-candidate-1,"Sie wurden also wieder aktiv in den Lernprozess mit einbezogen und konnten selbst  
neue Erkenntnisse erarbeiten.",37,37,3,2,1,21,in_scope,1,,,,,1,False,annotation-00001341|annotation-00001342,,,,False,False,False,False,1,True,113,10,False,False,False,False,,37,03fd173f4e9e83b6,train
segment-45c76ae585f05c4072c6,segment-45c76ae585f05c4072c6-candidate-1,"Daraus schließe ich,   dass ich vor einem Workshop Arbeitsschritte mehrmals im Kopf durchgehen sollte, sodass ich  
diese sicher im Kopf habe und eine flüssige Erklärung möglich ist und ich auch mehr Sicherheit  
in der Durchführung habe.",154,10,3,2,3,12,in_scope,1,,,,,1,False,annotation-00017964|annotation-00017965,,,,False,False,False,False,1,True,238,10,False,False,False,False,,154,c98254afde32e9a1,train
segment-45cb8c208a29cce1eec8,segment-45cb8c208a29cce1eec8-candidate-1,"or allem bei molekularbiologischen Aspekten hätte man jedoch noch vermehrt die  
korrekte Verwendung von Fachbegriffen der SuS einfordern können.",99,40,3,2,2,61,in_scope,1,,,,,1,False,annotation-00009158|annotation-00009159,,,,False,False,False,False,1,True,145,10,False,False,False,False,,99,cf54d4a96848c26d,test
segment-45fe11f0871f0e978aaf,segment-45fe11f0871f0e978aaf-candidate-1,"Die Lehrkraft geht damit gelassen um und reagiert daraufhin nur mit  
„okay, er ist jetzt da“ und macht mit dem regulären Unterricht weiter.",223,54,3,2,4,44,in_scope,1,,,,,1,False,annotation-00022083|annotation-00022084,,,,False,False,False,False,1,True,140,10,False,False,False,False,,223,ed2e1db7eb20f852,train
segment-46322846ef9a81994aa1,segment-46322846ef9a81994aa1-candidate-1,"Die  
Stundenfrage und die Arbeitsaufträge wurden grundsätzlich in der Unterrichtsstunde an der  
Tafel festgehalten oder angebracht und waren so für die SuS die gesamte Zeit sichtbar, was  
dem Unterricht Struktur und einen roten Faden gab.",39,40,3,2,1,19,in_scope,1,,,,,1,False,annotation-00001051|annotation-00001052,,,,False,False,False,False,1,True,241,10,False,False,False,False,,39,cf54d4a96848c26d,test
segment-463a5992a991a72881ec,segment-463a5992a991a72881ec-candidate-1,Im Allgemeinen geht die Lehrerin auf die Heterogenität der Klasse nicht ein.,208,41,2,2,4,20,in_scope,1,,,,,1,False,annotation-00024977|annotation-00024978,,,,False,False,False,False,1,True,76,10,False,False,False,False,,208,4b146d61ab8738ab,train
segment-4666bb8856f7241a7431,segment-4666bb8856f7241a7431-candidate-1,"Die Lehrkraft wendet unterschiedliche Arbeitstechniken  
an (Think-Pair-Share, Zeichnen, Textarbeit), jedoch ist die Rückmeldung der Lehrkraft zu  
gering, wodurch kein großer Lernerfolg ermöglicht wird",33,10,3,2,1,61,in_scope,1,,,,,1,False,annotation-00001915|annotation-00001916,,,,False,False,False,False,1,True,202,10,False,False,False,False,,33,c98254afde32e9a1,train
segment-467f56e7e0d75dbc7a56,segment-467f56e7e0d75dbc7a56-candidate-1,"Daher geht der Unterricht Vorrangig auf die Organisationsstufe des Zellkerns/ der Zelle, ein.",122,57,5,2,2,35,in_scope,1,,,,,1,False,annotation-00016241|annotation-00016242,,,,False,False,False,False,1,True,93,10,False,False,False,False,,122,d1fbfe5e3fb609be,train
segment-46b2e68efbdf1480fb46,segment-46b2e68efbdf1480fb46-candidate-1,"So hatten die   SchülerInnen die Möglichkeit immer wieder an der Tafel nachzuschauen, was sie   machen müssen.",212,7,3,2,4,9,in_scope,1,,,,,1,False,annotation-00023417|annotation-00023418,,,,False,False,False,False,1,True,110,10,False,False,False,False,,212,6fd026ce8e8388c4,train
segment-4715f66a8bd76397e35d,segment-4715f66a8bd76397e35d-candidate-1,"Auch wenn sich viele Antworten der Studierenden im Forum wiederholten – was gleichzeitig ein Kritikpunkt von Seiten der Studierenden an der Gestaltung der Aufgabenstellung war – waren doch einige, sehr differenzierte und spannende Rückmeldungen vorhanden",62,30,1,1,2,43,in_scope,1,,,,,1,False,annotation-00007838,,,,False,False,False,False,1,True,254,10,False,False,False,False,,62,94dd5be7b479f16e,train
segment-47281bcbce108c60bd37,segment-47281bcbce108c60bd37-candidate-1,"
ich würde 2er - 4er Gruppen vorschlagen",27,46,2,2,1,15,in_scope,1,,,,,1,False,annotation-00003632|annotation-00003633,,,,False,False,False,False,1,True,39,10,False,False,False,False,,27,8490512266eabf51,dev
segment-4778688f27ae2275a870,segment-4778688f27ae2275a870-candidate-1,"Da die zur Verfügung gestellten Informationstexte keinerlei  
Differenzierung nach Schwierigkeitsgrad oder Umfang aufweisen, kann hier kritisiert  
werden, dass die individuellen Leistungsniveaus der Kinder nicht berücksichtigt  
wurden.",30,3,3,2,1,35,in_scope,1,,,,,1,False,annotation-00002249|annotation-00002250,,,,False,False,False,False,1,True,237,10,False,False,False,False,,30,9efb7a7c3e8b6377,train
segment-478d88726c7fc843eb57,segment-478d88726c7fc843eb57-candidate-1,"Dieses Szenario ist eine negative  
Eigenschaft, was so eine Methode des forschenden Lernens mit sich bringen kann.",215,14,3,2,4,69,in_scope,1,,,,,1,False,annotation-00023130|annotation-00023131,,,,False,False,False,False,1,True,115,10,False,False,False,False,,215,7b4ac7e6dba86acb,dev
segment-47b91a79ec814c4e7f89,segment-47b91a79ec814c4e7f89-candidate-1,"Die Schülerinnen und Schüler hatten die Aufgabe, mithilfe der Gelelektrophorese den Täter zu überführen.",120,47,5,2,2,55,in_scope,1,,,,,1,False,annotation-00015935|annotation-00015936,,,,False,False,False,False,1,True,104,10,False,False,False,False,,120,5e026b3c944c5d13,train
segment-47fdf1d1d5f961527423,segment-47fdf1d1d5f961527423-candidate-1,"Hiervon ist auszugehen, da zu einzelnen Phasen des Zyklus  
Fragen gestellt wurden",95,27,3,2,2,100,in_scope,1,,,,,1,False,annotation-00009737|annotation-00009738,,,,False,False,False,False,1,True,82,10,False,False,False,False,,95,2b1a36ed00f62e21,train
segment-483619bb1fc0b9ce7730,segment-483619bb1fc0b9ce7730-candidate-1,"Schon im ersten Video konnte man sehen, wie die SchülerInnen kognitiv aktiviert  wurden",212,7,3,2,4,23,in_scope,1,,,,,1,False,annotation-00023438|annotation-00023439,,,,False,False,False,False,1,True,87,10,False,False,False,False,,212,6fd026ce8e8388c4,train
segment-48514aca6f85960168a5,segment-48514aca6f85960168a5-candidate-1,"Eine feste Aufgabenverteilung, die Heterogenität in Bezug auf Vorwissen und Erfahrungen, sowie das regelmäßige und zielorientierte Treffen in der Planungsphase, waren Faktoren, die die den Ablauf der Gruppenarbeit positiv beeinflusst haben",77,21,2,1,2,62,in_scope,1,,,,,1,False,annotation-00013470|annotation-00013471,,,,False,False,False,False,1,True,239,10,False,False,False,False,,77,8153a465245aa4f5,train
segment-48e49138cc6bdba47acd,segment-48e49138cc6bdba47acd-candidate-1,"Außerdem wurde angeleitet, die Geltaschen  
der Gelelektrophorese zu beladen.",93,14,3,2,2,73,in_scope,1,,,,,1,False,annotation-00010025|annotation-00010026,,,,False,False,False,False,1,True,77,10,False,False,False,False,,93,7b4ac7e6dba86acb,dev
segment-48ebd3f96ea7963a0186,segment-48ebd3f96ea7963a0186-candidate-1,"Außerdem stand an jedem Tisch eine Lehrperson, die bei Fragen oder Problemen   helfen konnte",90,7,3,2,2,54,in_scope,1,,,,,1,False,annotation-00010544|annotation-00010545,,,,False,False,False,False,1,True,92,10,False,False,False,False,,90,6fd026ce8e8388c4,train
segment-48f1c2d8847355579cfb,segment-48f1c2d8847355579cfb-candidate-1,"Wenn sie nicht automatisch eine Begründung   geben, fordert die Lehrkraft eine ein",212,7,3,2,4,41,in_scope,1,,,,,1,False,annotation-00023472|annotation-00023473,,,,False,False,False,False,1,True,82,10,False,False,False,False,,212,6fd026ce8e8388c4,train
segment-4922f037aa7def5bfe8f,segment-4922f037aa7def5bfe8f-candidate-1,"So  
kann es schnell dazu kommen, dass eigentlich wichtige Inhalte für das Verständnis der SuS  
verloren gehen.",34,14,3,2,1,49,in_scope,1,,,,,1,False,annotation-00001715|annotation-00001716,,,,False,False,False,False,1,True,112,10,False,False,False,False,,34,7b4ac7e6dba86acb,dev
segment-496274c6e585c08d9a85,segment-496274c6e585c08d9a85-candidate-1,"Da, die  
SchülerInnen immer nur ihr Arbeitsblatt zur Präsentation verwendet haben, konnte  
keine Modellvorstellung aufgebaut werden",41,54,3,2,1,87,in_scope,1,,,,,1,False,annotation-00000988|annotation-00000989,,,,False,False,False,False,1,True,133,10,False,False,False,False,,41,ed2e1db7eb20f852,train
segment-497cd63f2ddb0c06d27f,segment-497cd63f2ddb0c06d27f-candidate-1,"Im Bereich der Erkenntnisgewinnung (PCK) lernen die Schülerinnen und Schüler durch das  
Experimentieren, genau zu beobachten, was auch im Video ersichtlich wird",216,16,3,2,4,54,in_scope,1,,,,,1,False,annotation-00022994|annotation-00022995,,,,False,False,False,False,1,True,161,10,False,False,False,False,,216,7c587cc9ab214913,train
segment-4982868ddb85cf15b68d,segment-4982868ddb85cf15b68d-candidate-1,"Außerdem sollen sie Versuche zur Fotosynthese durchführen (Vgl. Ministerium für   Kultus, Jugend und Sport Baden-Württemberg, 2016)",212,7,3,2,4,57,in_scope,1,,,,,1,False,annotation-00023500|annotation-00023501,,,,False,False,False,False,1,True,131,10,False,False,False,False,,212,6fd026ce8e8388c4,train
segment-4988bab1f1a84aed43cb,segment-4988bab1f1a84aed43cb-candidate-1," In dieser Phase des Workshops wählten die Präsentanten und Daniel Probst RUPM SoSe23 Forschungscode: dake02 
Präsentantinnen eine Kombination aus vortechnischen Medien und technischen  
Medien (Schiffl & Weiglhofer, 2019)",93,14,3,2,2,60,in_scope,1,,,,,1,False,annotation-00010001|annotation-00010002,,,,False,False,False,False,1,True,221,10,False,False,False,False,,93,7b4ac7e6dba86acb,dev
segment-49a7dab3c0212fcbaa0a,segment-49a7dab3c0212fcbaa0a-candidate-1,"Jede Gruppe (D, N und A) hatte in einer Teilsitzung die Möglichkeit sich der Aufgabe zu widmen, wie sie ihr in der asynchronen Phase behandeltes DNA-Modell verkaufen können",129,17,1,2,3,6,in_scope,1,,,,,1,False,annotation-00018413|annotation-00018414,,,,False,False,False,False,1,True,172,10,False,False,False,False,,129,423489dd4b4c0912,train
segment-49e4726cfb0301d6d317,segment-49e4726cfb0301d6d317-candidate-1,Hierbei hätte der Einsatz von digitalen Medien noch weitere Vorteile mit sich bringen können,32,8,3,2,1,34,in_scope,1,,,,,1,False,annotation-00002011|annotation-00002012,,,,False,False,False,False,1,True,92,10,False,False,False,False,,32,010765bfd40e73e6,train
segment-49f8064567719bea52db,segment-49f8064567719bea52db-candidate-1,"Dies  
wäre Teil einer gelungenen Unterrichtsstunde, da nachhaltiges Lernen immer den Einbezug von  
SchülerInnenvorstellungen beinhaltet.",91,8,3,2,2,16,in_scope,1,,,,,1,False,annotation-00010311|annotation-00010312,,,,False,False,False,False,1,True,138,10,False,False,False,False,,91,010765bfd40e73e6,train
segment-49f9da0076398633b9bf,segment-49f9da0076398633b9bf-candidate-1,"Die Lehrkraft ist offensichtlich vor allem mit den  
Fragestellungen nicht zufrieden.",41,54,3,2,1,20,in_scope,1,,,,,1,False,annotation-00000863|annotation-00000864,,,,False,False,False,False,1,True,85,10,False,False,False,False,,41,ed2e1db7eb20f852,train
segment-49fb8a7a98b41c9589b3,segment-49fb8a7a98b41c9589b3-candidate-1,"Aus diesem Grund  
wurde auch die darauffolgende Pipettierübung ausführlich erklärt.",89,3,3,2,2,27,in_scope,1,,,,,1,False,annotation-00010714|annotation-00010715,,,,False,False,False,False,1,True,84,10,False,False,False,False,,89,9efb7a7c3e8b6377,train
segment-4a21c075146da7635535,segment-4a21c075146da7635535-candidate-1,"Da wie bereits angemerkt, diese auf dasselbe Thema abgezielt haben.",48,24,5,1,1,34,in_scope,1,,,,,1,False,annotation-00006414|annotation-00006415,,,,False,False,False,False,1,True,67,10,False,False,False,False,,48,e303475eaa710a89,train
segment-4a8aa1445a9fb42e3de5,segment-4a8aa1445a9fb42e3de5-candidate-1,"Da der gesamte Workshop in Gruppentischen stattgefunden hat, konnten sich die   SchülerInnen auch während den Input Phasen immer wieder kurz austauschen und   jede*r hatte die Möglichkeit etwas beizutragen.",90,7,3,2,2,86,in_scope,1,,,,,1,False,annotation-00010598|annotation-00010599,,,,False,False,False,False,1,True,206,10,False,False,False,False,,90,6fd026ce8e8388c4,train
segment-4aa154a99135a9483835,segment-4aa154a99135a9483835-candidate-1,"Durch die Plakate, welche den SuS aufzeigen, welche Aufgabe sie in gewissen Momenten erledigen müssen, wird eine Unterstützung geboten",43,26,4,2,1,54,in_scope,1,,,,,1,False,annotation-00003104,,,,False,False,False,False,1,True,134,10,False,False,False,False,,43,d9e814e2d3def543,train
segment-4add6cc41899040b0a18,segment-4add6cc41899040b0a18-candidate-1,"Da aber der Schwerpunkt auf der naturwissenschaftlichen Erkenntnisgewinnung und dessen Methoden lag, war der fachwissenschaftliche Inhalt wahrscheinlich eher Mittel zum Zweck und im Rahmen des Unterrichts gut umsetzbar.",207,20,2,2,4,10,in_scope,1,,,,,1,False,annotation-00024846,,,,False,False,False,False,1,True,219,10,False,False,False,False,,207,5257a952b667ebc3,train
segment-4aec036c03d1f94d46bb,segment-4aec036c03d1f94d46bb-candidate-1,"Nichtsdestotrotz wird im Verlauf der Stunde deutlich,  dass alles in allem ein Wissenszuwachs bei den SchülerInnen stattgefunden hat",30,3,3,2,1,66,in_scope,1,,,,,1,False,annotation-00002310|annotation-00002311,,,,False,False,False,False,1,True,132,10,False,False,False,False,,30,9efb7a7c3e8b6377,train
segment-4b011f0fdcc14dacd8ec,segment-4b011f0fdcc14dacd8ec-candidate-1,Zur weiteren kognitiven Aktivierung sollten die SchülerInnen ihre vorhandenen Vorstellungen zum Blutkreislauf skizzenhaft darstellen,32,8,3,2,1,7,in_scope,1,,,,,1,False,annotation-00001950|annotation-00001951,,,,False,False,False,False,1,True,132,10,False,False,False,False,,32,010765bfd40e73e6,train
segment-4b25f65964e9adfc14df,segment-4b25f65964e9adfc14df-candidate-1,"Während des praktischen Arbeitens war die Lehrperson aktiv in der Überwachung und  
Unterstützung der Schülerinnen engagiert",156,16,3,2,3,32,in_scope,1,,,,,1,False,annotation-00017836|annotation-00017837,,,,False,False,False,False,1,True,124,10,False,False,False,False,,156,7c587cc9ab214913,train
segment-4b58b4cb3c904d176c17,segment-4b58b4cb3c904d176c17-candidate-1,Es gab ihnen die Möglichkeit die eigene Sichtweise zu reflektieren und darüber ins Nachdenken zu kommen.,51,38,5,1,1,71,in_scope,1,,,,,1,False,annotation-00006042|annotation-00006043,,,,False,False,False,False,1,True,104,10,False,False,False,False,,51,35c1f080cdf0ebcb,test
segment-4b66047872fd72a219a1,segment-4b66047872fd72a219a1-candidate-1,"Da dennoch reale Proben von Herrn Haberbosch im Vorhinein angesetzt wurden, sodass die Schüler:innen eine Gelelektrophorese durchführen konnten, ist dies aber irrelevant für die Schüler:innen und diese arbeiten in diesem Sinne dennoch mit realen Objekten.",86,41,2,2,2,10,in_scope,1,,,,,1,False,annotation-00013099,,,,False,False,False,False,1,True,255,10,False,False,False,False,,86,4b146d61ab8738ab,train
segment-4bd7899f1a3c2bca362a,segment-4bd7899f1a3c2bca362a-candidate-1,"Diese Grafiken und Medien veranschaulichten die Prozesse und  
dienten auch als Grundlage für Rückfragen.",98,39,3,2,2,45,in_scope,1,,,,,1,False,annotation-00009295|annotation-00009296,,,,False,False,False,False,1,True,105,10,False,False,False,False,,98,8471822e1d4ebecc,train
segment-4c11d1895a5c71102900,segment-4c11d1895a5c71102900-candidate-1,"Was man zur Klassenführung sagen kann, ist dass der Umgang zwischen der  
Lehrkraft und den Schüler und Schülerinnen sehr respektvoll war.",218,33,3,2,4,5,in_scope,1,,,,,1,False,annotation-00022754|annotation-00022755,,,,False,False,False,False,1,True,138,10,False,False,False,False,,218,fd1a055c1ca13050,test
segment-4c34475802116fcc806f,segment-4c34475802116fcc806f-candidate-1,"So passiert es, dass Vermutungen und Fragestellungen genannt werden, welche die  
Lehrkraft nicht haben wollte",41,54,3,2,1,19,in_scope,1,,,,,1,False,annotation-00000860|annotation-00000861,,,,False,False,False,False,1,True,110,10,False,False,False,False,,41,ed2e1db7eb20f852,train
segment-4c4d32b5f4470018024a,segment-4c4d32b5f4470018024a-candidate-1,"Die Lehrkraft elementarisiert den Inhalt der Stunde auf den Blutkreislauf, diese Eingrenzung  
des Themas gelingt ihr jedoch nur in der Erarbeitungsphase, die anderen Phasen beinhalten 
häufig den Stofftransport, wodurch es zu Verwirrung bei den Schüler:innen kommt und der Celine Bollmann 21.04.2023 
cesa12  
Zusammenhang zwischen Traubenzucker und Blutkreislauf für die Schüler:innen nicht ganz  
eindeutig ist.",33,10,3,2,1,54,in_scope,1,,,,,1,False,annotation-00001902|annotation-00001903,,,,False,False,False,False,1,True,414,10,False,False,False,False,,33,c98254afde32e9a1,train
segment-4c586bc069f756ece429,segment-4c586bc069f756ece429-candidate-1,Auch eine Variablenkonfundierung ist hier nicht auszuschließen.,77,21,2,1,2,23,in_scope,1,,,,,1,False,annotation-00013379,,,,False,False,False,False,1,True,63,10,False,False,False,False,,77,8153a465245aa4f5,train
segment-4c78bbd45563bb27ba71,segment-4c78bbd45563bb27ba71-candidate-1,"Erkenntnisgewinnung wurde in der vorliegenden Unterrichtsstunde vor allem die Anwendung  
von biologischen Arbeitsweisen gewählt.",91,8,3,2,2,21,in_scope,1,,,,,1,False,annotation-00010323|annotation-00010324,,,,False,False,False,False,1,True,129,10,False,False,False,False,,91,010765bfd40e73e6,train
segment-4c8574dc40c4a3711b05,segment-4c8574dc40c4a3711b05-candidate-1,"Interessante wäre es die vorab formulierten Lernziele zu wissen, um nachzuvollziehen,  ob diese erfüllt worden sind.",40,43,3,2,1,42,in_scope,1,,,,,1,False,annotation-00000828|annotation-00000829,,,,False,False,False,False,1,True,116,10,False,False,False,False,,40,ef200883f78ba4bc,train
segment-4cca9df3a0a298e22339,segment-4cca9df3a0a298e22339-candidate-1,"Durch die erste Phase werden somit  
die Schülervorstellungen vollkommen berücksichtigt.",33,10,3,2,1,22,in_scope,1,,,,,1,False,annotation-00001845|annotation-00001846,,,,False,False,False,False,1,True,88,10,False,False,False,False,,33,c98254afde32e9a1,train
segment-4cdb82a6487d7d9a3316,segment-4cdb82a6487d7d9a3316-candidate-1,"Um hier Verbindlichkeiten zu schaffen, könnte man die Stationen aufteilen und „Jobs“ vergeben.",26,41,2,2,1,27,in_scope,1,,,,,1,False,annotation-00004279|annotation-00004280,,,,False,False,False,False,1,True,94,10,False,False,False,False,,26,4b146d61ab8738ab,train
segment-4cdea8019302369746da,segment-4cdea8019302369746da-candidate-1,"Ein  
akustisches Signal in Form eines Gongs oder einer Klangschale bietet sich dabei an.",163,54,3,2,3,10,in_scope,1,,,,,1,False,annotation-00017558|annotation-00017559,,,,False,False,False,False,1,True,89,10,False,False,False,False,,163,ed2e1db7eb20f852,train
segment-4ce19292ef34c5295eb6,segment-4ce19292ef34c5295eb6-candidate-1,"Diese Maßnahme sollte Struktur und Klarheit in die  
Unterrichtstunde bringen und die SuS so beim Lernprozess unterstützen.",99,40,3,2,2,29,in_scope,1,,,,,1,False,annotation-00009100|annotation-00009101,,,,False,False,False,False,1,True,123,10,False,False,False,False,,99,cf54d4a96848c26d,test
segment-4ced8d47ec24c21d1592,segment-4ced8d47ec24c21d1592-candidate-1,"Außerdem entspricht sie nicht der klassischen Form einer   PowerPoint, ist arbeitserleichternd, gut händelbar sowie motivierend, da die Aufbereitung etwas anders ist   als üblich.",74,55,2,1,2,68,in_scope,1,,,,,1,False,annotation-00014470|annotation-00014471,,,,False,False,False,False,1,True,179,10,False,False,False,False,,74,45eb80c6912d4c20,dev
segment-4d19a39abb443b79dcc9,segment-4d19a39abb443b79dcc9-candidate-1,Die Schüler*innen wurden dazu angeleitet Informationen Sach- und Fachgerecht zu erschließen.,60,57,5,2,1,26,in_scope,1,,,,,1,False,annotation-00007150|annotation-00007151,,,,False,False,False,False,1,True,92,10,False,False,False,False,,60,d1fbfe5e3fb609be,train
segment-4d3cdb0c330eedadb62b,segment-4d3cdb0c330eedadb62b-candidate-1,"Es kann passiert sein, dass SchülerInnen  
bereits in dieser Phase verwirrt und verunsichert wurden und am Ende der Stunde  
unerwünschte Fehlvorstellungen erzielt haben, da sie nicht verstanden haben, was Dextro Energy genau mit dem Blutkreislauf zu tun hat",41,54,3,2,1,41,in_scope,1,,,,,1,False,annotation-00000897|annotation-00000898,,,,False,False,False,False,1,True,258,10,False,False,False,False,,41,ed2e1db7eb20f852,train
segment-4d44ae7c223af9bdd6e9,segment-4d44ae7c223af9bdd6e9-candidate-1,"Innerhalb des Bereichs der kognitiven Aktivierung und des Aspekts der Forderung von  
Begründungen der Antworten im Unterricht ist zu beobachten, dass die Lehrperson bei  
der Vorstellung der Ergebnisse der Gruppe so lange nachfragt, bis offene oder unklare  
Bereiche geklärt sind (00:30, Video 3).",217,27,3,2,4,52,in_scope,1,,,,,1,False,annotation-00022887|annotation-00022888,,,,False,False,False,False,1,True,299,10,False,False,False,False,,217,2b1a36ed00f62e21,train
segment-4dce1f5acac79e44d55a,segment-4dce1f5acac79e44d55a-candidate-1,"Auch bei diesem letzten Teil, hätten wir als LK uns ein Gel nehmen 
sollen und es für alle unter der Dokumentenkamera zeigen und nochmal erklären 
lassen sollen (von den SuS), woran man genau sieht, wer der Täter oder wer die 
Täterin ist",96,33,3,2,2,51,in_scope,1,,,,,1,False,annotation-00009559|annotation-00009560,,,,False,False,False,False,1,True,238,10,False,False,False,False,,96,fd1a055c1ca13050,test
segment-4ded795dfd62343ba1c9,segment-4ded795dfd62343ba1c9-candidate-1,"Sie gibt den SchülerInnen jedoch auch keine  
Rückmeldung, was an der jeweiligen Fragestellung falsch ist",41,54,3,2,1,22,in_scope,1,,,,,1,False,annotation-00000866|annotation-00000867,,,,False,False,False,False,1,True,105,10,False,False,False,False,,41,ed2e1db7eb20f852,train
segment-4e5fdddc0e07df45c8c8,segment-4e5fdddc0e07df45c8c8-candidate-1,Die Aufgaben waren unterschiedlich umfangreich,102,4,4,2,2,32,in_scope,1,,,,,1,False,annotation-00011636|annotation-00011637,,,,False,False,False,False,1,True,46,10,False,False,False,False,,102,734cce279690eadc,test
segment-4e610f6cc29e7cc46c8f,segment-4e610f6cc29e7cc46c8f-candidate-1,"Sowohl der Zeitliche Rahmen als auch der Versuch  
waren somit bereits festgelegt",159,37,3,2,3,16,in_scope,1,,,,,1,False,annotation-00017698|annotation-00017699,,,,False,False,False,False,1,True,81,10,False,False,False,False,,159,03fd173f4e9e83b6,train
segment-4e6b9166aa162a7c3ffa,segment-4e6b9166aa162a7c3ffa-candidate-1,"Der Film wecket Interesse, da viele Jugendliche sehr viel Interesse am Fernsehen zeigen 
(Medienpädagogischer Forschungsverband Südwest, 2017) und kann deshalb als Catch genutzt werden",148,41,2,2,3,6,in_scope,1,,,,,1,False,annotation-00019406|annotation-00019407,,,,False,False,False,False,1,True,184,10,False,False,False,False,,148,4b146d61ab8738ab,train
segment-4e84c050e138aa95a1db,segment-4e84c050e138aa95a1db-candidate-1,Zudem mussten die Schülerinnen und Schüler keine Sachverhalte konkret bewerten.,59,51,5,2,1,54,in_scope,1,,,,,1,False,annotation-00007066|annotation-00007067,,,,False,False,False,False,1,True,79,10,False,False,False,False,,59,0e3a4017f81e8c8c,train
segment-4e9405af38d4c03efe82,segment-4e9405af38d4c03efe82-candidate-1,In den 	ausgewählten 	Abschnitten 	fand 	keine 	Differenzierung 	hinsichtlich 	der Lernervoraussetzungen statt.,59,51,5,2,1,35,in_scope,1,,,,,1,False,annotation-00007018|annotation-00007019,,,,False,False,False,False,1,True,111,10,False,False,False,False,,59,0e3a4017f81e8c8c,train
segment-4edf29f4b3160284fc49,segment-4edf29f4b3160284fc49-candidate-1,"Noch besser wäre hierfür  
eine kurze Think- Pair- Share- Methode.",223,54,3,2,4,23,in_scope,1,,,,,1,False,annotation-00022047|annotation-00022048,,,,False,False,False,False,1,True,66,10,False,False,False,False,,223,ed2e1db7eb20f852,train
segment-4eebed0bdc5924f1de8e,segment-4eebed0bdc5924f1de8e-candidate-1,"Die Klasse sollte sich 
anhand der 4 vorgegebenen Fragen, die ebenfalls medial sichtbar waren, in ihren 
Tischgruppen unterhalten und austauschen.",96,33,3,2,2,19,in_scope,1,,,,,1,False,annotation-00009489|annotation-00009490,,,,False,False,False,False,1,True,146,10,False,False,False,False,,96,fd1a055c1ca13050,test
segment-4f1acb139184c7da872b,segment-4f1acb139184c7da872b-candidate-1,"Da die Schüler*innen in ihren Gruppen die Anweisungen ohne  
Schwierigkeiten und weiteres Nachfragen umsetzten konnte, ist davon auszugehen,   dass die vorangegangene Erklärung der Lehrperson dem Niveau und Verständnis der  
Schüler*innen entsprach.",157,27,3,2,3,4,in_scope,1,,,,,1,False,annotation-00017752|annotation-00017753,,,,False,False,False,False,1,True,249,10,False,False,False,False,,157,2b1a36ed00f62e21,train
segment-4f24026f3deecad1bff3,segment-4f24026f3deecad1bff3-candidate-1,"Dadurch, dass die Lehrperson nach dem Begriff des Erlenmeyerkolbens fragt,   gewinnt sie Kenntnisse über den Wissensstand der SchülerInnen und stellt sicher,   dass alle SchülerInnen fachlich folgen können",101,54,3,2,2,32,in_scope,1,,,,,1,False,annotation-00008958|annotation-00008959,,,,False,False,False,False,1,True,205,10,False,False,False,False,,101,ed2e1db7eb20f852,train
segment-4f277f876f0adf592316,segment-4f277f876f0adf592316-candidate-1,"Hier wäre es gut, dass die Schüler:innen bevor sie das  
Experiment durchführen bei der Lehrkraft nachfragen, ob die Problemstellung richtig ist,   sodass nicht was falsches untersucht wird.",214,10,3,2,4,42,in_scope,1,,,,,1,False,annotation-00023219|annotation-00023220,,,,False,False,False,False,1,True,190,10,False,False,False,False,,214,c98254afde32e9a1,train
segment-4fada78f6ee7c18a4d6a,segment-4fada78f6ee7c18a4d6a-candidate-1,. Die Leitung des Dialogs kann sowohl hilfreich als auch hinderlich sein.,42,4,4,2,1,18,in_scope,1,,,,,1,False,annotation-00002884,,,,False,False,False,False,1,True,73,10,False,False,False,False,,42,734cce279690eadc,test
segment-4fdac5e2941e2972cd1f,segment-4fdac5e2941e2972cd1f-candidate-1,"Alles in allem entspricht die Unterrichtsstunde dem Ziel der konstruktivistischen  
Aneignung durch die SchülerInnen selbst, da sich die Lehrkraft zum größten Teil  
zurückhält und der Unterricht somit sehr schülerzentriert ist.",30,3,3,2,1,60,in_scope,1,,,,,1,False,annotation-00002301|annotation-00002302,,,,False,False,False,False,1,True,228,10,False,False,False,False,,30,9efb7a7c3e8b6377,train
segment-4fedd91f4ac724d44bfa,segment-4fedd91f4ac724d44bfa-candidate-1,Das Fachwissen wurde in der Unterrichtssequenz immer wieder an verschiedenen Stellen integriert.,122,57,5,2,2,1,in_scope,1,,,,,1,False,annotation-00016170,,,,False,False,False,False,1,True,96,10,False,False,False,False,,122,d1fbfe5e3fb609be,train
segment-5003b210beb56e26fb62,segment-5003b210beb56e26fb62-candidate-1,"Auch Kriminalfälle sind aus  
den Medien ein bekannter Gegenstand und das Rätsel-Lösen ein spannender Bestandteil von  
Spielen (z.B. Blackstorys).",160,39,3,2,3,14,in_scope,1,,,,,1,False,annotation-00017661|annotation-00017662,,,,False,False,False,False,1,True,147,10,False,False,False,False,,160,8471822e1d4ebecc,train
segment-500453faae37296a7c1c,segment-500453faae37296a7c1c-candidate-1,"Dies sollte zum einen den Bezug zur Arbeitswelt darstellen und die  
SchülerInnen sollen motiviert sein sich mit dem Thema Polizei und diesem Beruf  
auseinander zu setzen",101,54,3,2,2,3,in_scope,1,,,,,1,False,annotation-00008904|annotation-00008905,,,,False,False,False,False,1,True,171,10,False,False,False,False,,101,ed2e1db7eb20f852,train
segment-50169a4f019b2a75f1a0,segment-50169a4f019b2a75f1a0-candidate-1,"Wenn es etwas zu ergänzen gibt, sollte erst die 
volle Aufmerksamkeit aller Schüler*innen erlangt werden und Ruhe einkehren, bevor 
eine Ergänzung folgt",93,14,3,2,2,58,in_scope,1,,,,,1,False,annotation-00009998|annotation-00009999,,,,False,False,False,False,1,True,152,10,False,False,False,False,,93,7b4ac7e6dba86acb,dev
segment-50239d7f248453a273e8,segment-50239d7f248453a273e8-candidate-1,"Auch die ein-gesetzten Medien, hier der Dreh des Videos, sollte zur Kompetenzförderung dienen.",74,55,2,1,2,149,in_scope,1,,,,,1,False,annotation-00014648|annotation-00014649,,,,False,False,False,False,1,True,94,10,False,False,False,False,,74,45eb80c6912d4c20,dev
segment-5031d536e338782ad8d8,segment-5031d536e338782ad8d8-candidate-1,"In Hinblick auf den ersten Videoausschnitt fällt außerdem auf, dass zu Beginn der Stunde  
keine Wiederholung der fachlichen Inhalte zur Photosynthese stattgefunden hat",211,3,3,2,4,26,in_scope,1,,,,,1,False,annotation-00023630|annotation-00023631,,,,False,False,False,False,1,True,168,10,False,False,False,False,,211,9efb7a7c3e8b6377,train
segment-503eb958bfe68799b43d,segment-503eb958bfe68799b43d-candidate-1,"Durch die Anschaulichkeit des Brettspiels werden die 
Auswertungsprozesse vereinfacht und kontextualisiert dargestellt.",184,2,1,1,4,10,in_scope,1,,,,,1,False,annotation-00021420|annotation-00021421,,,,False,False,False,False,1,True,119,10,False,False,False,False,,184,3faf840a033c018d,train
segment-504ab10b4166e1deb547,segment-504ab10b4166e1deb547-candidate-1,"Eine alternative Möglichkeit, die sich hier angeboten  
hätte, wäre dass ich tischweise eine Schritt- für Schritt-Anleitung bereitstellen könnte.",155,14,3,2,3,35,in_scope,1,,,,,1,False,annotation-00017917|annotation-00017918,,,,False,False,False,False,1,True,145,10,False,False,False,False,,155,7b4ac7e6dba86acb,dev
segment-504b6b18167ff82689ba,segment-504b6b18167ff82689ba-candidate-1,"Es war zu beobachten, dass die Schüler*innen eher mit der  
Frage beschäftigt waren, wie der Traubenzucker in die Zellen gelangt und nicht, wie  
das Blut durch den Körper fließt.",29,27,3,2,1,25,in_scope,1,,,,,1,False,annotation-00001498|annotation-00001499,,,,False,False,False,False,1,True,179,10,False,False,False,False,,29,2b1a36ed00f62e21,train
segment-50a075217038e2f9202e,segment-50a075217038e2f9202e-candidate-1,"Zum Schluss wird ein Blick auf die anfänglichen Skizzen gelegt, um diese nochmals zu besprechen und zu schauen, ob die Studierenden einen Lernzuwachs hatten. Ebenso bietet dies einen runden Schluss.",115,56,5,1,2,45,in_scope,1,,,,,1,False,annotation-00015765,,,,False,False,False,False,1,True,198,10,False,False,False,False,,115,39eda616cf7b1aaa,dev
segment-50b55affbba3fa42a151,segment-50b55affbba3fa42a151-candidate-1,"rst im Verlauf der  
Videosequenzen wird klar, dass jede Gruppe für sich eine Problemstellung  
erhalten/entwickelt hat, welche es zu lösen gilt (07:00 Video 2).",217,27,3,2,4,11,in_scope,1,,,,,1,False,annotation-00022812|annotation-00022813,,,,False,False,False,False,1,True,161,10,False,False,False,False,,217,2b1a36ed00f62e21,train
segment-5119052f58c91cc5b189,segment-5119052f58c91cc5b189-candidate-1,"Die allermeisten Studierenden haben diese Aufgabe, meiner Meinung nach, jedoch gut gemeistert, wobei es ein paar wirklich herausragende Erläuterungen gab",124,30,1,1,3,4,in_scope,1,,,,,1,False,annotation-00017080,,,,False,False,False,False,1,True,153,10,False,False,False,False,,124,94dd5be7b479f16e,train
segment-512a81b19338e423e680,segment-512a81b19338e423e680-candidate-1,"Durch die Visualisierung der einzelnen Phasen des Workshops  
an der Tafel, konnten die Schüler*innen nachvollziehen, an welchem Schritt wir uns  
aktuell befinden, was für Klarheit und Struktur sorgte.",94,16,3,2,2,13,in_scope,1,,,,,1,False,annotation-00009788|annotation-00009789,,,,False,False,False,False,1,True,202,10,False,False,False,False,,94,7c587cc9ab214913,train
segment-5141f8a6a0d9c07ea7f2,segment-5141f8a6a0d9c07ea7f2-candidate-1,"Es bietet sich an, in eine Schulstunde  
mit einer kognitiven Aktivierung einzusteigen, die Idee an sich ist also gut",34,14,3,2,1,10,in_scope,1,,,,,1,False,annotation-00001645|annotation-00001646,,,,False,False,False,False,1,True,117,10,False,False,False,False,,34,7b4ac7e6dba86acb,dev
segment-5165c857d1937ff952e7,segment-5165c857d1937ff952e7-candidate-1,"Das Fachwissen der SchülerInnen ist unterschiedlich, gerade ein Schüler fällt positiv auf.",7,9,1,2,1,21,in_scope,1,,,,,1,False,annotation-00000495|annotation-00000496,,,,False,False,False,False,1,True,90,10,False,False,False,False,,7,db87b4c42c40c536,train
segment-51b2f8ea55afdb1ccd07,segment-51b2f8ea55afdb1ccd07-candidate-1,"Dabei ist dieses Wissen ein spannender Teil der  
Photosynthese und die Frage der Schülerin hätte besser und mit einem tieferen Verständnis  
über Chloroplasten beantwortet werden können.",220,39,3,2,4,36,in_scope,1,,,,,1,False,annotation-00022608|annotation-00022609,,,,False,False,False,False,1,True,187,10,False,False,False,False,,220,8471822e1d4ebecc,train
segment-51fb81c89740d9344f74,segment-51fb81c89740d9344f74-candidate-1,"Dies kann die Kommunikations- und  
Argumentationskompetenz fördern und sehr gewinnbringend sein",34,14,3,2,1,100,in_scope,1,,,,,1,False,annotation-00001800|annotation-00001801,,,,False,False,False,False,1,True,96,10,False,False,False,False,,34,7b4ac7e6dba86acb,dev
segment-524353f1d99536bb2d96,segment-524353f1d99536bb2d96-candidate-1,"Hierzu erhalten sie von der Lehrkraft den Auftrag mindestens zwei Arbeitsblätter auszuwählen, welche die Problemstellen der SuS beantworten.",43,26,4,2,1,42,in_scope,1,,,,,1,False,annotation-00003081|annotation-00003082,,,,False,False,False,False,1,True,140,10,False,False,False,False,,43,d9e814e2d3def543,train
segment-524d95f9eba02d255a9b,segment-524d95f9eba02d255a9b-candidate-1,"Gegen Ende des Workshops musste ich die Klasse dazu jedoch  
immer häufiger auffordern, sie mehrfach bitten zu Ruhe zu kommen und mir ihre  
Aufmerksamkeit zu schenken.",161,40,3,2,3,3,in_scope,1,,,,,1,False,annotation-00017601|annotation-00017602,,,,False,False,False,False,1,True,168,10,False,False,False,False,,161,cf54d4a96848c26d,test
segment-529e247e37616088945a,segment-529e247e37616088945a-candidate-1,"Dies hat leider nicht so gut funktioniert und  
dadurch ist nochmals Unruhe entstanden",93,14,3,2,2,107,in_scope,1,,,,,1,False,annotation-00010087|annotation-00010088,,,,False,False,False,False,1,True,86,10,False,False,False,False,,93,7b4ac7e6dba86acb,dev
segment-52a914630f0731d45d79,segment-52a914630f0731d45d79-candidate-1,Grundsätzlich ist diese gut gelungen,77,21,2,1,2,58,in_scope,1,,,,,1,False,annotation-00013461|annotation-00013462,,,,False,False,False,False,1,True,36,10,False,False,False,False,,77,8153a465245aa4f5,train
segment-52b1beca44839ae9404b,segment-52b1beca44839ae9404b-candidate-1,"Ich hätte mich  
entweder für eine Gruppenarbeit entschieden, bei der die verschiedenen Gruppen  
sich mit verschiedenen Texten auseinandersetzen und diese daraufhin im Plenum  
vorstellen oder dafür, dass alle SchülerInnen alle Texte lesen",41,54,3,2,1,72,in_scope,1,,,,,1,False,annotation-00000954|annotation-00000955,,,,False,False,False,False,1,True,240,10,False,False,False,False,,41,ed2e1db7eb20f852,train
segment-52bf68806cb2686515b5,segment-52bf68806cb2686515b5-candidate-1,"Das kann zum einen am fehlenden Vorwissen und fehlender Übung bei der Anwendung des biologischen Prinzips Struktur und Funktion auf verschiedene biologische Phänomene liegen; oder aber es deutet darauf hin, dass die Aufgabenstellung evtl. nicht klar und ausführlich genug formuliert wurde",124,30,1,1,3,6,in_scope,1,,,,,1,False,annotation-00017086,,,,False,False,False,False,1,True,288,10,False,False,False,False,,124,94dd5be7b479f16e,train
segment-52c6e102c67dc9455ebe,segment-52c6e102c67dc9455ebe-candidate-1,"Die anderen Studierenden erhielten keine unterstützenden Rückmeldungen von uns. Wir konnten also nicht feststellen, ob anfängliche Fehlvorstellungen durch fachliches Wissen ersetzt wurden. Somit konnten auch keine individuellen Lernstände erfasst werden.",174,38,5,1,3,10,in_scope,1,,,,,1,False,annotation-00020629|annotation-00020630,,,,False,False,False,False,1,True,254,10,False,False,False,False,,174,35c1f080cdf0ebcb,test
segment-52e9616745c5ab0ae543,segment-52e9616745c5ab0ae543-candidate-1,Anschließend wird der Arbeitsauftrag gegeben die Zeichnung untereinander mit einem Partner auszutauschen und diese dann nachvollziehen zu können,2,30,1,1,1,24,in_scope,1,,,,,1,False,annotation-00002374,,,,False,False,False,False,1,True,144,10,False,False,False,False,,2,94dd5be7b479f16e,train
segment-53045cdfa6fbe8400f6c,segment-53045cdfa6fbe8400f6c-candidate-1,"Durch die fehlende Problemstellung wird den Schüler*innen  
die Wissensrelevanz nur auf ganz geringem Niveau verdeutlich.",217,27,3,2,4,9,in_scope,1,,,,,1,False,annotation-00022808|annotation-00022809,,,,False,False,False,False,1,True,121,10,False,False,False,False,,217,2b1a36ed00f62e21,train
segment-534c4df34787a19c4240,segment-534c4df34787a19c4240-candidate-1,"Ein weiterer Verbesserungsvorschlag wäre die Verwendung eines Arbeitsblattes, um die  
Ergebnisse zu sichern oder Versuche zu protokolliere",99,40,3,2,2,75,in_scope,1,,,,,1,False,annotation-00009195|annotation-00009196,,,,False,False,False,False,1,True,139,10,False,False,False,False,,99,cf54d4a96848c26d,test
segment-53554daba636cfa1e302,segment-53554daba636cfa1e302-candidate-1,"Die Lehrperson sorgte auch für eine motivierende Einführung in das Thema, indem sie eine  
Geschichte als roten Faden für den Workshop einsetzte.",156,16,3,2,3,15,in_scope,1,,,,,1,False,annotation-00017806|annotation-00017807,,,,False,False,False,False,1,True,145,10,False,False,False,False,,156,7c587cc9ab214913,train
segment-53dee4235d52db4764f2,segment-53dee4235d52db4764f2-candidate-1,"Die SuS erarbeiten die Inhalte nur anhand von mehreren schriftlichen Texten, wobei auch der Einsatz von Lückentexten, Videos oder Ähnlichem denkbar gewesen wäre.",13,13,2,1,1,24,in_scope,1,,,,,1,False,annotation-00004545|annotation-00004546,,,,False,False,False,False,1,True,161,10,False,False,False,False,,13,7f0b8ea6fccf5e85,train
segment-53eebf4d7ba3232993bb,segment-53eebf4d7ba3232993bb-candidate-1,"Die Think-Pair-Share-Methode wurde erneut  
eingesetzt, um die Schüler:innen aktiv einzubeziehen.",92,10,3,2,2,89,in_scope,1,,,,,1,False,annotation-00010252|annotation-00010253,,,,False,False,False,False,1,True,97,10,False,False,False,False,,92,c98254afde32e9a1,train
segment-5445cf915db6dd211a0a,segment-5445cf915db6dd211a0a-candidate-1,Durch das Einzeichnen des Blutkreislaufs wurde die Stunde auf den Schülervorstellungen aufgebaut,1,2,1,1,1,8,in_scope,1,,,,,1,False,annotation-00002443,,,,False,False,False,False,1,True,96,10,False,False,False,False,,1,3faf840a033c018d,train
segment-544c3e7ba28fb5776b6b,segment-544c3e7ba28fb5776b6b-candidate-1,Die Dimension „effektive Zeitnutzung“ wurde von den Studierenden als zutreffend und positiv rückgemeldet.,61,2,1,1,2,11,in_scope,1,,,,,1,False,annotation-00007881,,,,False,False,False,False,1,True,105,10,False,False,False,False,,61,3faf840a033c018d,train
segment-54acb2a0f8b7ae524e00,segment-54acb2a0f8b7ae524e00-candidate-1,"Dies kann entweder mittels eines Videos oder  
einer Demonstration unter der Dokumentenkamera geschehen.",154,10,3,2,3,31,in_scope,1,,,,,1,False,annotation-00017997|annotation-00017998,,,,False,False,False,False,1,True,104,10,False,False,False,False,,154,c98254afde32e9a1,train
segment-54bfbdc9cc6f0a63de22,segment-54bfbdc9cc6f0a63de22-candidate-1,"Hier konnte das  
erlernte Wissen erneut rekapituliert, abgefragt und angewendet werden.",98,39,3,2,2,66,in_scope,1,,,,,1,False,annotation-00009335|annotation-00009336,,,,False,False,False,False,1,True,88,10,False,False,False,False,,98,8471822e1d4ebecc,train
segment-5539bedb16232c6fb5d5,segment-5539bedb16232c6fb5d5-candidate-1,"Die kognitive Aktivierung der Schüler*innen findet durch die Lehrperson anhand eines  
bekannten und alltagsrelevanten Beispiels statt",29,27,3,2,1,5,in_scope,1,,,,,1,False,annotation-00001465|annotation-00001466,,,,False,False,False,False,1,True,134,10,False,False,False,False,,29,2b1a36ed00f62e21,train
segment-5540fa9a60e8a804090d,segment-5540fa9a60e8a804090d-candidate-1,"Das Fachwissen hätte mehr Zeit in Anspruch nehmen können und eine Vorwissensabfrage  
wäre zur kognitiven Aktivierung sehr wahrscheinlich sinnvoll gewesen.",98,39,3,2,2,72,in_scope,1,,,,,1,False,annotation-00009347|annotation-00009348,,,,False,False,False,False,1,True,155,10,False,False,False,False,,98,8471822e1d4ebecc,train
segment-554414266df25ba805de,segment-554414266df25ba805de-candidate-1,"Die von der Lehrkraft gewählte Lernform ist eine gute Möglichkeit  
naturwissenschaftliche Denk- und Arbeitsweisen zu implementieren (Schiffl &  
Weiglhofer, 2019)",215,14,3,2,4,33,in_scope,1,,,,,1,False,annotation-00023065|annotation-00023066,,,,False,False,False,False,1,True,163,10,False,False,False,False,,215,7b4ac7e6dba86acb,dev
segment-55584402273fa051d140,segment-55584402273fa051d140-candidate-1,"So hätte man Verwirrungen hinsichtlich der Erwartungshaltung von vornherein ausschließen können, aber auch zusätzlich eine Art der Unterstützung bieten können.",124,30,1,1,3,13,in_scope,1,,,,,1,False,annotation-00017101,,,,False,False,False,False,1,True,159,10,False,False,False,False,,124,94dd5be7b479f16e,train
segment-556806f5fc408521e2cb,segment-556806f5fc408521e2cb-candidate-1,"So wäre die ganze Klasse an der Plenumsphase und am Darüber-Nachdenken  
beteiligt.",220,39,3,2,4,54,in_scope,1,,,,,1,False,annotation-00022641|annotation-00022642,,,,False,False,False,False,1,True,83,10,False,False,False,False,,220,8471822e1d4ebecc,train
segment-55f3afe655daee2d7983,segment-55f3afe655daee2d7983-candidate-1,"Kinder brauchen nämlich Rituale, die ihnen einen geregelten Ablauf bieten 
(vgl. DAK).",163,54,3,2,3,18,in_scope,1,,,,,1,False,annotation-00017573|annotation-00017574,,,,False,False,False,False,1,True,86,10,False,False,False,False,,163,ed2e1db7eb20f852,train
segment-55f805aa30f69fa5ed21,segment-55f805aa30f69fa5ed21-candidate-1,Auch das Auswählen der richtige Station im Anschluss kann nicht grundsätzlich von den Schüler*Innen erwartet werden,26,41,2,2,1,38,in_scope,1,,,,,1,False,annotation-00004305,,,,False,False,False,False,1,True,115,10,False,False,False,False,,26,4b146d61ab8738ab,train
segment-561ebadf134cb6eecd4a,segment-561ebadf134cb6eecd4a-candidate-1,"Durch gezieltes Nachfragen, weshalb es von Relevanz ist,  dass Blut gefunden wurde und die Frage worin alles DNA zu finden ist oder was die Basenpaare 
der DNA sind, konnten die Studierenden das Vorwissen der Lernenden abfragen.",100,43,3,2,2,23,in_scope,1,,,,,1,False,annotation-00008774|annotation-00008775,,,,False,False,False,False,1,True,228,10,False,False,False,False,,100,ef200883f78ba4bc,train
segment-5628acf72a97e5e7d077,segment-5628acf72a97e5e7d077-candidate-1,"Die Möglichkeit,   sich die Themen, welche man vertiefen/lernen möchte, ist außerdem nicht ideal gewählt",34,14,3,2,1,46,in_scope,1,,,,,1,False,annotation-00001712|annotation-00001713,,,,False,False,False,False,1,True,104,10,False,False,False,False,,34,7b4ac7e6dba86acb,dev
segment-564f0a6df4969bd99f8d,segment-564f0a6df4969bd99f8d-candidate-1,"Hier müsste der Einstieg generell anders gestaltet  
werden, oder es bedarf einiger Ausführungen und Hinführungen der Lehrperson, die  
das Unterrichtsgeschehen eher in die Richtung des Blutflusses leitet",29,27,3,2,1,27,in_scope,1,,,,,1,False,annotation-00001501|annotation-00001502,,,,False,False,False,False,1,True,204,10,False,False,False,False,,29,2b1a36ed00f62e21,train
segment-56565b3324babfa55dcc,segment-56565b3324babfa55dcc-candidate-1,"Die Differenzierung müsste anders aufgebaut sein, sodass die ABs mit allen  
Bestandteilen in verschiedenen Niveaustufen bereitgestellt werden",34,14,3,2,1,86,in_scope,1,,,,,1,False,annotation-00001773|annotation-00001774,,,,False,False,False,False,1,True,142,10,False,False,False,False,,34,7b4ac7e6dba86acb,dev
segment-56591c66017b3c51bd6a,segment-56591c66017b3c51bd6a-candidate-1,"Auch ist mir aufgefallen, wie sie die Stifte oder  
andere Gegenstände auf das Pult „schmeißt“, was für mich wie eine Art „passiv aggressive“ 
Handlung und weniger den Eindruck eines respektvollen Umgangs vermittelt oder die  
Schaffung eines positiven Sozialklimas unterstützt",220,39,3,2,4,19,in_scope,1,,,,,1,False,annotation-00022576|annotation-00022577,,,,False,False,False,False,1,True,277,10,False,False,False,False,,220,8471822e1d4ebecc,train
segment-565bc0f4cb3063b78f59,segment-565bc0f4cb3063b78f59-candidate-1,"Es könnte hilfreich sein, dies zu Beginn der Stunde  
anzusprechen, um dem Unterrichtsthema eine gesellschaftliche Relevanz zu verleihen, die  
den Schülerinnen und Schülern das Gefühl von Selbstwirksamkeit vermittelt.",216,16,3,2,4,51,in_scope,1,,,,,1,False,annotation-00022988|annotation-00022989,,,,False,False,False,False,1,True,218,10,False,False,False,False,,216,7c587cc9ab214913,train
segment-5676f10b63e32f63572f,segment-5676f10b63e32f63572f-candidate-1,"Dies ist in der Stunde nur in der  
Erarbeitungsphase gelungen.",34,14,3,2,1,79,in_scope,1,,,,,1,False,annotation-00001761|annotation-00001762,,,,False,False,False,False,1,True,63,10,False,False,False,False,,34,7b4ac7e6dba86acb,dev
segment-56a7617ac19a8d79972b,segment-56a7617ac19a8d79972b-candidate-1,"Möglicherweise wäre es hier sinnvoll,   gewisse Umstände im Vorfeld zu kommunizieren, um noch mehr Transparenz zu schaffen.",74,55,2,1,2,61,in_scope,1,,,,,1,False,annotation-00014452|annotation-00014453,,,,False,False,False,False,1,True,123,10,False,False,False,False,,74,45eb80c6912d4c20,dev
segment-57378d0693a4ea6cc168,segment-57378d0693a4ea6cc168-candidate-1,"Der Einstieg ermöglichte immer wieder in verschiedenen Unterrichtsphasen eine 
Kontextualisierung und verdeutlichte auch die Relevanz für den Alltag. Wie wird Traubenzucker durch den Körper transportiert, warum wird man dadurch fitter und leistungsfähiger.",60,57,5,2,1,19,in_scope,1,,,,,1,False,annotation-00007137|annotation-00007138,,,,False,False,False,False,1,True,256,10,False,False,False,False,,60,d1fbfe5e3fb609be,train
segment-5779aaaa96c27a260d1f,segment-5779aaaa96c27a260d1f-candidate-1,"So wurden die SuS beispielsweise nach  
der korrekten Bezeichnung von Materialien wie dem Erlenmeyerkolben gefragt (Video 1: 5:20  
Min). V",99,40,3,2,2,58,in_scope,1,,,,,1,False,annotation-00009154|annotation-00009155,,,,False,False,False,False,1,True,139,10,False,False,False,False,,99,cf54d4a96848c26d,test
segment-57c9e9dcc75b959f8be7,segment-57c9e9dcc75b959f8be7-candidate-1,"Außerdem konnten die Schüler*Innen ihre kommunikativen Fähigkeiten in dieser Stunde zeigen und ausbauen, da sie vergleichen mussten, im Tandem gearbeitet haben und zum Ende der Stunde ihre Ergebnisse vor der Klasse präsentiert haben",26,41,2,2,1,49,in_scope,1,,,,,1,False,annotation-00004327,,,,False,False,False,False,1,True,232,10,False,False,False,False,,26,4b146d61ab8738ab,train
segment-57d2bfdeb3c61e83baad,segment-57d2bfdeb3c61e83baad-candidate-1,"Die Lehrerin nutzte häufig Suggestivfragen um die  
Schüler*innen auf den richtigen Pfad zu locken",37,37,3,2,1,27,in_scope,1,,,,,1,False,annotation-00001355|annotation-00001356,,,,False,False,False,False,1,True,98,10,False,False,False,False,,37,03fd173f4e9e83b6,train
segment-57f1c405e6be9334877a,segment-57f1c405e6be9334877a-candidate-1,Die Aufgaben wurden unterschwellig mit dem Hintergrund der Basiskonzepte erstellt,61,2,1,1,2,46,in_scope,1,,,,,1,False,annotation-00007952,,,,False,False,False,False,1,True,81,10,False,False,False,False,,61,3faf840a033c018d,train
segment-58232ae03c8d60e9ce45,segment-58232ae03c8d60e9ce45-candidate-1,Das Problem zeigt sich bereits bei der Pipettierübung,86,41,2,2,2,23,in_scope,1,,,,,1,False,annotation-00013122,,,,False,False,False,False,1,True,53,10,False,False,False,False,,86,4b146d61ab8738ab,train
segment-58347b44e34bf6adce5a,segment-58347b44e34bf6adce5a-candidate-1,Mit Hilfe der Zeichnungen wurde versucht ausgehend von den individuellen Schülervorstellungen und deren Vorwissen das Herzkreislaufsystem und dessen Bestandteile zu erarbeiten.,48,24,5,1,1,41,in_scope,1,,,,,1,False,annotation-00006430|annotation-00006431,,,,False,False,False,False,1,True,176,10,False,False,False,False,,48,e303475eaa710a89,train
segment-58427ffb72940849a972,segment-58427ffb72940849a972-candidate-1,Der Bereich der Bewertung wird aus meiner Sicht nicht beachtet,29,27,3,2,1,73,in_scope,1,,,,,1,False,annotation-00001581|annotation-00001582,,,,False,False,False,False,1,True,62,10,False,False,False,False,,29,2b1a36ed00f62e21,train
segment-589cc486ebbb1ee55ca6,segment-589cc486ebbb1ee55ca6-candidate-1,"Alle SchülerInnengruppen haben die Gel-Elektrophorese erfolgreich durchgeführt und konnten den Täter per Molekularbiologie  
identifizieren",91,8,3,2,2,84,in_scope,1,,,,,1,False,annotation-00010428|annotation-00010429,,,,False,False,False,False,1,True,139,10,False,False,False,False,,91,010765bfd40e73e6,train
segment-58b1362ac062d378871a,segment-58b1362ac062d378871a-candidate-1,"Die Workshop-Person instruierte die  
Lernenden vorne am Pult und erklärte die einzelnen Abläufe etwas zu ungenau,   sodass bei den Lernenden etwas Verwirrung und Beunruhigung aufkam.",93,14,3,2,2,26,in_scope,1,,,,,1,False,annotation-00009938|annotation-00009939,,,,False,False,False,False,1,True,183,10,False,False,False,False,,93,7b4ac7e6dba86acb,dev
segment-58eae7d21b3f05b3e97d,segment-58eae7d21b3f05b3e97d-candidate-1,Im Verlauf des Unterrichts wird immer wieder die DNA und ihr Aussehen thematisiert (00:39:1901:12:00).,122,57,5,2,2,66,in_scope,1,,,,,1,False,annotation-00016314|annotation-00016315,,,,False,False,False,False,1,True,102,10,False,False,False,False,,122,d1fbfe5e3fb609be,train
segment-58f9d13eade8ad4fd46f,segment-58f9d13eade8ad4fd46f-candidate-1,"Mit dieser Fragestellung wollte sie zum einen den Inhalt der letzten Stunden zum Thema Verdauung wiederholen und zum anderen gemeinsam auf die Problemfrage der Stunde kommen, wie sich das Blut im menschlichen Körper bewegt.",8,17,1,2,1,25,in_scope,1,,,,,1,False,annotation-00000569|annotation-00000570,,,,False,False,False,False,1,True,223,10,False,False,False,False,,8,423489dd4b4c0912,train
segment-58fbac52d523531119e2,segment-58fbac52d523531119e2-candidate-1,"Sehr gut waren die Verschriftlichungen der Arbeitsaufträge, die für eine klare Struktur  
im Unterricht sorgten",38,39,3,2,1,20,in_scope,1,,,,,1,False,annotation-00001201|annotation-00001202,,,,False,False,False,False,1,True,111,10,False,False,False,False,,38,8471822e1d4ebecc,train
segment-594193ce434d88610564,segment-594193ce434d88610564-candidate-1,"Vor allem in der ersten Arbeitsphase, in der die SuS an  
ihrer Tischgruppe gemeinsam ein Agarose Gel herstellen und gießen sollten, konnten leider  
nicht alle SuS mitarbeite",99,40,3,2,2,40,in_scope,1,,,,,1,False,annotation-00009121|annotation-00009122,,,,False,False,False,False,1,True,175,10,False,False,False,False,,99,cf54d4a96848c26d,test
segment-59488a336792d0f83965,segment-59488a336792d0f83965-candidate-1,"So kann  
den Schülerinnen und Schülern gezeigt werden, dass die Lehrperson Interesse für die  
Fragen ihrer Schüler*innen zeigt, diese ernst nimmt und beantworten wird",38,39,3,2,1,57,in_scope,1,,,,,1,False,annotation-00001272|annotation-00001273,,,,False,False,False,False,1,True,168,10,False,False,False,False,,38,8471822e1d4ebecc,train
segment-596a8e8f38b471440f14,segment-596a8e8f38b471440f14-candidate-1,"Durch die Aufgabenstellung der LK wurden die SuS kognitiv aktiviert, denn sie sollten  
sich ihr eigenen Experiment zur Photosynthese überlegen und dies dann auch  
durchführen",218,33,3,2,4,9,in_scope,1,,,,,1,False,annotation-00022760|annotation-00022761,,,,False,False,False,False,1,True,176,10,False,False,False,False,,218,fd1a055c1ca13050,test
segment-596a99c3da37b60f50db,segment-596a99c3da37b60f50db-candidate-1,"So wurden  
Inhalte für Schüler*innen audio-visuell aufbereitet und konnten über beide  
Vermittlungswege aufgenommen werden.",95,27,3,2,2,65,in_scope,1,,,,,1,False,annotation-00009683|annotation-00009684,,,,False,False,False,False,1,True,125,10,False,False,False,False,,95,2b1a36ed00f62e21,train
segment-5986770bdc5f3954a2e7,segment-5986770bdc5f3954a2e7-candidate-1,"Allgemein ist es glaube ich nur zum Vorteil, das erste Mal Experimentieren  
mit einer Klasse, die zudem noch unbekannt ist, gemeinsam und sehr eng angeleitet  
durchzuführen.",155,14,3,2,3,47,in_scope,1,,,,,1,False,annotation-00017938|annotation-00017939,,,,False,False,False,False,1,True,175,10,False,False,False,False,,155,7b4ac7e6dba86acb,dev
segment-598c7efea70bfe7eef60,segment-598c7efea70bfe7eef60-candidate-1,"Durch das Festhalten der 
Variablen an der Tafel haben die Schüler*innen einen Überblick, der ihnen später als 
Unterstützung dienen kann.",222,43,3,2,4,16,in_scope,1,,,,,1,False,annotation-00022201|annotation-00022202,,,,False,False,False,False,1,True,138,10,False,False,False,False,,222,ef200883f78ba4bc,train
segment-59a56bd67c1723e161ac,segment-59a56bd67c1723e161ac-candidate-1,"Es wird  
deutlich, dass es trotz Erarbeitung mit den Arbeitsblättern noch immer falsche Vorstellungen  
der Schüler:innen zum Herz-Kreislauf-System gibt",33,10,3,2,1,45,in_scope,1,,,,,1,False,annotation-00001885|annotation-00001886,,,,False,False,False,False,1,True,153,10,False,False,False,False,,33,c98254afde32e9a1,train
segment-59aceae75bddc08ebcab,segment-59aceae75bddc08ebcab-candidate-1,"Wasser unter Thematisierung der inhaltlichen Schwerpunkte Osmoregulation und der Funktionsweise der Schwimmblase. Folglich soll die Durchführung des Workshops unter den ausgewählten Dimensionen Kommunikation und Erkenntnisgewinnung analysiert werden, um mögliche Schwerpunkte fokussiert darstellen zu können. Hierfür wurden aus",112,34,5,1,2,2,in_scope,1,,,,,1,False,annotation-00015498,,,,False,False,False,False,1,True,327,10,False,False,False,False,,112,75226cd03392fb89,train
segment-59d72cb9e70983cfdef9,segment-59d72cb9e70983cfdef9-candidate-1,"Dies hat auch bei fast allen Gruppen gut 
funktioniert.",96,33,3,2,2,49,in_scope,1,,,,,1,False,annotation-00009556|annotation-00009557,,,,False,False,False,False,1,True,55,10,False,False,False,False,,96,fd1a055c1ca13050,test
segment-5a08b2dda25a27c4a1c8,segment-5a08b2dda25a27c4a1c8-candidate-1,"Die allermeisten Studierenden haben diese Aufgabe, meiner Meinung nach, gut gemeistert, wobei es ein paar wirklich herausragende Erläuterungen gab; es gab aber auch ein paar Abgaben, die entweder das Prinzip von Struktur-Funktions-Zusammenhängen oder die gesamte Aufgabenstellung nicht richtig verstanden hatten.",62,30,1,1,2,22,in_scope,1,,,,,1,False,annotation-00007799,,,,False,False,False,False,1,True,312,10,False,False,False,False,,62,94dd5be7b479f16e,train
segment-5a58317da3792e86834e,segment-5a58317da3792e86834e-candidate-1,Die Lehrerin sammelt   die Faktoren an der Tafel,212,7,3,2,4,80,in_scope,1,,,,,1,False,annotation-00023546|annotation-00023547,,,,False,False,False,False,1,True,48,10,False,False,False,False,,212,6fd026ce8e8388c4,train
segment-5a58e52cdab60622af01,segment-5a58e52cdab60622af01-candidate-1,(Die Aufnahme von Glukose im Dünndarm über die Darmzotteln ins Blut.,58,47,5,2,1,20,in_scope,1,,,,,1,False,annotation-00006846,,,,False,False,False,False,1,True,68,10,False,False,False,False,,58,5e026b3c944c5d13,train
segment-5a959f5788db901d43bd,segment-5a959f5788db901d43bd-candidate-1,"Auch bei den fachlichen Inputs wäre es zum Teil besser gewesen den Sprechanteil der  
Lehrkräfte zu verringern und stattdessen die Schülerinnen und Schüler sprachlich mehr  
einzubinden",89,3,3,2,2,50,in_scope,1,,,,,1,False,annotation-00010753|annotation-00010754,,,,False,False,False,False,1,True,185,10,False,False,False,False,,89,9efb7a7c3e8b6377,train
segment-5ac00f62058a124b55a3,segment-5ac00f62058a124b55a3-candidate-1,"Daraus folgt, dass keine horizontale Vernetzung der Inhalte  
stattgefunden hat",30,3,3,2,1,57,in_scope,1,,,,,1,False,annotation-00002294|annotation-00002295,,,,False,False,False,False,1,True,79,10,False,False,False,False,,30,9efb7a7c3e8b6377,train
segment-5ac9343463cf4a933bf0,segment-5ac9343463cf4a933bf0-candidate-1,"Lehrpersonen,   die strukturiert und motiviert sind und ein gutes Klassenmanagement vorweisen können  
bieten den Schülerinnen und Schülern sowie sich selbst eine gute Voraussetzung für  
gelungenen Unterricht (vgl. Hasselhorn & Gold 2013, S. 343)",220,39,3,2,4,12,in_scope,1,,,,,1,False,annotation-00022564|annotation-00022565,,,,False,False,False,False,1,True,247,10,False,False,False,False,,220,8471822e1d4ebecc,train
segment-5b2fb19eae36c4d79501,segment-5b2fb19eae36c4d79501-candidate-1,"Dieser Mordfall zog sich dann als roten Faden durch den gesamten  
Workshop",94,16,3,2,2,15,in_scope,1,,,,,1,False,annotation-00009794|annotation-00009795,,,,False,False,False,False,1,True,75,10,False,False,False,False,,94,7c587cc9ab214913,train
segment-5b84ecd3a667ae691ec0,segment-5b84ecd3a667ae691ec0-candidate-1,"Durch dieses verantwortungsbewusste  
Herangehensweise förderte die Lehrperson nicht nur die Sicherheit im Labor, sondern auch  
das Verantwortungsbewusstsein der Schüler*innen im Umgang mit wissenschaftlichen  
Geräten.",156,16,3,2,3,31,in_scope,1,,,,,1,False,annotation-00017833|annotation-00017834,,,,False,False,False,False,1,True,220,10,False,False,False,False,,156,7c587cc9ab214913,train
segment-5c20947d371df995d903,segment-5c20947d371df995d903-candidate-1,Dies wurde vor allem bei der Vorstellung der Gruppenergebnisse deutlich,238,42,5,2,4,35,in_scope,1,,,,,1,False,annotation-00028730|annotation-00028731,,,,False,False,False,False,1,True,71,10,False,False,False,False,,238,c467da3c028da7ca,train
segment-5c41b730f0f971ab9fa8,segment-5c41b730f0f971ab9fa8-candidate-1,"Neben der organisatorischen Struktur der Hochschule könnte auch der vorherige, schulische Kontext die Modellkompetenz der Studierende positiv oder negativ beeinflusst haben.",173,34,5,1,3,13,in_scope,1,,,,,1,False,annotation-00020432|annotation-00020433,,,,False,False,False,False,1,True,173,10,False,False,False,False,,173,75226cd03392fb89,train
segment-5c6f3207b6b3c2bdb0d9,segment-5c6f3207b6b3c2bdb0d9-candidate-1,"Sie schreibt sehr klein an die Tafel, sodass es vielen Schüler:innen schwerfallen muss alles lesen zu können.",208,41,2,2,4,7,in_scope,1,,,,,1,False,annotation-00024952|annotation-00024953,,,,False,False,False,False,1,True,109,10,False,False,False,False,,208,4b146d61ab8738ab,train
segment-5c9d834ad03f2ef7c0a8,segment-5c9d834ad03f2ef7c0a8-candidate-1,"Im Hintergrund war es chaotisch, da immer noch  versucht wurde Strom zu bekommen, da dieser für den weiteren Verlauf des   Workshops notwendig war.",152,7,3,2,3,10,in_scope,1,,,,,1,False,annotation-00018065|annotation-00018066,,,,False,False,False,False,1,True,147,10,False,False,False,False,,152,6fd026ce8e8388c4,train
segment-5c9e842b63e9b293fc53,segment-5c9e842b63e9b293fc53-candidate-1,"Allerdings wurde die Fachsprache  
der Schülerinne und Schüler geschult, indem Begrifflichkeiten wie beispielsweise  
Erlenmeyerkolben eingeübt und immer wieder abgefragt wurden.",98,39,3,2,2,42,in_scope,1,,,,,1,False,annotation-00009288|annotation-00009289,,,,False,False,False,False,1,True,178,10,False,False,False,False,,98,8471822e1d4ebecc,train
segment-5cd3d5a88fc05ee8db39,segment-5cd3d5a88fc05ee8db39-candidate-1,"Die verschiedenen Arbeitsschritte und Wartezeiten des  
Versuches haben zu einer Struktur geführt, bei der die Lernenden oft Dinge  
durchführen mussten, bevor sie überhaupt wussten, wofür.",159,37,3,2,3,5,in_scope,1,,,,,1,False,annotation-00017677|annotation-00017678,,,,False,False,False,False,1,True,189,10,False,False,False,False,,159,03fd173f4e9e83b6,train
segment-5d062fa6d465988016c9,segment-5d062fa6d465988016c9-candidate-1,Dies ist ein erwartbares Feedback in einer homogenen Gruppe; allerdings machten die Studierenden unserer Ansicht nach einen etwas „erschlagenen“ Eindruck.,102,4,4,2,2,22,in_scope,1,,,,,1,False,annotation-00011615,,,,False,False,False,False,1,True,154,10,False,False,False,False,,102,734cce279690eadc,test
segment-5d0adda6d5a13a790a32,segment-5d0adda6d5a13a790a32-candidate-1,"Durch  
die Einbindung einer Geschichte in die Unterrichtsstunde, haben die Lernenden  
zudem ein Ziel als weiteren Motivationsfaktor vor Augen",97,37,3,2,2,44,in_scope,1,,,,,1,False,annotation-00009419|annotation-00009420,,,,False,False,False,False,1,True,143,10,False,False,False,False,,97,03fd173f4e9e83b6,train
segment-5d2c3e3110956fb6b306,segment-5d2c3e3110956fb6b306-candidate-1,"urch  
das Führen einer Strichliste, bei denen die Schüler*innen spekulieren durften, wurden  
die Schüler*innen abgeholt und ihr Interesse sowie Motivation wurde gesteigert.",94,16,3,2,2,23,in_scope,1,,,,,1,False,annotation-00009806|annotation-00009807,,,,False,False,False,False,1,True,174,10,False,False,False,False,,94,7c587cc9ab214913,train
segment-5d3046208ab005211413,segment-5d3046208ab005211413-candidate-1,"Sie wurden  
dabei von den drei anwesenden Lehrpersonen aus Sicherheitsgründen überprüft",91,8,3,2,2,29,in_scope,1,,,,,1,False,annotation-00010338|annotation-00010339,,,,False,False,False,False,1,True,88,10,False,False,False,False,,91,010765bfd40e73e6,train
segment-5d5a7f830f51cbb683ee,segment-5d5a7f830f51cbb683ee-candidate-1,Dies erleichtert den Lernenden das Lernen und der Lernerfolg ist  größer.,90,7,3,2,2,45,in_scope,1,,,,,1,False,annotation-00010525|annotation-00010526,,,,False,False,False,False,1,True,73,10,False,False,False,False,,90,6fd026ce8e8388c4,train
segment-5d5ca5e2e17556d4d838,segment-5d5ca5e2e17556d4d838-candidate-1,"Dies wäre meiner Meinung nach, der   Termin gewesen, an dem die Aufgaben, spätestens hätten bearbeitet werden können, auch wenn die Situa-tion eines Feiertags und Brückentags besteht.",74,55,2,1,2,26,in_scope,1,,,,,1,False,annotation-00014384|annotation-00014385,,,,False,False,False,False,1,True,183,10,False,False,False,False,,74,45eb80c6912d4c20,dev
segment-5d79e4c11bd709a2665a,segment-5d79e4c11bd709a2665a-candidate-1,"Diese Kompetenz konnten die Schüler:innen in den Gruppen zeigen, leider nicht mehr im möglichen Umfang am Ende.",86,41,2,2,2,66,in_scope,1,,,,,1,False,annotation-00013201|annotation-00013202,,,,False,False,False,False,1,True,111,10,False,False,False,False,,86,4b146d61ab8738ab,train
segment-5dc0414fd8fcb756d0ef,segment-5dc0414fd8fcb756d0ef-candidate-1,"Das kann helfen, erste Gedankenkonflikte zu schaffen, weil den Lernenden beim Versuch, ihre Zeichnung zu erklären oder durch Fragen der anderen Lernenden eventuell Unstimmigkeiten in ihrer Theorie bewusst werden.",42,4,4,2,1,56,in_scope,1,,,,,1,False,annotation-00002964|annotation-00002965,,,,False,False,False,False,1,True,212,10,False,False,False,False,,42,734cce279690eadc,test
segment-5dcc80c166348af1b62b,segment-5dcc80c166348af1b62b-candidate-1,Dies führte vor allem zu Unübersichtlichkeiten und unnötigen Wiederholungen.,62,30,1,1,2,53,in_scope,1,,,,,1,False,annotation-00007854,,,,False,False,False,False,1,True,76,10,False,False,False,False,,62,94dd5be7b479f16e,train
segment-5dee319e286a0b7d26f7,segment-5dee319e286a0b7d26f7-candidate-1,"Hier empfiehlt sich, das Kind aus  
der Situation zu nehmen und sich als Klasse gemeinsam nochmal den Unterschied  
zwischen Lungen- und Körperkreislauf zu erarbeiten",29,27,3,2,1,49,in_scope,1,,,,,1,False,annotation-00001536|annotation-00001537,,,,False,False,False,False,1,True,166,10,False,False,False,False,,29,2b1a36ed00f62e21,train
segment-5e113a61e18e7e2c8c1d,segment-5e113a61e18e7e2c8c1d-candidate-1,"Vor allem die Nutzung von Medien als Kommunikationsmittel zum Ausdruck der eigenen Ideen und deren gezielter Einsatz als Werkzeug zur kreativen Arbeit bzw. zur Gestaltung eigener Medienprodukte, erschien uns für die Gruppe von Lehramtsstudierenden als überaus passend",77,21,2,1,2,27,in_scope,1,,,,,1,False,annotation-00013389,,,,False,False,False,False,1,True,267,10,False,False,False,False,,77,8153a465245aa4f5,train
segment-5e47c8c2e6762c87861d,segment-5e47c8c2e6762c87861d-candidate-1,"Durch die Vermittlung des genetischen Fingerabdrucks wurde eine Brücke zwischen dem für die Schüler*innen vertrauten eigenen individuellen Fingerabdruck und der Mikrobiologie geschlagen und erfuhren, dass der genetische Fingerabdruck von Person zu Person variiert",122,57,5,2,2,27,in_scope,1,,,,,1,False,annotation-00016219,,,,False,False,False,False,1,True,263,10,False,False,False,False,,122,d1fbfe5e3fb609be,train
segment-5e5ff07cc44b62890c55,segment-5e5ff07cc44b62890c55-candidate-1,"nsgesamt war die Auswertung der Bandenmuster ein gelungener  
Abschluss der Unterrichtsstunde, bei dem die Schüler*innen ihr Wissen anwenden und  
ihre Ergebnisse präsentieren konnten.",94,16,3,2,2,62,in_scope,1,,,,,1,False,annotation-00009878|annotation-00009879,,,,False,False,False,False,1,True,184,10,False,False,False,False,,94,7c587cc9ab214913,train
segment-5e7b53587daf25af1ca2,segment-5e7b53587daf25af1ca2-candidate-1,"In Hinblick auf  
die Dimension der Klassenführung fällt positiv auf, dass der Unterricht klar strukturiert ist und  
die Lehrkraft ihre Erwartungen an die Schülerinnen und Schüler klar kommuniziert",211,3,3,2,4,36,in_scope,1,,,,,1,False,annotation-00023651|annotation-00023652,,,,False,False,False,False,1,True,198,10,False,False,False,False,,211,9efb7a7c3e8b6377,train
segment-5e859eceea1fc243520a,segment-5e859eceea1fc243520a-candidate-1,"Dabei  
gibt sie keine weiteren Informationen preis, vermutlich damit die Schüler:innen das Wissen  
später in Kleingruppen erarbeiten können",214,10,3,2,4,4,in_scope,1,,,,,1,False,annotation-00023148|annotation-00023149,,,,False,False,False,False,1,True,141,10,False,False,False,False,,214,c98254afde32e9a1,train
segment-5e8ae814c8e25f9ed8d0,segment-5e8ae814c8e25f9ed8d0-candidate-1,"Generell zum Einstieg anzumerken ist, dass es wünschenswert ist, die Ausgangsfrage  
mit dem Einstiegsbeispiel (sofern dies passender gewählt wurde) am Ende der Stunde  
nochmals aufzugreifen, um so die Problemstellung von Beginn aufzulösen.",29,27,3,2,1,77,in_scope,1,,,,,1,False,annotation-00001587|annotation-00001588,,,,False,False,False,False,1,True,241,10,False,False,False,False,,29,2b1a36ed00f62e21,train
segment-5e95e27290f550a2b0b1,segment-5e95e27290f550a2b0b1-candidate-1,"Wir haben echte Seerosenblätter verwendet und diese unter dem Mikroskop anhand Blattober- und Unterseite verglichen. Hätten wir mehr Zeit gehabt, dann hätten wir auch noch das Ahornblatt mit den Seerosenblättern verglichen um noch eine weitere Pflanze dazu zunehmen und nicht nur bei der Wasserpflanze zu bleiben.",79,44,2,1,2,33,in_scope,1,,,,,1,False,annotation-00014185|annotation-00014186,,,,False,False,False,False,1,True,313,10,False,False,False,False,,79,d6edc4c7955d78b1,train
segment-5edf366ac05a48e824bf,segment-5edf366ac05a48e824bf-candidate-1,"Die Alltagsrelevanz kann dadurch begründet werden, dass diese Methode selbst im Biologieunterricht eingesetzt werden könnte",190,9,1,2,4,28,in_scope,1,,,,,1,False,annotation-00024128|annotation-00024129,,,,False,False,False,False,1,True,123,10,False,False,False,False,,190,db87b4c42c40c536,train
segment-5f4349155d8619510be0,segment-5f4349155d8619510be0-candidate-1,"Eine weitere Workshop-Person setzte dann als  
weiteren Schritt die PCR an.",93,14,3,2,2,71,in_scope,1,,,,,1,False,annotation-00010019|annotation-00010020,,,,False,False,False,False,1,True,75,10,False,False,False,False,,93,7b4ac7e6dba86acb,dev
segment-5f991edbe30dc1554a05,segment-5f991edbe30dc1554a05-candidate-1,"Bei Migrantenkindern können hier Probleme 
auftreten, da diese sich nicht mit den Lehrer*innen identifizieren können und sich 
exkludieren, was negativen Einfluss auf den Bildungserfolg nehmen kann (Rausauer, 2011)",162,43,3,2,3,15,in_scope,1,,,,,1,False,annotation-00017521|annotation-00017522,,,,False,False,False,False,1,True,214,10,False,False,False,False,,162,ef200883f78ba4bc,train
segment-5fb0a7c996c4b933e400,segment-5fb0a7c996c4b933e400-candidate-1,Kritisch zu bewerten ist im Zusammenhang des Inputs die Dauer.,103,26,4,2,2,16,in_scope,1,,,,,1,False,annotation-00011742|annotation-00011743,,,,False,False,False,False,1,True,62,10,False,False,False,False,,103,d9e814e2d3def543,train
segment-5fc4ae78ffccd092cf61,segment-5fc4ae78ffccd092cf61-candidate-1,"Die Lehrkraft hat zwar mit dem  
Traubenzucker eine vertikale Vernetzung hergestellt, da das Thema Glukose in der vorherigen  
Stunde behandelt wurde, jedoch hat die Überleitung zum Herz-Kreislauf-System gefehlt.",33,10,3,2,1,13,in_scope,1,,,,,1,False,annotation-00001827|annotation-00001828,,,,False,False,False,False,1,True,212,10,False,False,False,False,,33,c98254afde32e9a1,train
segment-5ffbd4d77f3c6971e425,segment-5ffbd4d77f3c6971e425-candidate-1,"Daher ist es entscheidend bei der Unterrichtsplanung das Interesse der SuS mit  
einzubeziehen bzw. Themen so interessant wie möglich aufzubereiten",99,40,3,2,2,17,in_scope,1,,,,,1,False,annotation-00009079|annotation-00009080,,,,False,False,False,False,1,True,147,10,False,False,False,False,,99,cf54d4a96848c26d,test
segment-601a67733d76f93f1332,segment-601a67733d76f93f1332-candidate-1,"Darauf schließen kann ich jedoch nur, da die Lösungen der Gruppen einheitlich  
strukturiert waren und die Themen gleichmäßig verteilt wurden",219,37,3,2,4,14,in_scope,1,,,,,1,False,annotation-00022680|annotation-00022681,,,,False,False,False,False,1,True,141,10,False,False,False,False,,219,03fd173f4e9e83b6,train
segment-6038df9d78c5956204cd,segment-6038df9d78c5956204cd-candidate-1,Traubenzucker gleich Glukose).,58,47,5,2,1,21,in_scope,1,,,,,1,False,annotation-00006849,,,,False,False,False,False,1,True,30,10,False,False,False,False,,58,5e026b3c944c5d13,train
segment-603b0f3da67294b6489b,segment-603b0f3da67294b6489b-candidate-1,"Die Bilder von Opfer   und Verdächtigen hatte ich ausgedruckt und konnte sie an die Tafel hängen, wo sie   den gesamten Workshop über hängen blieben",152,7,3,2,3,7,in_scope,1,,,,,1,False,annotation-00018059|annotation-00018060,,,,False,False,False,False,1,True,148,10,False,False,False,False,,152,6fd026ce8e8388c4,train
segment-605d734870bfe24aef52,segment-605d734870bfe24aef52-candidate-1,"Insgesamt lässt sich sagen, dass das Niveau in der Klasse sehr hoch ist, deshalb ist diese Form  
des Unterrichtens möglich",214,10,3,2,4,63,in_scope,1,,,,,1,False,annotation-00023261|annotation-00023262,,,,False,False,False,False,1,True,123,10,False,False,False,False,,214,c98254afde32e9a1,train
segment-6062fed5546b39979734,segment-6062fed5546b39979734-candidate-1,Erfolgreiches Lernen ist mit Emotionen verbunden.,184,2,1,1,4,20,in_scope,1,,,,,1,False,annotation-00021436,,,,False,False,False,False,1,True,49,10,False,False,False,False,,184,3faf840a033c018d,train
segment-607aa8acbb64750d2c83,segment-607aa8acbb64750d2c83-candidate-1,"Dabei wurde vor allem quantitativ   reduziert, da wirklich nur die wichtigsten Informationen weitergegeben wurde.",90,7,3,2,2,34,in_scope,1,,,,,1,False,annotation-00010501|annotation-00010502,,,,False,False,False,False,1,True,113,10,False,False,False,False,,90,6fd026ce8e8388c4,train
segment-60b9327431dee27d1574,segment-60b9327431dee27d1574-candidate-1,"Durch diese Fragen  
werden die SchülerInnen kognitiv aktiviert und bringen ihr Vorwissen mit ein",41,54,3,2,1,7,in_scope,1,,,,,1,False,annotation-00000836|annotation-00000837,,,,False,False,False,False,1,True,97,10,False,False,False,False,,41,ed2e1db7eb20f852,train
segment-60e99ee497186b7df36f,segment-60e99ee497186b7df36f-candidate-1,"Im Bereich der Erkenntnisgewinnung konnte beobachtet werden, dass zum Sammeln und Ausstellen der Ergebnisse in den jeweiligen Kleingruppen Whiteboards benutzt wurden",231,28,5,1,4,28,in_scope,1,,,,,1,False,annotation-00027751|annotation-00027752,,,,False,False,False,False,1,True,165,10,False,False,False,False,,231,66113b8d0b6fb170,test
segment-60ed74b073d84e3eadc5,segment-60ed74b073d84e3eadc5-candidate-1,"Zudem wird die Erkenntnisgewinnung gefördert, da mehrere Arbeitstechniken angewendet werden.",121,51,5,2,2,65,in_scope,1,,,,,1,False,annotation-00016132|annotation-00016133,,,,False,False,False,False,1,True,92,10,False,False,False,False,,121,0e3a4017f81e8c8c,train
segment-611a072924beecfe1c2c,segment-611a072924beecfe1c2c-candidate-1,"Die  
Lehrkraft kann dadurch einen ersten Überblick über die unterschiedlichen  
Kenntnisstände erhalten.",41,54,3,2,1,9,in_scope,1,,,,,1,False,annotation-00000839|annotation-00000840,,,,False,False,False,False,1,True,105,10,False,False,False,False,,41,ed2e1db7eb20f852,train
segment-613acd5e8c5d79609393,segment-613acd5e8c5d79609393-candidate-1,"Daher ist die Vermutung der Lehrerin, dass die Struktur bei Tafelanschrieben und Arbeitsaufträgen vernachlässigter ist, unbegründet.",208,41,2,2,4,15,in_scope,1,,,,,1,False,annotation-00024967|annotation-00024968,,,,False,False,False,False,1,True,132,10,False,False,False,False,,208,4b146d61ab8738ab,train
segment-614dd34d208ae78fa5f8,segment-614dd34d208ae78fa5f8-candidate-1,"Das gewählte Niveau der  
Aufgaben war der Schulklasse angemessen und die Methoden gut gewählt.",37,37,3,2,1,9,in_scope,1,,,,,1,False,annotation-00001314|annotation-00001315,,,,False,False,False,False,1,True,95,10,False,False,False,False,,37,03fd173f4e9e83b6,train
segment-616e790066dad104a462,segment-616e790066dad104a462-candidate-1,Eine Ergebnissicherung in Form einer endgültigen richtigen Zeichnung mit Beschriftungen und einer Erklärung dieser fand nicht statt,8,17,1,2,1,37,in_scope,1,,,,,1,False,annotation-00000595,,,,False,False,False,False,1,True,131,10,False,False,False,False,,8,423489dd4b4c0912,train
segment-61f2d5f4eef859ccec23,segment-61f2d5f4eef859ccec23-candidate-1,"dennoch ist zu vermuten, dass die Schülerinnen und Schüler in den hinteren Reihen, aufgrund der Schriftgröße dies nicht lesen konnten.",230,24,5,1,4,27,in_scope,1,,,,,1,False,annotation-00027640,,,,False,False,False,False,1,True,134,10,False,False,False,False,,230,e303475eaa710a89,train
segment-61f857b38f69e6fb8f4d,segment-61f857b38f69e6fb8f4d-candidate-1,Die Aufgabenstellung bot viele Lernanlässe.,219,37,3,2,4,25,in_scope,1,,,,,1,False,annotation-00022701|annotation-00022702,,,,False,False,False,False,1,True,43,10,False,False,False,False,,219,03fd173f4e9e83b6,train
segment-6242107af331725bbc87,segment-6242107af331725bbc87-candidate-1,Mittels des fiktiven Mordes konnte ein Alltagsbezug hergestellt werden.,120,47,5,2,2,56,in_scope,1,,,,,1,False,annotation-00015937,,,,False,False,False,False,1,True,71,10,False,False,False,False,,120,5e026b3c944c5d13,train
segment-629e07cf7b13d4693b08,segment-629e07cf7b13d4693b08-candidate-1,Die Kleingruppen präsentieren ihre Ergebnisse.,214,10,3,2,4,55,in_scope,1,,,,,1,False,annotation-00023249|annotation-00023250,,,,False,False,False,False,1,True,46,10,False,False,False,False,,214,c98254afde32e9a1,train
segment-62a0eb36503dd4acf8f0,segment-62a0eb36503dd4acf8f0-candidate-1,"Als äußerst relevant in unserem Workshop stufe ich außerdem die Bewertungskompetenz ein, genauer gesagt die Dimension „Sachverhalte bewerten“ und damit die Bewertung verschiedener Modelle zu Flugfrüchten – ganz besonders im Hinblick auf den Einsatz von

Modellen in der Schule (Schulrelevanz)",62,30,1,1,2,40,in_scope,1,,,,,1,False,annotation-00007830,,,,False,False,False,False,1,True,292,10,False,False,False,False,,62,94dd5be7b479f16e,train
segment-62aa5eb674874420f7aa,segment-62aa5eb674874420f7aa-candidate-1,"Auch bei der praktischen Durchführung der Gelelektrophorese spielte das 
Fachwissen eine Rolle, wenn auch diese etwas untergeordnet war, so wurde zum Beispiel auf die 
Einhaltung der Fachbegriffe geachtet (00:15:38-00:39:18).",122,57,5,2,2,6,in_scope,1,,,,,1,False,annotation-00016175|annotation-00016176,,,,False,False,False,False,1,True,225,10,False,False,False,False,,122,d1fbfe5e3fb609be,train
segment-62f624be44c5b3dddf87,segment-62f624be44c5b3dddf87-candidate-1,"nsgesamt war die Unterrichtsstunde gut strukturiert und die Arbeitsschritte haben logisch 
aufeinander aufgebaut",39,40,3,2,1,70,in_scope,1,,,,,1,False,annotation-00001142|annotation-00001143,,,,False,False,False,False,1,True,112,10,False,False,False,False,,39,cf54d4a96848c26d,test
segment-6306f36d44d23f88472e,segment-6306f36d44d23f88472e-candidate-1,Hierdurch werden die Schüler*Innen sich (zumeist) nicht persönlich angegriffen gefühlt haben und der Nutzen des Bewerten war klar erkennbar,26,41,2,2,1,63,in_scope,1,,,,,1,False,annotation-00004361,,,,False,False,False,False,1,True,139,10,False,False,False,False,,26,4b146d61ab8738ab,train
segment-634456733df40f139c0f,segment-634456733df40f139c0f-candidate-1,"Bei der  
Vorstellung der angefertigten Skizzen im Plenum lässt die Lehrkraft die Vermutungen  
der SchülerInnen unkommentiert stehen",30,3,3,2,1,20,in_scope,1,,,,,1,False,annotation-00002218|annotation-00002219,,,,False,False,False,False,1,True,133,10,False,False,False,False,,30,9efb7a7c3e8b6377,train
segment-63454e18e1a4279ef095,segment-63454e18e1a4279ef095-candidate-1,"Wir sind davon überzeugt, dass die Entwicklung medienbezogener Handlungskompetenz eine zentrale Aufgabe in der Lehrkraftausbildung darstellt",77,21,2,1,2,29,in_scope,1,,,,,1,False,annotation-00013391,,,,False,False,False,False,1,True,140,10,False,False,False,False,,77,8153a465245aa4f5,train
segment-63598c79ac96b63c2664,segment-63598c79ac96b63c2664-candidate-1,"Grundsätzlich ist in der Unterrichtstunde die Planung aufgegangen und es war stetes ein roter  
Faden zu erkennen.",99,40,3,2,2,82,in_scope,1,,,,,1,False,annotation-00009207|annotation-00009208,,,,False,False,False,False,1,True,114,10,False,False,False,False,,99,cf54d4a96848c26d,test
segment-6367196d976175c0ae22,segment-6367196d976175c0ae22-candidate-1,"uS bringen zu verschiedenen biologischen Themen  
ihre ganz eigenen Vorstellungen in den Unterricht mit, meistens unterscheiden sich diese stark  
von der Wissenschaft.",39,40,3,2,1,25,in_scope,1,,,,,1,False,annotation-00001061|annotation-00001062,,,,False,False,False,False,1,True,168,10,False,False,False,False,,39,cf54d4a96848c26d,test
segment-6399bd4444849676b67c,segment-6399bd4444849676b67c-candidate-1,"Dies wurde den Lernenden auch deutlich  
kommuniziert, sodass diese die Übungsphasen auch als gewinnbringende Möglichkeiten  
ansehen konnten.",98,39,3,2,2,33,in_scope,1,,,,,1,False,annotation-00009273|annotation-00009274,,,,False,False,False,False,1,True,142,10,False,False,False,False,,98,8471822e1d4ebecc,train
segment-63a8d2adb5d3850c01fd,segment-63a8d2adb5d3850c01fd-candidate-1,"Hier wäre es empfehlenswert, den genauen Arbeitsauftrag entweder auf einem kleinen Papier  
ausgedruckt auszuteilen oder ihn mithilfe einer PowerPoint-Präsentation oder einem Poster  
zu visualisieren.",214,10,3,2,4,24,in_scope,1,,,,,1,False,annotation-00023185|annotation-00023186,,,,False,False,False,False,1,True,201,10,False,False,False,False,,214,c98254afde32e9a1,train
segment-63b047d6d7cf313b5f91,segment-63b047d6d7cf313b5f91-candidate-1,"Es werden jedoch unterschiedliche Proben miteinander verglichen und die  
SchülerInnen sollen wohl die unterschiedliche Photosyntheserate untersuchen und  
Begründungen dafür aufstellen.",213,8,3,2,4,27,in_scope,1,,,,,1,False,annotation-00023327|annotation-00023328,,,,False,False,False,False,1,True,186,10,False,False,False,False,,213,010765bfd40e73e6,train
segment-63c65f7320c87f85c852,segment-63c65f7320c87f85c852-candidate-1,"Alles in allem muss aber festgehalten werden, dass die Schüler:innen ausnahmslos während der Durchführung aktiv und vor allem begeistert beteiligt waren. Die Wortmeldung und die Aufmerksamkeit im Theorieteil waren zwar gering, während dem Praxisteil aber um so höher. Diese Art der Durchführung ist mit den wenigen Hinweisen auf jeden Fall zum empfehlen und machte im Rückblick den Erfolg der Stunde aus.",86,41,2,2,2,30,in_scope,1,,,,,1,False,annotation-00013133|annotation-00013134,,,,False,False,False,False,1,True,404,10,False,False,False,False,,86,4b146d61ab8738ab,train
segment-63f52c5f759b76eab7b5,segment-63f52c5f759b76eab7b5-candidate-1,Dies war uns in unserem Setting nicht möglich.,86,41,2,2,2,52,in_scope,1,,,,,1,False,annotation-00013174|annotation-00013175,,,,False,False,False,False,1,True,46,10,False,False,False,False,,86,4b146d61ab8738ab,train
segment-64194817fc77de49ec5f,segment-64194817fc77de49ec5f-candidate-1,"Falls Fragen auftauchen, die erst im späteren Verlauf der Stunde besprochen werden sollen, kann die Lehrkraft die SuS direkt auf den entsprechenden Teil verweisen und muss sich nicht auf ein ominöses “nachher” verlassen",42,4,4,2,1,49,in_scope,1,,,,,1,False,annotation-00002953|annotation-00002954,,,,False,False,False,False,1,True,219,10,False,False,False,False,,42,734cce279690eadc,test
segment-641d44f4b45a83658ffc,segment-641d44f4b45a83658ffc-candidate-1,Schnell erreichten uns diesbezüglich zahlreiche Nachrichten.,61,2,1,1,2,17,in_scope,1,,,,,1,False,annotation-00007892,,,,False,False,False,False,1,True,60,10,False,False,False,False,,61,3faf840a033c018d,train
segment-641d7d7f7c9b01ca2161,segment-641d7d7f7c9b01ca2161-candidate-1,"Der Alltagsbezug der PCR im  
Zusammenhang mit Corona weckte das Interesse der Schüler:innen",92,10,3,2,2,91,in_scope,1,,,,,1,False,annotation-00010255|annotation-00010256,,,,False,False,False,False,1,True,92,10,False,False,False,False,,92,c98254afde32e9a1,train
segment-6492b51ed89a95a70e28,segment-6492b51ed89a95a70e28-candidate-1,"Da das nachfolgende Experiment darauf aufbaut hätte ich  
hier einen etwas langsameren und nachvollziehbareren Einstieg gewählt",220,39,3,2,4,6,in_scope,1,,,,,1,False,annotation-00022552|annotation-00022553,,,,False,False,False,False,1,True,127,10,False,False,False,False,,220,8471822e1d4ebecc,train
segment-64e8a8f516d130dfc6e1,segment-64e8a8f516d130dfc6e1-candidate-1,"Hätte die Lehrperson nur die  
einzelnen Schritte der Gelvorbereitung erwähnt und die zugehörigen Fachbegriffe  
verwendet, wäre es möglicherweise der Fall gewesen, dass einige der SchülerInnen  
ihr nicht mehr folgen könnten und generell nicht mehr zugehört hätten",101,54,3,2,2,34,in_scope,1,,,,,1,False,annotation-00008961|annotation-00008962,,,,False,False,False,False,1,True,265,10,False,False,False,False,,101,ed2e1db7eb20f852,train
segment-64f19faa219f37f37470,segment-64f19faa219f37f37470-candidate-1,"Es werden   sich Dinge im Kopf simpel zurechtgelegt, die in der Praxis aber so überhaupt keinen Mehrwert der Kompe-tenzförderung und des Wissenserwerbs haben.",74,55,2,1,2,58,in_scope,1,,,,,1,False,annotation-00014446|annotation-00014447,,,,False,False,False,False,1,True,158,10,False,False,False,False,,74,45eb80c6912d4c20,dev
segment-650f2870a3343b460a6f,segment-650f2870a3343b460a6f-candidate-1,Es wurde nahezu kein Bezug zu anderen Fächern hergestellt.,59,51,5,2,1,31,in_scope,1,,,,,1,False,annotation-00007008|annotation-00007009,,,,False,False,False,False,1,True,58,10,False,False,False,False,,59,0e3a4017f81e8c8c,train
segment-651b6c7e089a21504fb8,segment-651b6c7e089a21504fb8-candidate-1,"Allerdings bin ich der Meinung, dass man es sich dennoch zur Aufgabe machen sollte alle Schülerinnen und Schüler zumindest ein Stück weit zu motivieren.",240,47,5,2,4,25,in_scope,1,,,,,1,False,annotation-00027996|annotation-00027997,,,,False,False,False,False,1,True,152,10,False,False,False,False,,240,5e026b3c944c5d13,train
segment-65552fdfdd8505f921f6,segment-65552fdfdd8505f921f6-candidate-1,"Hinsichtlich der Basiskompetenzen wurde lediglich die prozessbezogene Kompetenz  
der Kommunikation gefördert.",38,39,3,2,1,51,in_scope,1,,,,,1,False,annotation-00001258|annotation-00001259,,,,False,False,False,False,1,True,110,10,False,False,False,False,,38,8471822e1d4ebecc,train
segment-6558724bdca14b327ce4,segment-6558724bdca14b327ce4-candidate-1,"Es folgte eine weitere  
molekularbiologische Arbeitsweise, nämlich die Anwendung von Pipetten.",91,8,3,2,2,33,in_scope,1,,,,,1,False,annotation-00010344|annotation-00010345,,,,False,False,False,False,1,True,95,10,False,False,False,False,,91,010765bfd40e73e6,train
segment-65a31896a72195a68571,segment-65a31896a72195a68571-candidate-1,"Von der Strukturierung war die Stunde sehr  
klar gehalten.",98,39,3,2,2,69,in_scope,1,,,,,1,False,annotation-00009341|annotation-00009342,,,,False,False,False,False,1,True,59,10,False,False,False,False,,98,8471822e1d4ebecc,train
segment-65d57a2e536ff3d6963d,segment-65d57a2e536ff3d6963d-candidate-1,Dennoch erschien die Kontextualisierung und die Relevanz des Themas aufgrund des starken Alltagsbezugs als sehr gelungen,84,5,2,2,2,41,in_scope,1,,,,,1,False,annotation-00012893,,,,False,False,False,False,1,True,120,10,False,False,False,False,,84,cd38e7c2d4a56e90,train
segment-65d780f250b22a6d6174,segment-65d780f250b22a6d6174-candidate-1,"Die  
SchülerInnen melden sich und sollen Vermutungen sowie im Anschluss mögliche  
Fragestellungen äußern.",41,54,3,2,1,16,in_scope,1,,,,,1,False,annotation-00000854|annotation-00000855,,,,False,False,False,False,1,True,107,10,False,False,False,False,,41,ed2e1db7eb20f852,train
segment-65da4b0b07e6733796ac,segment-65da4b0b07e6733796ac-candidate-1,"Sie wurden unruhig und nur  
noch wenig Schüler*innen folgten den Inhalten.",95,27,3,2,2,71,in_scope,1,,,,,1,False,annotation-00009692|annotation-00009693,,,,False,False,False,False,1,True,75,10,False,False,False,False,,95,2b1a36ed00f62e21,train
segment-664f873cf9fdc26f0b0f,segment-664f873cf9fdc26f0b0f-candidate-1,"Diese  
Kompetenzen werden durch die gewählte Unterrichtsmethode optimal und zielführend  
gefördert.",221,40,3,2,4,24,in_scope,1,,,,,1,False,annotation-00022429|annotation-00022430,,,,False,False,False,False,1,True,101,10,False,False,False,False,,221,cf54d4a96848c26d,test
segment-6661bba8b42e5a75832d,segment-6661bba8b42e5a75832d-candidate-1,Durch die Gruppenphase konnten sie dies selbstständig erfahren,206,5,2,2,4,60,in_scope,1,,,,,1,False,annotation-00024823,,,,False,False,False,False,1,True,62,10,False,False,False,False,,206,cd38e7c2d4a56e90,train
segment-667ddcc44bac399e831d,segment-667ddcc44bac399e831d-candidate-1,"Die Einteilung des Versuches in viele kleine Abschnitte sorgte dafür, dass sich bei den  
Lernenden, trotz der Komplexität des Verfahrens, kein Gefühl der Überforderung  
einstellte",97,37,3,2,2,52,in_scope,1,,,,,1,False,annotation-00009431|annotation-00009432,,,,False,False,False,False,1,True,181,10,False,False,False,False,,97,03fd173f4e9e83b6,train
segment-667e3f1dd7a56969b56b,segment-667e3f1dd7a56969b56b-candidate-1,"Wie oben schon beschrieben, waren die SuS sehr interessiert an der Thematik, da 
sie in den letzten Jahren immer wieder mit der PCR oder dem PCR Test konfrontiert 
wurden",96,33,3,2,2,42,in_scope,1,,,,,1,False,annotation-00009541|annotation-00009542,,,,False,False,False,False,1,True,170,10,False,False,False,False,,96,fd1a055c1ca13050,test
segment-66950673570e3e287007,segment-66950673570e3e287007-candidate-1,"Es ging darum, durch Versuche und das  
Anwenden von bestimmten Techniken neue Erkenntnisse zu gewinnen",94,16,3,2,2,65,in_scope,1,,,,,1,False,annotation-00009884|annotation-00009885,,,,False,False,False,False,1,True,103,10,False,False,False,False,,94,7c587cc9ab214913,train
segment-66f58629bd61c4e25b87,segment-66f58629bd61c4e25b87-candidate-1,"Das selbstständige Durchführen eines Experiments mit  
eigenständiger Überlegung zur Problemstellung und das Aufstellen einer Hypothese wecken  
das Interesse der Schüler:innen und fördern das Lernen und den Wissenserwerb.",214,10,3,2,4,66,in_scope,1,,,,,1,False,annotation-00023264|annotation-00023265,,,,False,False,False,False,1,True,222,10,False,False,False,False,,214,c98254afde32e9a1,train
segment-671842b367ff738bde2b,segment-671842b367ff738bde2b-candidate-1,"Die Anzahl der SuS war in besagter Unterrichtstunde höher als erwartet, weshalb an jeder  
Tischgruppe 6-7 SuS gemeinsam arbeiten mussten",99,40,3,2,2,36,in_scope,1,,,,,1,False,annotation-00009116,,,,False,False,False,False,1,True,137,10,False,False,False,False,,99,cf54d4a96848c26d,test
segment-6722154baf7efef6478c,segment-6722154baf7efef6478c-candidate-1,"Selbständiges und kooperatives Arbeiten in der Gruppe sind Kompetenzen, welche in dieser Phase gefördert werden sollten",109,24,5,1,2,18,in_scope,1,,,,,1,False,annotation-00014830|annotation-00015076,,,,False,False,False,False,1,True,119,10,False,False,False,False,,109,e303475eaa710a89,train
segment-6728205d771d3abadca0,segment-6728205d771d3abadca0-candidate-1,"Alternativ hätten hierbei die Erkenntnisse nochmal von Seiten der  
SchülerInnen zusammengefasst werden können und zur besseren Nachhaltigkeit verschriftlicht  
werden können.",213,8,3,2,4,77,in_scope,1,,,,,1,False,annotation-00023403|annotation-00023404,,,,False,False,False,False,1,True,175,10,False,False,False,False,,213,010765bfd40e73e6,train
segment-6779792a31b21f08b151,segment-6779792a31b21f08b151-candidate-1,"Zusätzlich war zuerkennen, dass es nur um das Thema der Stunde ging und dieser  
nicht in einen anderen Kontext gebracht wurde.",36,33,3,2,1,33,in_scope,1,,,,,1,False,annotation-00001433|annotation-00001434,,,,False,False,False,False,1,True,127,10,False,False,False,False,,36,fd1a055c1ca13050,test
segment-6779d9eb6afbf14fcd35,segment-6779d9eb6afbf14fcd35-candidate-1,"Diese Form des Einstiegs war für die Schülerinnen und Schüler sehr motivierend und  
interessant, da jede*r dieses Alltagsprodukt kennt und es wahrscheinlich auch schon  
einmal probiert hat.",30,3,3,2,1,7,in_scope,1,,,,,1,False,annotation-00002193|annotation-00002194,,,,False,False,False,False,1,True,191,10,False,False,False,False,,30,9efb7a7c3e8b6377,train
segment-67c6c9133d05e0b33119,segment-67c6c9133d05e0b33119-candidate-1,"Die SuS waren dadurch große Teile der Unterrichtszeit  
selbst aktiv.",39,40,3,2,1,72,in_scope,1,,,,,1,False,annotation-00001147|annotation-00001148,,,,False,False,False,False,1,True,69,10,False,False,False,False,,39,cf54d4a96848c26d,test
segment-67c70a2162bfd5a8dae3,segment-67c70a2162bfd5a8dae3-candidate-1,"Dadurch wurde der Mordfall um eine affektive  
emotionale Komponente ergänzt.",151,3,3,2,3,6,in_scope,1,,,,,1,False,annotation-00018151|annotation-00018152,,,,False,False,False,False,1,True,77,10,False,False,False,False,,151,9efb7a7c3e8b6377,train
segment-67df5df16f105b4dc9cf,segment-67df5df16f105b4dc9cf-candidate-1,"Eine nachhaltige Aneignung der Arbeitstechniken erfordert an dieser Stelle jedoch  
ein weiderholendes Üben und ein ständiger Einsatz im Biologieunterricht.",91,8,3,2,2,39,in_scope,1,,,,,1,False,annotation-00010356|annotation-00010357,,,,False,False,False,False,1,True,156,10,False,False,False,False,,91,010765bfd40e73e6,train
segment-681fb422ae799439b60e,segment-681fb422ae799439b60e-candidate-1,"Die Täterin/der Täter könnte somit nicht ermittelt werden und Schülerinnen und  
Schüler könnten am Ende enttäuscht sein",98,39,3,2,2,31,in_scope,1,,,,,1,False,annotation-00009270|annotation-00009271,,,,False,False,False,False,1,True,120,10,False,False,False,False,,98,8471822e1d4ebecc,train
segment-6820d05270b3b5215588,segment-6820d05270b3b5215588-candidate-1,"Da es sich bei dem vorliegenden Thema um die Photosynthese handelt,   einem Thema, dass der Botanik zugeordnet werden kann, sollte es hierbei ein übergeordnetes  
Anliegen der Lehrkraft sein, Interesse auf Seiten der SchülerInnen zu wecken.",213,8,3,2,4,8,in_scope,1,,,,,1,False,annotation-00023286|annotation-00023287,,,,False,False,False,False,1,True,240,10,False,False,False,False,,213,010765bfd40e73e6,train
segment-682aa20580ce5585fa26,segment-682aa20580ce5585fa26-candidate-1,"Die Kommunikation ist ein Bereich, welcher in dieser  
Stunde stark gefördert wird.",34,14,3,2,1,97,in_scope,1,,,,,1,False,annotation-00001794|annotation-00001795,,,,False,False,False,False,1,True,83,10,False,False,False,False,,34,7b4ac7e6dba86acb,dev
segment-68337d3dedbadadd2ce9,segment-68337d3dedbadadd2ce9-candidate-1,"Ein weiterer wichtiger Aspekt welcher bei der Planung eine große Rolle spielte war die 
Kommunikation und Medien",86,41,2,2,2,34,in_scope,1,,,,,1,False,annotation-00013139,,,,False,False,False,False,1,True,112,10,False,False,False,False,,86,4b146d61ab8738ab,train
segment-688f95768755d4e82ccf,segment-688f95768755d4e82ccf-candidate-1,"Es war zu erkennen, dass die  
Schüler*innen an der Überführung des Täters und der Aufklärung des Mordes sehr  
interessiert waren und motiviert in den Workshop gestartet sind.",95,27,3,2,2,14,in_scope,1,,,,,1,False,annotation-00009594|annotation-00009595,,,,False,False,False,False,1,True,176,10,False,False,False,False,,95,2b1a36ed00f62e21,train
segment-68ac709af1c43153d1bb,segment-68ac709af1c43153d1bb-candidate-1,"Erst in der Sicherung verlangt die Lehrkraft  
eine Begründung der Antworten, jedoch geht sie auch hier nur oberflächlich auf die Antworten  
ein und versucht diese mit verschiedenen Organisationsebenen (Lungenkreislauf, Adern,   Zelle) zu verknüpfen.",33,10,3,2,1,47,in_scope,1,,,,,1,False,annotation-00001888|annotation-00001889,,,,False,False,False,False,1,True,251,10,False,False,False,False,,33,c98254afde32e9a1,train
segment-68f668275f76e162e0e1,segment-68f668275f76e162e0e1-candidate-1,"Die anderen Lernenden stehen immer als Kreis um die erklärenden Gruppen herum,   sodass Jede/r das jeweilige Whiteboard bestmöglich sehen kann",215,14,3,2,4,56,in_scope,1,,,,,1,False,annotation-00023106|annotation-00023107,,,,False,False,False,False,1,True,142,10,False,False,False,False,,215,7b4ac7e6dba86acb,dev
segment-691d4baf601d7bb0129c,segment-691d4baf601d7bb0129c-candidate-1,Hierfür müsste  dann mehr Zeit eingeplant werden.,90,7,3,2,2,102,in_scope,1,,,,,1,False,annotation-00010629|annotation-00010630,,,,False,False,False,False,1,True,49,10,False,False,False,False,,90,6fd026ce8e8388c4,train
segment-6943a85565df270e1ace,segment-6943a85565df270e1ace-candidate-1,Ein neues Workshop-Mitglied trat auf und leitete die Input-Phase zur DNA ein.,92,10,3,2,2,49,in_scope,1,,,,,1,False,annotation-00010182|annotation-00010183,,,,False,False,False,False,1,True,77,10,False,False,False,False,,92,c98254afde32e9a1,train
segment-695de54d5a45a21b0195,segment-695de54d5a45a21b0195-candidate-1,"Es wäre hilfreich, wenn sich die Lehrerin während der  
Präsentationsphase zurückzieht und erst am Ende die Ergebnisse aufgreift und das Wissen  
vertieft.",216,16,3,2,4,60,in_scope,1,,,,,1,False,annotation-00023003|annotation-00023004,,,,False,False,False,False,1,True,155,10,False,False,False,False,,216,7c587cc9ab214913,train
segment-6987aa8bc236badf849f,segment-6987aa8bc236badf849f-candidate-1,"Der Einstieg des Workshops bestand aus der Vorstellung eines Mordfalls, bei dem   der Täter noch gesucht wird.",90,7,3,2,2,7,in_scope,1,,,,,1,False,annotation-00010449|annotation-00010450,,,,False,False,False,False,1,True,110,10,False,False,False,False,,90,6fd026ce8e8388c4,train
segment-69b423fa5cb325713406,segment-69b423fa5cb325713406-candidate-1,"Gleichzeitig wurde somit die Relevanz des Themas abgedeckt, denn jeder SuS konnte sich damit identifizieren.",8,17,1,2,1,61,in_scope,1,,,,,1,False,annotation-00000671|annotation-00000672,,,,False,False,False,False,1,True,108,10,False,False,False,False,,8,423489dd4b4c0912,train
segment-69ce6d1e4d4a93335f26,segment-69ce6d1e4d4a93335f26-candidate-1,"Dies kann positive Auswirkungen haben beispielsweise, dass die stärkeren Kinder die Schwächeren unterstützen aber auch negative (ungerechte Aufgabenverteilung).",120,47,5,2,2,48,in_scope,1,,,,,1,False,annotation-00015924|annotation-00015925,,,,False,False,False,False,1,True,160,10,False,False,False,False,,120,5e026b3c944c5d13,train
segment-6a3757e5f2190060d352,segment-6a3757e5f2190060d352-candidate-1,"So konnten vorhandene Fehlvorstellungen als Grundlage für kognitive  
Konflikte und Nachfragen genutzt werden.",38,39,3,2,1,16,in_scope,1,,,,,1,False,annotation-00001195|annotation-00001196,,,,False,False,False,False,1,True,110,10,False,False,False,False,,38,8471822e1d4ebecc,train
segment-6a8739788d633a765531,segment-6a8739788d633a765531-candidate-1,"Sofern  
die Lehrperson etwas sagen/erklären möchte, ist es wichtig, die Ruhe der Klasse  
einzufordern und so lange zu warten, bis alle leise geworden sind.",95,27,3,2,2,40,in_scope,1,,,,,1,False,annotation-00009642|annotation-00009643,,,,False,False,False,False,1,True,157,10,False,False,False,False,,95,2b1a36ed00f62e21,train
segment-6aa364d1d1b15b51e924,segment-6aa364d1d1b15b51e924-candidate-1,"Hierbei ist relevant, wie man die verschiedenen Aspekte gewichtet und welche Zielsetzung man in der Konsequenz daraus verfolgt.",181,47,5,2,3,9,in_scope,1,,,,,1,False,annotation-00020885|annotation-00020886,,,,False,False,False,False,1,True,127,10,False,False,False,False,,181,5e026b3c944c5d13,train
segment-6ad46a0e26999b2037d3,segment-6ad46a0e26999b2037d3-candidate-1,"Dies kann wiederum wenig kognitiv aktivierend wirken, da 
die Schüler*innen nur passiv teilhaben und leicht abgelenkt werden können",100,43,3,2,2,63,in_scope,1,,,,,1,False,annotation-00008858|annotation-00008859,,,,False,False,False,False,1,True,131,10,False,False,False,False,,100,ef200883f78ba4bc,train
segment-6ade7127aec9f69251df,segment-6ade7127aec9f69251df-candidate-1,Beispielsweise für Vaterschaftstests oder die PCR-Tests während der Corona-Pandemie.,120,47,5,2,2,62,in_scope,1,,,,,1,False,annotation-00015948|annotation-00015949,,,,False,False,False,False,1,True,84,10,False,False,False,False,,120,5e026b3c944c5d13,train
segment-6b4372472ff6d9cb4221,segment-6b4372472ff6d9cb4221-candidate-1,"Gruppen, die es geschafft haben, diese Aufgabe gemeinsam arbeitsteilig zu bearbeiten, und dabei die technischen Hinweise berücksichtigt haben oder ihr eigenes Vorwissen miteinbezogen haben, schnitten im Mittel besser ab.",77,21,2,1,2,17,in_scope,1,,,,,1,False,annotation-00013371,,,,False,False,False,False,1,True,220,10,False,False,False,False,,77,8153a465245aa4f5,train
segment-6b5d43122393e47a1795,segment-6b5d43122393e47a1795-candidate-1,"Der Unterricht ist durch eine klare Struktur und einen roten Faden gekennzeichnet, welche 
von Beginn an mit der Übersichtsfolie eingeleitet wurde",100,43,3,2,2,79,in_scope,1,,,,,1,False,annotation-00008889|annotation-00008890,,,,False,False,False,False,1,True,146,10,False,False,False,False,,100,ef200883f78ba4bc,train
segment-6b871bdc5b5fc484062e,segment-6b871bdc5b5fc484062e-candidate-1,"Am Anfang  
standen vor allem das Durchführen von Experimenten und das Üben von bestimmten  
Arbeitsweisen im Fokus.",94,16,3,2,2,68,in_scope,1,,,,,1,False,annotation-00009887|annotation-00009888,,,,False,False,False,False,1,True,116,10,False,False,False,False,,94,7c587cc9ab214913,train
segment-6ba9b2e235b0e4e59280,segment-6ba9b2e235b0e4e59280-candidate-1,"Die Aktivierung von Schülervorstellungen und die Abfrage des Vorwissens ist jedoch  
sehr geglückt und es lässt sich erkennen, dass die Lehrkraft diese Vorstellungen immer  
wieder aufgreif",38,39,3,2,1,15,in_scope,1,,,,,1,False,annotation-00001192|annotation-00001193,,,,False,False,False,False,1,True,189,10,False,False,False,False,,38,8471822e1d4ebecc,train
segment-6bd3b596bd7dd40b6ba9,segment-6bd3b596bd7dd40b6ba9-candidate-1,"Allerdings muss in diesem Zusammenhang auch betont werden, dass nicht jedes  
Unterrichtsthema einen spektakulären oder mitreißenden Unterrichtseinstieg ermöglicht.",151,3,3,2,3,42,in_scope,1,,,,,1,False,annotation-00018220|annotation-00018221,,,,False,False,False,False,1,True,164,10,False,False,False,False,,151,9efb7a7c3e8b6377,train
segment-6be02d57406334e8d0a7,segment-6be02d57406334e8d0a7-candidate-1,"Um eine noch  
bessere Identifizierung der Lernenden mit den Tätern und dem Mordfall zu erreichen,  würde es sich hier anbieten die Präsentation des Mordfalles und der potenziellen  
Täter*innen beispielsweise mit Hilfe eines Videos oder eines Rollenspiels zu  
visualisieren, sodass eine noch sorgfältigere Identifizierung mit der Lernsituation  
seitens der Lernenden stattfinden kann",93,14,3,2,2,21,in_scope,1,,,,,1,False,annotation-00009926|annotation-00009927,,,,False,False,False,False,1,True,386,10,False,False,False,False,,93,7b4ac7e6dba86acb,dev
segment-6c03338bc279b5d1c004,segment-6c03338bc279b5d1c004-candidate-1,"In 
dieser Stunde konnten sich die 5 Studierenden in der Klasse und konnten die Inhalte und 
praktischen Übungen in Kleingruppen besser anleiten und beobachten",100,43,3,2,2,6,in_scope,1,,,,,1,False,annotation-00008741|annotation-00008742,,,,False,False,False,False,1,True,159,10,False,False,False,False,,100,ef200883f78ba4bc,train
segment-6c492abee45c2ca94926,segment-6c492abee45c2ca94926-candidate-1,"Das Stundenziel wird ebenfalls von Anfang an  
deutlich gemacht",216,16,3,2,4,5,in_scope,1,,,,,1,False,annotation-00022914,,,,False,False,False,False,1,True,63,10,False,False,False,False,,216,7c587cc9ab214913,train
segment-6c7e3c438661cc167f88,segment-6c7e3c438661cc167f88-candidate-1,"Des Weiteren bietet sie den SuS noch an offene Fragen zu stellen, welche sie in der folgenden Stunde besprechen können.",48,24,5,1,1,57,in_scope,1,,,,,1,False,annotation-00006479|annotation-00006480,,,,False,False,False,False,1,True,119,10,False,False,False,False,,48,e303475eaa710a89,train
segment-6cabdee10b262277baec,segment-6cabdee10b262277baec-candidate-1,"Hier wird die Methode des forschenden Lernens herangezogen, bei  
welchem vor allem die Schüler*innen im Vordergrund stehen.",215,14,3,2,4,30,in_scope,1,,,,,1,False,annotation-00023059|annotation-00023060,,,,False,False,False,False,1,True,124,10,False,False,False,False,,215,7b4ac7e6dba86acb,dev
segment-6cd48b15ea8267aedde8,segment-6cd48b15ea8267aedde8-candidate-1,"Zudem kann auch festgestellt werden, ob falsches Vorwissen besteht (vgl.).",242,57,5,2,4,7,in_scope,1,,,,,1,False,annotation-00028257|annotation-00028258,,,,False,False,False,False,1,True,74,10,False,False,False,False,,242,d1fbfe5e3fb609be,train
segment-6cdcfe6a4994d5974ac0,segment-6cdcfe6a4994d5974ac0-candidate-1,"Dies wäre Teil einer gelungenen Unterrichtsstunde, da nachhaltiges Lernen immer den Einbezug von SchülerInnenvorstellungen beinhalte",153,8,3,2,3,4,in_scope,1,,,,,1,False,annotation-00018028|annotation-00018029,,,,False,False,False,False,1,True,132,10,False,False,False,False,,153,010765bfd40e73e6,train
segment-6d1ca364b5acc0dd506c,segment-6d1ca364b5acc0dd506c-candidate-1,"Die kognitive Aktivierung und Erkenntnisgewinnung entsteht durch das Verwenden des realen Produkts „Dexto Energy“, indem die SuS angeregt werden selbst über ihre Erfahrungen und ihr Wissen nachzudenken und dieses zu äußern. Die Lehrkraft berücksichtigt hierbei das Vorwissen der SuS",43,26,4,2,1,15,in_scope,1,,,,,1,False,annotation-00003023,,,,False,False,False,False,1,True,282,10,False,False,False,False,,43,d9e814e2d3def543,train
segment-6d27ab563a459525984c,segment-6d27ab563a459525984c-candidate-1,Dies konnte ich gut ignorieren und habe mich davon nicht  ablenken lassen. I,152,7,3,2,3,12,in_scope,1,,,,,1,False,annotation-00018068|annotation-00018069,,,,False,False,False,False,1,True,76,10,False,False,False,False,,152,6fd026ce8e8388c4,train
segment-6d805ae740c790d923c6,segment-6d805ae740c790d923c6-candidate-1,wirklich unangenehm von der Situation berührt hat sie auch nicht gewirkt.,54,23,5,2,1,60,in_scope,1,,,,,1,False,annotation-00007490,,,,False,False,False,False,1,True,73,10,False,False,False,False,,54,3999525a81ce4095,dev
segment-6d954a261d7be596724e,segment-6d954a261d7be596724e-candidate-1,"ch kann nicht sagen, ob dies die SchülerInnen abgelenkt hat.",152,7,3,2,3,15,in_scope,1,,,,,1,False,annotation-00018072|annotation-00018073,,,,False,False,False,False,1,True,60,10,False,False,False,False,,152,6fd026ce8e8388c4,train
segment-6da38ce5a55b6877220c,segment-6da38ce5a55b6877220c-candidate-1,"Die Berücksichtigung der Schülervorstellungen ist in dieser Stunde besonders gut zur Geltung gekommen, da hier unter anderem auch genügend Zeit investiert wurde",24,5,2,2,1,10,in_scope,1,,,,,1,False,annotation-00003977,,,,False,False,False,False,1,True,160,10,False,False,False,False,,24,cd38e7c2d4a56e90,train
segment-6db8a9946b7b08be76e9,segment-6db8a9946b7b08be76e9-candidate-1,"Dies ändert sich vor allem am Ende der Stunde, wenn die  
SchülerInnen ihre zweiten, verbesserten Zeichnungen vorstellen",30,3,3,2,1,26,in_scope,1,,,,,1,False,annotation-00002227|annotation-00002228,,,,False,False,False,False,1,True,120,10,False,False,False,False,,30,9efb7a7c3e8b6377,train
segment-6dd853eecc5abddd7f6b,segment-6dd853eecc5abddd7f6b-candidate-1,"Bei der Planung des Workshops konnten sie  leider nicht berücksichtigt werden, da wir die Klasse nicht kannten und nicht wussten  über welches Vorwissen und welche Ressourcen sie verfügen.",90,7,3,2,2,41,in_scope,1,,,,,1,False,annotation-00010519|annotation-00010520,,,,False,False,False,False,1,True,188,10,False,False,False,False,,90,6fd026ce8e8388c4,train
segment-6e06316311f27218d5b8,segment-6e06316311f27218d5b8-candidate-1,"Allerdings wird der Eindruck erweckt, dass diese Phase am Ende etwas  
chaotisch abläuft, da die Schülerin, die ihr Ergebnis vorstellt, unsicher wirkt und  
Zusammenhänge nicht fehlerfrei wiedergeben kann.",29,27,3,2,1,47,in_scope,1,,,,,1,False,annotation-00001533|annotation-00001534,,,,False,False,False,False,1,True,205,10,False,False,False,False,,29,2b1a36ed00f62e21,train
segment-6e67f3f0e34fc578c179,segment-6e67f3f0e34fc578c179-candidate-1,"Im Hinblick auf Fachwissen ist zu sagen, dass den  
biologischen Basiskonzepten nicht direkt Beachtung geschenkt wird, sie aber dennoch  
vielzählig in der Vermittlung beinhaltet sind",34,14,3,2,1,68,in_scope,1,,,,,1,False,annotation-00001743|annotation-00001744,,,,False,False,False,False,1,True,183,10,False,False,False,False,,34,7b4ac7e6dba86acb,dev
segment-6e70ca11a664e37cb074,segment-6e70ca11a664e37cb074-candidate-1,"Das „Eintauchen in ein  
Polizeilabor“, der Bezug zur späteren Arbeitswelt sowie der Bezug zur Lebenswelt der  
Schülerinnen und Schüler durch den „Mordfall in der Disco“ sorgte für eine erhöhte  
Aufmerksamkeit bei den Lernenden",98,39,3,2,2,20,in_scope,1,,,,,1,False,annotation-00009249|annotation-00009250,,,,False,False,False,False,1,True,229,10,False,False,False,False,,98,8471822e1d4ebecc,train
segment-6e7ab0b1d6d6b58e95f7,segment-6e7ab0b1d6d6b58e95f7-candidate-1,Mithilfe dieser Methode wurde dem entgegengesteuert.,95,27,3,2,2,62,in_scope,1,,,,,1,False,annotation-00009678|annotation-00009679,,,,False,False,False,False,1,True,52,10,False,False,False,False,,95,2b1a36ed00f62e21,train
segment-6ecc782bc225c319801a,segment-6ecc782bc225c319801a-candidate-1,"an hätte hierbei noch weitere Beispiele nennen können, wie der Einsatz vor Organtransplantationen, um sicher zu gehen, dass das Spenderorgan vom Empfänger gut angenommen werden kann, doch aufgrund des Zeitlichen Rahmens haben wir uns lediglich für die beiden genannten Beispiele entschieden.",122,57,5,2,2,22,in_scope,1,,,,,1,False,annotation-00016208|annotation-00016209,,,,False,False,False,False,1,True,291,10,False,False,False,False,,122,d1fbfe5e3fb609be,train
segment-6ee37df87b0556765dc3,segment-6ee37df87b0556765dc3-candidate-1,"Wenn es etwas zu  
erklären gibt, vor allem der Arbeitsauftrag, sollte auch diese Workshop-Person hier  
unbedingt explizit Ruhe einfordern",93,14,3,2,2,57,in_scope,1,,,,,1,False,annotation-00009995|annotation-00009996,,,,False,False,False,False,1,True,139,10,False,False,False,False,,93,7b4ac7e6dba86acb,dev
segment-6ee953a79f838e0834ab,segment-6ee953a79f838e0834ab-candidate-1,"Schon während der Planungsphase hat die Workshop-Gruppe beschlossen, den Schwerpunkt  
der Einheit auf das Sammeln von praktischen Laborerfahrungen sowie das Erproben von  
naturwissenschaftlichen Methoden und Arbeitsweisen zu setzen",92,10,3,2,2,5,in_scope,1,,,,,1,False,annotation-00010098|annotation-00010099,,,,False,False,False,False,1,True,233,10,False,False,False,False,,92,c98254afde32e9a1,train
segment-6f7d107664f71c226603,segment-6f7d107664f71c226603-candidate-1,"Dies wurde vor allem dadurch deutlich, dass  
einzelne Gruppen eine intensivere Betreuung benötigten.",94,16,3,2,2,43,in_scope,1,,,,,1,False,annotation-00009841|annotation-00009842,,,,False,False,False,False,1,True,101,10,False,False,False,False,,94,7c587cc9ab214913,train
segment-6fa3aa26411fa469c545,segment-6fa3aa26411fa469c545-candidate-1,"Eine weitere wichtige Rolle der Lehrperson bestand darin, Klarheit und Struktur in den  
Unterricht zu bringen",156,16,3,2,3,9,in_scope,1,,,,,1,False,annotation-00017797|annotation-00017798,,,,False,False,False,False,1,True,110,10,False,False,False,False,,156,7c587cc9ab214913,train
segment-6fba76aeeae1ca709670,segment-6fba76aeeae1ca709670-candidate-1,"Um diesen Problemen entgegenzuwirken, sollte darauf geachtet werden, einen Ablaufplan des Workshops vorläufigeinzustellen, um sämtliche Fristen, Gruppeneinteilungen und Aufträge zu visualisieren",61,2,1,1,2,21,in_scope,1,,,,,1,False,annotation-00007898,,,,False,False,False,False,1,True,194,10,False,False,False,False,,61,3faf840a033c018d,train
segment-6ffaad6c3955f6c17380,segment-6ffaad6c3955f6c17380-candidate-1,ch habe also auch über mich erkannt welchen hohen Stellenwert ein solches Klassenklima für mich hat - was erklärt warum es mir selbst so ins Auge fällt.,209,46,2,2,4,53,in_scope,1,,,,,1,False,annotation-00024517,,,,False,False,False,False,1,True,152,10,False,False,False,False,,209,8490512266eabf51,dev
segment-7016515a03bcaad28295,segment-7016515a03bcaad28295-candidate-1,"Die SuS erhalten die Aufgabe ihre Vorstellungen, wie das Blut durch den Körper fließt, einzuzeichnen.",43,26,4,2,1,31,in_scope,1,,,,,1,False,annotation-00003057,,,,False,False,False,False,1,True,101,10,False,False,False,False,,43,d9e814e2d3def543,train
segment-704e83264d2dc7f5b1f7,segment-704e83264d2dc7f5b1f7-candidate-1,"Diese Art der Präsentation hat oftmals  
den Nachteil, dass ein/eine sehr motivierter/motivierte Schüler/Schülerin spricht und die  
anderen Gruppenmitglieder das Whiteboard (in unserer Schulumgebung das Plakat) halten und  
sich dem Gespräch eher entziehen.",213,8,3,2,4,51,in_scope,1,,,,,1,False,annotation-00023361|annotation-00023362,,,,False,False,False,False,1,True,258,10,False,False,False,False,,213,010765bfd40e73e6,train
segment-709d1e7be107a6375f99,segment-709d1e7be107a6375f99-candidate-1,"Die Idee den SuS an das Thema anhand der Dextro-Energy-Packung heranzuführen, finde ich durchaus plausibel, da sich die SuS dann bestimmt Fragen, wie die Glucose an verschiedene Stellen des Körpers gelangen und vermutlich alle das Produkt kennen.",25,20,2,2,1,6,in_scope,1,,,,,1,False,annotation-00004062|annotation-00004063,,,,False,False,False,False,1,True,246,10,False,False,False,False,,25,5257a952b667ebc3,train
segment-70bc10b6e172bd991391,segment-70bc10b6e172bd991391-candidate-1,"Auch die Schüler*innen scheinen aufmerksam dabei zu sein, da viele 
Schüler*innen sich an der Interaktion beteiligen",222,43,3,2,4,22,in_scope,1,,,,,1,False,annotation-00022210|annotation-00022211,,,,False,False,False,False,1,True,116,10,False,False,False,False,,222,ef200883f78ba4bc,train
segment-70e45cc3a4b5ffbac34e,segment-70e45cc3a4b5ffbac34e-candidate-1,"Diese wurde sehr  
authentisch und glaubwürdig dargestellt, sodass die Schüler*innen von Beginn an  
Interesse zeigten, diesen zu lösen",95,27,3,2,2,8,in_scope,1,,,,,1,False,annotation-00009585|annotation-00009586,,,,False,False,False,False,1,True,135,10,False,False,False,False,,95,2b1a36ed00f62e21,train
segment-70f803840723c728a6ff,segment-70f803840723c728a6ff-candidate-1,"Immer wieder konnten die Studierenden ihr Vorwissen einbringen. Es wäre gut gewesen, bevor wir den Workshop vorbereitet haben, das Vorwissen abzufragen, um zu wissen auf welchem Vorwissen wir den Workshop aufbauen können.",79,44,2,1,2,49,in_scope,1,,,,,1,False,annotation-00014216|annotation-00014217,,,,False,False,False,False,1,True,221,10,False,False,False,False,,79,d6edc4c7955d78b1,train
segment-711357678f51b10364d5,segment-711357678f51b10364d5-candidate-1,"Sie lässt alle SuS, die sich melden, ihre Erfahrungen mit der Klasse teilen.",43,26,4,2,1,8,in_scope,1,,,,,1,False,annotation-00003010|annotation-00003011,,,,False,False,False,False,1,True,76,10,False,False,False,False,,43,d9e814e2d3def543,train
segment-712191b1be6c5452724f,segment-712191b1be6c5452724f-candidate-1,Die   Verdächtigen sowie ihre Motive wurden detailliert vorgestellt und Bilder der Personen   an die Tafel gehängt.,90,7,3,2,2,11,in_scope,1,,,,,1,False,annotation-00010458|annotation-00010459,,,,False,False,False,False,1,True,115,10,False,False,False,False,,90,6fd026ce8e8388c4,train
segment-712c7fbdf700e51aad03,segment-712c7fbdf700e51aad03-candidate-1,Fachsprache fand zu Beginn der Stunde Raum und auch auf den Arbeitsblättern,8,17,1,2,1,78,in_scope,1,,,,,1,False,annotation-00000713|annotation-00000714,,,,False,False,False,False,1,True,75,10,False,False,False,False,,8,423489dd4b4c0912,train
segment-714dc9b1f70d1c35ce62,segment-714dc9b1f70d1c35ce62-candidate-1,"Ich als Schülerin wäre verwirrt, wo auf einmal die   Glukose herkommt und wie diese ins Blut gelangt.",31,7,3,2,1,33,in_scope,1,,,,,1,False,annotation-00002080|annotation-00002081,,,,False,False,False,False,1,True,101,10,False,False,False,False,,31,6fd026ce8e8388c4,train
segment-7168e3c0c214b5bc69f8,segment-7168e3c0c214b5bc69f8-candidate-1,"Nachdem die Lehrerin die Ideen der Schüler:innen lobt, schreibt sie eine allgemeinere Leitfrage „wie fließt das Blut durch unseren Körper?“ an die Tafel, welche allgemeiner gehalten ist.",14,15,2,1,1,13,in_scope,1,,,,,1,False,annotation-00004613|annotation-00004614,,,,False,False,False,False,1,True,186,10,False,False,False,False,,14,01e178cb42e13d88,train
segment-7179dd9b0844a1e81aea,segment-7179dd9b0844a1e81aea-candidate-1,"Ziel von Biologieunterricht ist nicht nur das Vermitteln von Wissen und Verständnis   über biologische Phänomene und Zusammenhänge, sondern auch die Vermittlung   von naturwissenschaftlichen Denk- und Arbeitsweisen",212,7,3,2,4,76,in_scope,1,,,,,1,False,annotation-00023534|annotation-00023535,,,,False,False,False,False,1,True,214,10,False,False,False,False,,212,6fd026ce8e8388c4,train
segment-717d810d8a2df0ea10c4,segment-717d810d8a2df0ea10c4-candidate-1,"Zudem war es zu beobachten, dass wie zuvor erwähnt der Umgang mit den Bestimmungsschlüssen sich zum Teil schwierig gestaltete, da sie nicht gut auf die Objekte abgestimmt waren, beziehungsweise vorab nicht geklärt wurde, für welchen Unterstamm sich welcher Schlüssel am besten eignet",110,28,5,1,2,47,in_scope,1,,,,,1,False,annotation-00015019|annotation-00015020,,,,False,False,False,False,1,True,283,10,False,False,False,False,,110,66113b8d0b6fb170,test
segment-71eb459ebef2d7dffce5,segment-71eb459ebef2d7dffce5-candidate-1,"Die Lehrperson muss meiner Meinung nach für den weiteren Verlauf durch  
diese Methode aber beachten, dass die Schüler*innen nur in einem von den fünf  
Wegen, die Photosynthese kennenzulernen durch das Erstellen und das nochmalige  
genaue Auseinandersetzen mit ihrer Thematik, Experten und Expertinnen sein  
werden",215,14,3,2,4,72,in_scope,1,,,,,1,False,annotation-00023136|annotation-00023137,,,,False,False,False,False,1,True,317,10,False,False,False,False,,215,7b4ac7e6dba86acb,dev
segment-71fdacfea1fe6e99029c,segment-71fdacfea1fe6e99029c-candidate-1,"Durch diese Form der Ergebnispräsentation wurden die SuS unteranderem auch  
im Kompetenzbereich Kommunikation gefördert.",221,40,3,2,4,37,in_scope,1,,,,,1,False,annotation-00022459|annotation-00022460,,,,False,False,False,False,1,True,121,10,False,False,False,False,,221,cf54d4a96848c26d,test
segment-720b29f8d2601ab231b0,segment-720b29f8d2601ab231b0-candidate-1,"Dies schafft Struktur und Klarheit über den Fortschritt  
während des Arbeitsprozesses.",98,39,3,2,2,16,in_scope,1,,,,,1,False,annotation-00009243|annotation-00009244,,,,False,False,False,False,1,True,87,10,False,False,False,False,,98,8471822e1d4ebecc,train
segment-722c733517c6ba30e903,segment-722c733517c6ba30e903-candidate-1,Die Lehrerin setzt hier ganz klar einen großen Anteil des Fokus auf die Kompetenz Kommunikation,208,41,2,2,4,45,in_scope,1,,,,,1,False,annotation-00025041|annotation-00025042,,,,False,False,False,False,1,True,95,10,False,False,False,False,,208,4b146d61ab8738ab,train
segment-728eac54e02ddaf697cc,segment-728eac54e02ddaf697cc-candidate-1,"Dies ist nicht möglich, da   es sich um den Einstieg in eine neue Thematik handelt und hier der   Erkenntnisgewinn im Vordergrund steht.",31,7,3,2,1,76,in_scope,1,,,,,1,False,annotation-00002183|annotation-00002184,,,,False,False,False,False,1,True,136,10,False,False,False,False,,31,6fd026ce8e8388c4,train
segment-729235231a81a6ed1258,segment-729235231a81a6ed1258-candidate-1,"Die  
sich in diesem Kontext abzeichnenden SchülerInnen-Vorstellungen wurden von den  
Lehrkräften allerdings nicht explizit erhoben.",89,3,3,2,2,17,in_scope,1,,,,,1,False,annotation-00010693|annotation-00010694,,,,False,False,False,False,1,True,133,10,False,False,False,False,,89,9efb7a7c3e8b6377,train
segment-73011c0c3a2e455f97b4,segment-73011c0c3a2e455f97b4-candidate-1,"Einleitend wurde den SuS eine Dextro Energy Packung gezeigt und die Frage gestellt, woher sie dieses Produkt kennen und wann sie es einnehmen.",8,17,1,2,1,19,in_scope,1,,,,,1,False,annotation-00000559|annotation-00000560,,,,False,False,False,False,1,True,142,10,False,False,False,False,,8,423489dd4b4c0912,train
segment-737523aa77620067ac36,segment-737523aa77620067ac36-candidate-1,"Dabei wurden auch die zuvor angestellten Vermutungen  
über die Täterin/den Täter aufgegriffen",94,16,3,2,2,49,in_scope,1,,,,,1,False,annotation-00009853|annotation-00009854,,,,False,False,False,False,1,True,94,10,False,False,False,False,,94,7c587cc9ab214913,train
segment-7378e50aa150c7ada7ae,segment-7378e50aa150c7ada7ae-candidate-1,"Je mehr Teile man bei den Versuchen nicht vorgibt, desto schwieriger wird die Umsetzung für die Schüler:innen.",208,41,2,2,4,36,in_scope,1,,,,,1,False,annotation-00025016|annotation-00025017,,,,False,False,False,False,1,True,110,10,False,False,False,False,,208,4b146d61ab8738ab,train
segment-73c2f45bf2a0f224192c,segment-73c2f45bf2a0f224192c-candidate-1,Die   Texte sind anspruchsvoll und enthalten Fachbegriffe.,31,7,3,2,1,55,in_scope,1,,,,,1,False,annotation-00002135|annotation-00002136,,,,False,False,False,False,1,True,58,10,False,False,False,False,,31,6fd026ce8e8388c4,train
segment-73c3ee05cf777d728425,segment-73c3ee05cf777d728425-candidate-1,"Auch wenn falsche Aussagen getroffen  
werden, korrigiert die Lehrkraft diese nicht.",30,3,3,2,1,22,in_scope,1,,,,,1,False,annotation-00002221|annotation-00002222,,,,False,False,False,False,1,True,84,10,False,False,False,False,,30,9efb7a7c3e8b6377,train
segment-73c5c01756951d94d143,segment-73c5c01756951d94d143-candidate-1,"Es kann also kritisch  
hinterfragt werden, ob die durchgeführten Arbeitsweisen im Gedächtnis der SchülerInnen  
verbleiben werden.",91,8,3,2,2,42,in_scope,1,,,,,1,False,annotation-00010359|annotation-00010360,,,,False,False,False,False,1,True,131,10,False,False,False,False,,91,010765bfd40e73e6,train
segment-73efad5199e450afea2f,segment-73efad5199e450afea2f-candidate-1,"In diesen Phasen konnte man beobachten, dass die  
Lehrkräfte die Inhalte stark didaktisch reduziert haben, um sie für die Zielgruppe anzupassen.",99,40,3,2,2,52,in_scope,1,,,,,1,False,annotation-00009142|annotation-00009143,,,,False,False,False,False,1,True,145,10,False,False,False,False,,99,cf54d4a96848c26d,test
segment-73f3f483a6e75c108903,segment-73f3f483a6e75c108903-candidate-1,nsgesamt war die Rolle der Lehrperson in dieser Unterrichtsstunde sehr wichtig.,156,16,3,2,3,41,in_scope,1,,,,,1,False,annotation-00017853|annotation-00017854,,,,False,False,False,False,1,True,79,10,False,False,False,False,,156,7c587cc9ab214913,train
segment-73f497198b310ad72a79,segment-73f497198b310ad72a79-candidate-1,"Durch die Visualisierung der Workshop-Phasen an der Tafel konnten  
die Schüler*innen den aktuellen Fortschritt nachvollziehen und wussten immer, an welchem  
Punkt sie sich befanden",156,16,3,2,3,10,in_scope,1,,,,,1,False,annotation-00017800|annotation-00017801,,,,False,False,False,False,1,True,182,10,False,False,False,False,,156,7c587cc9ab214913,train
segment-7404f60e82cebff8ef97,segment-7404f60e82cebff8ef97-candidate-1,"Am Ende der Stunde hätte die Lehrkraft den SchülerInnen aber auch einen  
Körperumriss als Lösungsmöglichkeit austeilen können",41,54,3,2,1,92,in_scope,1,,,,,1,False,annotation-00000997|annotation-00000998,,,,False,False,False,False,1,True,126,10,False,False,False,False,,41,ed2e1db7eb20f852,train
segment-74210bfeb7cf6927b692,segment-74210bfeb7cf6927b692-candidate-1,"Beim nächsten Mal würde ich in diesen Phasen versuchen, dass die   SchülerInnen sich in Gruppen die Informationen selbst erarbeiten.",90,7,3,2,2,100,in_scope,1,,,,,1,False,annotation-00010626|annotation-00010627,,,,False,False,False,False,1,True,132,10,False,False,False,False,,90,6fd026ce8e8388c4,train
segment-7445a51e5f667354469b,segment-7445a51e5f667354469b-candidate-1,"Die Lehrkraft geht herum und stellt in den Gruppen Fragen, vermutlich um die Schüler:innen  
intensiver mit dem Thema auseinandersetzen zu lassen und ihre Problemlösefähigkeit zu  
fördern.",214,10,3,2,4,45,in_scope,1,,,,,1,False,annotation-00023225|annotation-00023226,,,,False,False,False,False,1,True,189,10,False,False,False,False,,214,c98254afde32e9a1,train
segment-7452dbb58d71c251452c,segment-7452dbb58d71c251452c-candidate-1,"Die Lehrpersonen hätte in der Situation  
den Schüler explizit noch einmal ansprechen können, damit sich dieser äußern kann.",101,54,3,2,2,12,in_scope,1,,,,,1,False,annotation-00008919|annotation-00008920,,,,False,False,False,False,1,True,124,10,False,False,False,False,,101,ed2e1db7eb20f852,train
segment-747ff6e8f95df610f4fb,segment-747ff6e8f95df610f4fb-candidate-1,"Im Vordergrund der Unterrichtsstunde standen Experimente zum Thema  
Photosynthese",219,37,3,2,4,2,in_scope,1,,,,,1,False,annotation-00022662|annotation-00022663,,,,False,False,False,False,1,True,82,10,False,False,False,False,,219,03fd173f4e9e83b6,train
segment-74871a152d2e253b4520,segment-74871a152d2e253b4520-candidate-1,"Die Unterrichtsstunde beginnt ohne klaren Einstieg, was es schwer macht, dem Geschehen zu  
folgen und das Thema der Stunde zu erfassen.",214,10,3,2,4,2,in_scope,1,,,,,1,False,annotation-00023142|annotation-00023143,,,,False,False,False,False,1,True,136,10,False,False,False,False,,214,c98254afde32e9a1,train
segment-74a8bac2ee0ce0cf4151,segment-74a8bac2ee0ce0cf4151-candidate-1,"Dies  
wird besonders im Vergleich der ersten und zweiten Vorstellungsrunde sichtbar, da die  
Kinder in der zweiten Vorstellungsrunde deutlich mehr Fachbegriffe verwenden als zu  
Beginn.",30,3,3,2,1,69,in_scope,1,,,,,1,False,annotation-00002313|annotation-00002314,,,,False,False,False,False,1,True,188,10,False,False,False,False,,30,9efb7a7c3e8b6377,train
segment-74bf35fb3295df36d2a1,segment-74bf35fb3295df36d2a1-candidate-1,"Dies spiegelt sich auch im Biologischen Basiskonzept „Reproduktion und Variabilität“ wider (vgl. ), welches man dieser 
Unterrichtsstunde zuordnen kann, da die Gelelektrophorese aus dieser Unterschiedlichkeit ihren Nutzen zieht.",122,57,5,2,2,29,in_scope,1,,,,,1,False,annotation-00016222|annotation-00016223,,,,False,False,False,False,1,True,228,10,False,False,False,False,,122,d1fbfe5e3fb609be,train
segment-74d775c3c835ba80d219,segment-74d775c3c835ba80d219-candidate-1,"Die Schüler*innen  
konnten im Bereich der Erkenntnisgewinnung eigenständig Arbeitstechniken  
anwenden.",95,27,3,2,2,91,in_scope,1,,,,,1,False,annotation-00009722|annotation-00009723,,,,False,False,False,False,1,True,104,10,False,False,False,False,,95,2b1a36ed00f62e21,train
segment-74dfa0a111d6485cdbb0,segment-74dfa0a111d6485cdbb0-candidate-1,Spielerische Formen lassen sich aus eigener Erfahrung besser Vertiefen und bleiben nachhaltiger im Gedächtnis,184,2,1,1,4,19,in_scope,1,,,,,1,False,annotation-00021434,,,,False,False,False,False,1,True,109,10,False,False,False,False,,184,3faf840a033c018d,train
segment-74ebea12b225e5f91570,segment-74ebea12b225e5f91570-candidate-1,"Dazu Ariana Marinica Reflexive Unterrichtspraxis SoSe 23 .2023 
wurden vereinfachte Abbildungen gewählt und versucht die Fachsprache etwas zu  
vereinfachen. ",91,8,3,2,2,63,in_scope,1,,,,,1,False,annotation-00010392|annotation-00010393,,,,False,False,False,False,1,True,157,10,False,False,False,False,,91,010765bfd40e73e6,train
segment-75005ca5bb027e2f68de,segment-75005ca5bb027e2f68de-candidate-1,"Denn durch die  
Differenzierung der Lehrkraft geht der Kontext des Themas und die Relevanz verloren.",33,10,3,2,1,42,in_scope,1,,,,,1,False,annotation-00001880,,,,False,False,False,False,1,True,101,10,False,False,False,False,,33,c98254afde32e9a1,train
segment-750671b78400b6709d7d,segment-750671b78400b6709d7d-candidate-1,"Des Weiteren forderten alle Lehrpersonen  
Begründungen bei Schüler*innen so lange ein, bis diese sinnvoll und korrekt waren.",95,27,3,2,2,111,in_scope,1,,,,,1,False,annotation-00009755|annotation-00009756,,,,False,False,False,False,1,True,125,10,False,False,False,False,,95,2b1a36ed00f62e21,train
segment-751849656d8f9e2c2a4e,segment-751849656d8f9e2c2a4e-candidate-1,"Die Geschichte des Mordfalls, sowie die Vorstellung der  
potenziellen Täter*innen, wurden sehr ausführlich und spannend gestaltet, um das  
Interesse und die Motivation der Schüler*innen direkt von Beginn an zu wecken",93,14,3,2,2,10,in_scope,1,,,,,1,False,annotation-00009908|annotation-00009909,,,,False,False,False,False,1,True,218,10,False,False,False,False,,93,7b4ac7e6dba86acb,dev
segment-752b6b51ecbf4d3f26aa,segment-752b6b51ecbf4d3f26aa-candidate-1,"Versuche, Experimente oder Mikroskopieren wurde nicht in beobachtet.",24,5,2,2,1,32,in_scope,1,,,,,1,False,annotation-00004030|annotation-00004031,,,,False,False,False,False,1,True,68,10,False,False,False,False,,24,cd38e7c2d4a56e90,train
segment-754e61d577b42314c146,segment-754e61d577b42314c146-candidate-1,"Dadurch hatten die Lehrpersonen die  
Möglichkeit die SuS direkt mit Namen anzusprechen, was zu einem respektvollerem und  
positiven Arbeitsklima beigetragen hat.",99,40,3,2,2,9,in_scope,1,,,,,1,False,annotation-00009064|annotation-00009065,,,,False,False,False,False,1,True,163,10,False,False,False,False,,99,cf54d4a96848c26d,test
segment-758f13b51b0a286badcd,segment-758f13b51b0a286badcd-candidate-1,"So kann sichergestellt werden, dass alle Gruppen im selben  
Arbeitsschritt ist und dass weniger schief geht.",155,14,3,2,3,49,in_scope,1,,,,,1,False,annotation-00017941|annotation-00017942,,,,False,False,False,False,1,True,109,10,False,False,False,False,,155,7b4ac7e6dba86acb,dev
segment-75a54ea5d38ca63e1e90,segment-75a54ea5d38ca63e1e90-candidate-1,"Um das Unterrichtsgeschehen schrittweise in  
die Richtung des Themas der Stunde zu lenken, werden nach ersten Äußerungen,   bekannte Themeninhalte (Aufnahme von Glucose über die Darmzotten) eingebracht,   wodurch das Vorwissen aktiviert wird und die Verknüpfung dieser Inhalte mit neuen  
Inhalten stattfindet.",29,27,3,2,1,14,in_scope,1,,,,,1,False,annotation-00001480|annotation-00001481,,,,False,False,False,False,1,True,311,10,False,False,False,False,,29,2b1a36ed00f62e21,train
segment-75ac85b930062204b969,segment-75ac85b930062204b969-candidate-1,"Der Einstieg der Stunde mit einem Dextro-Energy ist für die SuS sehr interessant und weckt Motivation, da jede*r diese kennt und wahrscheinlich auch schon einmal be- nutzt oder probiert hat, wie auch einige der SuS anfangs im Plenum erzählen",22,63,2,1,1,5,in_scope,1,,,,,1,False,annotation-00005531|annotation-00005532,,,,False,False,False,False,1,True,241,10,False,False,False,False,,22,e8af31232c32b0f4,train
segment-76495916e04da66a9299,segment-76495916e04da66a9299-candidate-1,"Wie bereits in der ersten Praxisphase  
erwähnt, wäre auch hier der Einsatz einer Dokumentenkamera von Vorteil gewesen.",92,10,3,2,2,78,in_scope,1,,,,,1,False,annotation-00010229|annotation-00010230,,,,False,False,False,False,1,True,119,10,False,False,False,False,,92,c98254afde32e9a1,train
segment-76555c1cf8324663efa5,segment-76555c1cf8324663efa5-candidate-1,"Natürlich  
wäre es auch möglich gewesen, die Labortätigkeit, ohne einer Hintergrundgeschichte  
zu behandeln, allerdings tun sich SchülerInnen in Rollen meist leichter sich  
reinzuversetzen, um etwas zu lernen",101,54,3,2,2,77,in_scope,1,,,,,1,False,annotation-00009049|annotation-00009050,,,,False,False,False,False,1,True,211,10,False,False,False,False,,101,ed2e1db7eb20f852,train
segment-767a21a64cdf50e1487e,segment-767a21a64cdf50e1487e-candidate-1,"Die letzte Arbeitsphase stellte somit die Präsentation der Ergebnisse im Plenum dar, wodurch erneut die Kommunikation angeregt wurde, da die Studierenden die erarbeiteten Aspekte vorstellten und durch die Fragen der Referentinnen, Begründungen, die sie aufstellten, erklären mussten",103,26,4,2,2,33,in_scope,1,,,,,1,False,annotation-00011786|annotation-00011787,,,,False,False,False,False,1,True,282,10,False,False,False,False,,103,d9e814e2d3def543,train
segment-7680f5394a26b41ce0bf,segment-7680f5394a26b41ce0bf-candidate-1,"Vermutlich wäre die Aufgabenstellung nicht zu verfehlen gewesen, wenn ein konkretes Beispiel unsererseits vorangegangen wäre",62,30,1,1,2,26,in_scope,1,,,,,1,False,annotation-00007806,,,,False,False,False,False,1,True,124,10,False,False,False,False,,62,94dd5be7b479f16e,train
segment-769201a9f1b8083e3bde,segment-769201a9f1b8083e3bde-candidate-1,"Trotz der wiederholten mündlichen Aufforderung konnte ich die  
SuS-gespräche nicht ganz stoppen und habe dann angefangen in die Unruhe hineinzureden  
(Video 8: 0:20-0:50).",161,40,3,2,3,6,in_scope,1,,,,,1,False,annotation-00017604|annotation-00017605,,,,False,False,False,False,1,True,173,10,False,False,False,False,,161,cf54d4a96848c26d,test
segment-7697a220489c60e92223,segment-7697a220489c60e92223-candidate-1,"Die Lehrkraft zeigt eine den SuS bekannte Traubenzuckermarke und fragt, in welchem Kontext diese die Süßigkeit kennen gelernt haben und was sie damit verbinden.",42,4,4,2,1,2,in_scope,1,,,,,1,False,annotation-00002867|annotation-00002868,,,,False,False,False,False,1,True,160,10,False,False,False,False,,42,734cce279690eadc,test
segment-769f04f483b4cf1d68e1,segment-769f04f483b4cf1d68e1-candidate-1,"Diese Vorbereitung erspart Zeit, erleichterte den  
Übergang von der Plenumsphase hin zur Erarbeitungsphase und verhinderte, dass  
Schülerinnen und Schüler den Fokus durch Abwenden der Lehrperson verlieren.",38,39,3,2,1,24,in_scope,1,,,,,1,False,annotation-00001207|annotation-00001208,,,,False,False,False,False,1,True,207,10,False,False,False,False,,38,8471822e1d4ebecc,train
segment-76b548dcf232f4d057b8,segment-76b548dcf232f4d057b8-candidate-1,"wäre es wichtig darauf zu achten, dass Wochen mit Feiertagen und Brückentagen Arbeitsformen aufweisen,   die entweder in kleineren Gruppen stattfinden oder eben Aufgaben, die in Einzelarbeit bearbeitet werden   können.",74,55,2,1,2,31,in_scope,1,,,,,1,False,annotation-00014393|annotation-00014394,,,,False,False,False,False,1,True,218,10,False,False,False,False,,74,45eb80c6912d4c20,dev
segment-76f128e9ce32bbc7350c,segment-76f128e9ce32bbc7350c-candidate-1,"Hierbei konnte beobachtet  
werden, dass die vorangestellte Erklärung zum Ablauf gut und strukturiert erfolgte",95,27,3,2,2,20,in_scope,1,,,,,1,False,annotation-00009609|annotation-00009610,,,,False,False,False,False,1,True,110,10,False,False,False,False,,95,2b1a36ed00f62e21,train
segment-770a45756f5c051c1ec9,segment-770a45756f5c051c1ec9-candidate-1,Inwieweit andere Faktoren hier auch eine Rolle spielen (Multikausalität) kann an dieser Stelle nicht abschließend geklärt werden,77,21,2,1,2,22,in_scope,1,,,,,1,False,annotation-00013376,,,,False,False,False,False,1,True,128,10,False,False,False,False,,77,8153a465245aa4f5,train
segment-77671646610ad570e2e7,segment-77671646610ad570e2e7-candidate-1,"Auch bei der abschließenden SuS-Präsentation der zweiten Zeichnung konnte man  
beobachten, dass einige SuS noch Schwierigkeiten mit der Erklärung des Blutkreislaufs hatten  
und das Thema noch nicht vollständig durchdrungen hatten.",39,40,3,2,1,62,in_scope,1,,,,,1,False,annotation-00001129|annotation-00001130,,,,False,False,False,False,1,True,232,10,False,False,False,False,,39,cf54d4a96848c26d,test
segment-776c8c3ad081b9dfb780,segment-776c8c3ad081b9dfb780-candidate-1,"Dass dieses in der vorliegenden Unterrichtsstunde nicht vorgenommen wurde, lag vor allem an  
der begrenzen Zeit.",91,8,3,2,2,17,in_scope,1,,,,,1,False,annotation-00010314|annotation-00010315,,,,False,False,False,False,1,True,113,10,False,False,False,False,,91,010765bfd40e73e6,train
segment-7780a35d3b5d313906ab,segment-7780a35d3b5d313906ab-candidate-1,Hier wollte sie anscheinend eine andere Formulierung oder sogar ihre eigene hören.,8,17,1,2,1,74,in_scope,1,,,,,1,False,annotation-00000704,,,,False,False,False,False,1,True,82,10,False,False,False,False,,8,423489dd4b4c0912,train
segment-77c475b7db31190e0aa9,segment-77c475b7db31190e0aa9-candidate-1,"Das Arbeiten in einer Gruppe fördert zudem die sozialen Kompetenzen und das gemeinsame Brainstormen kann schwächeren oder unsicheren Schüler*innen helfen, die Thematik besser zu begreifen.",231,28,5,1,4,45,in_scope,1,,,,,1,False,annotation-00027796|annotation-00027797,,,,False,False,False,False,1,True,188,10,False,False,False,False,,231,66113b8d0b6fb170,test
segment-77fa7e7873f59e17ad40,segment-77fa7e7873f59e17ad40-candidate-1,"Diese Form  
der Sozialform wird im Unterricht zwar sehr gerne gewählt, da sie viele Vorteile mit sich bringt,   ich bin persönlich jedoch davon überzeugt, dass die Gruppenarbeit auch viele Nachteile mit  
sich bringt.",213,8,3,2,4,64,in_scope,1,,,,,1,False,annotation-00023382|annotation-00023383,,,,False,False,False,False,1,True,218,10,False,False,False,False,,213,010765bfd40e73e6,train
segment-7883930b6e2915b2e5f5,segment-7883930b6e2915b2e5f5-candidate-1,"Der Austausch stellte sich schwierig dar, da eine Fachsprache vorhanden sein musste.",190,9,1,2,4,32,in_scope,1,,,,,1,False,annotation-00024135|annotation-00024136,,,,False,False,False,False,1,True,84,10,False,False,False,False,,190,db87b4c42c40c536,train
segment-78c9390ae9dfddb4e8bf,segment-78c9390ae9dfddb4e8bf-candidate-1,"Der Einstieg in die Unterrichtsstunde ist der Lehrperson allgemein jedoch gut  
gelungen",41,54,3,2,1,35,in_scope,1,,,,,1,False,annotation-00000888|annotation-00000889,,,,False,False,False,False,1,True,88,10,False,False,False,False,,41,ed2e1db7eb20f852,train
segment-791ab0dca708893575b0,segment-791ab0dca708893575b0-candidate-1,"Dadurch konnten die Schüler*innen nicht nur die Schritte ausführen, sondern  
auch verstehen, warum sie diese durchführten und welchen Zweck sie erfüllten.",156,16,3,2,3,23,in_scope,1,,,,,1,False,annotation-00017818|annotation-00017819,,,,False,False,False,False,1,True,155,10,False,False,False,False,,156,7c587cc9ab214913,train
segment-79ae7a540180992eff4b,segment-79ae7a540180992eff4b-candidate-1,". In diesem Zusammenhang lenkt die Lehrkraft die  
Vorschläge der SchülerInnen zwar zum Teil in die von ihr gewünschte Richtung, lässt 
aber dennoch zu, dass die Kinder ihre Ideen frei äußern können und regt sie zum  
Nachdenken an",30,3,3,2,1,11,in_scope,1,,,,,1,False,annotation-00002200|annotation-00002201,,,,False,False,False,False,1,True,231,10,False,False,False,False,,30,9efb7a7c3e8b6377,train
segment-79c8af1814382e37e980,segment-79c8af1814382e37e980-candidate-1,"Das nächste Mal könnte man darauf achten, dass 
man erst etwas erklärt und die SuS es im Anschluss machen läss",96,33,3,2,2,12,in_scope,1,,,,,1,False,annotation-00009474|annotation-00009475,,,,False,False,False,False,1,True,110,10,False,False,False,False,,96,fd1a055c1ca13050,test
segment-79da455e1b484764c347,segment-79da455e1b484764c347-candidate-1,"Positiv hingegen ist, dass die Lehrkraft am Ende des Vortrags Fragen gestellt hat, um das  
Verständnis und Wissen der SuS zu überprüfen",221,40,3,2,4,68,in_scope,1,,,,,1,False,annotation-00022516|annotation-00022517,,,,False,False,False,False,1,True,136,10,False,False,False,False,,221,cf54d4a96848c26d,test
segment-79e0f010f174827f941e,segment-79e0f010f174827f941e-candidate-1,"Eventuell hätte man auch eine Geschichte mit höherem  
Alltagbezug für eine neunte Klasse finden können und so, nach der Motivationstheorie  
von Decy und Ryan (1993), die Motivation zur Durchführung des Versuches noch  
weiter steigern können.",97,37,3,2,2,49,in_scope,1,,,,,1,False,annotation-00009428|annotation-00009429,,,,False,False,False,False,1,True,244,10,False,False,False,False,,97,03fd173f4e9e83b6,train
segment-7a1a146d5ab6c4889b25,segment-7a1a146d5ab6c4889b25-candidate-1,"Die Gliederung der Unterrichtsstunde in Übungsphasen und Praxisphasen verhalf den  
Schülerinnen und Schülern dabei, labortechnische Arbeitsschritte einzuüben und diese dann  
in der Praxisphase korrekt sowie fehlerfrei umzusetzen.",98,39,3,2,2,28,in_scope,1,,,,,1,False,annotation-00009264|annotation-00009265,,,,False,False,False,False,1,True,231,10,False,False,False,False,,98,8471822e1d4ebecc,train
segment-7a2a207b33387124bd6e,segment-7a2a207b33387124bd6e-candidate-1,"So wurde am Ende des  
Workshops ein Rückbezug zum Stundenbeginn herstellt und die SuS konnten anhand ihrer  
geleisteten Arbeit den Täter des fiktiven Mordfalls überführen.",99,40,3,2,2,85,in_scope,1,,,,,1,False,annotation-00009213|annotation-00009214,,,,False,False,False,False,1,True,173,10,False,False,False,False,,99,cf54d4a96848c26d,test
segment-7a94b9939fd1da7f1724,segment-7a94b9939fd1da7f1724-candidate-1,Die Präsentation einiger Zeichnungen ist der Lehrkraft nur teils gelungen.,20,48,2,1,1,37,in_scope,1,,,,,1,False,annotation-00005179|annotation-00005180,,,,False,False,False,False,1,True,74,10,False,False,False,False,,20,7a9ebf1c2cef1eaa,train
segment-7aba147949ae6738d520,segment-7aba147949ae6738d520-candidate-1,"Durch die Vielzahl an Lehrpersonen viel es auch nicht so stark ins Gewicht,  dass die Lehrperson, der Klasse ihren Rücken ein bis zweimal zugewendet hat.",100,43,3,2,2,34,in_scope,1,,,,,1,False,annotation-00008795|annotation-00008796,,,,False,False,False,False,1,True,153,10,False,False,False,False,,100,ef200883f78ba4bc,train
segment-7af13d487996a1bdf015,segment-7af13d487996a1bdf015-candidate-1,"Durch den Einstieg mit dem Traubenzucker, hat die Lehrkraft indirekt das Vorwissen  
der Schüler und Schülerinnen abgefragt.",36,33,3,2,1,5,in_scope,1,,,,,1,False,annotation-00001374|annotation-00001375,,,,False,False,False,False,1,True,124,10,False,False,False,False,,36,fd1a055c1ca13050,test
segment-7b2df94cdf0226a2efa4,segment-7b2df94cdf0226a2efa4-candidate-1,"Darüber hinaus hätte die Lehrkraft den einzelnen Gruppen mehr  
Zeit für die Ergebnispräsentation schenken können.",221,40,3,2,4,63,in_scope,1,,,,,1,False,annotation-00022507|annotation-00022508,,,,False,False,False,False,1,True,114,10,False,False,False,False,,221,cf54d4a96848c26d,test
segment-7b5a74b6b88222a18752,segment-7b5a74b6b88222a18752-candidate-1,"Wir sind nur darauf eingegangen welche Relevanz dies für die Pflanzen und ihren Lebensraum ist. Das könnte man noch weiter vertiefen, was wir aus Zeitgründen nicht machen konnten. Das nächste Mal würde ich mehr Zeit einplanen, um unteranderem dies zu vertiefen.",79,44,2,1,2,23,in_scope,1,,,,,1,False,annotation-00014165|annotation-00014166,,,,False,False,False,False,1,True,261,10,False,False,False,False,,79,d6edc4c7955d78b1,train
segment-7b7e190e3057c6533c12,segment-7b7e190e3057c6533c12-candidate-1,"Bei letzterem gibt es noch Ausbaubedarf, vor allem was die Strukturierung eines Vortrags betrifft.",26,41,2,2,1,52,in_scope,1,,,,,1,False,annotation-00004330|annotation-00004331,,,,False,False,False,False,1,True,98,10,False,False,False,False,,26,4b146d61ab8738ab,train
segment-7b8bb0f337389c5f1e3f,segment-7b8bb0f337389c5f1e3f-candidate-1,"So entsteht bei der Lehrperson Sicherheit in der Durchführung,   welche sich auf die Schüler*innen auswirkt.",95,27,3,2,2,28,in_scope,1,,,,,1,False,annotation-00009621|annotation-00009622,,,,False,False,False,False,1,True,108,10,False,False,False,False,,95,2b1a36ed00f62e21,train
segment-7bd974c19f44784116ca,segment-7bd974c19f44784116ca-candidate-1,"Die Schwierigkeiten äußerten sich dadurch,   dass die Arbeitsschritte nochmals in der Kleingruppe von einem Workshopmitglied auf  
Englisch erklärt werden musste",154,10,3,2,3,28,in_scope,1,,,,,1,False,annotation-00017991|annotation-00017992,,,,False,False,False,False,1,True,161,10,False,False,False,False,,154,c98254afde32e9a1,train
segment-7be93481452ce04c5441,segment-7be93481452ce04c5441-candidate-1,"Für meine eigene Professionalisierung nehme ich an dieser Stelle mit, dass die Anwendung von Fachsprache das Unterrichtsgeschehen sinnvoll unterstützen kann",187,11,1,1,4,23,in_scope,1,,,,,1,False,annotation-00021930|annotation-00021931,,,,False,False,False,False,1,True,156,10,False,False,False,False,,187,2a3a39cc29ceed74,dev
segment-7bf8ef2a287ac7065afd,segment-7bf8ef2a287ac7065afd-candidate-1,"Da uns die Schüler*innen bis dahin noch unbekannt waren,   konnten durch die Namenschilder dennoch eine gewisse Nähe aufgebaut werden,   wodurch sich die Schüler*innen auch wertgeschätzt fühlten.",94,16,3,2,2,8,in_scope,1,,,,,1,False,annotation-00009779|annotation-00009780,,,,False,False,False,False,1,True,195,10,False,False,False,False,,94,7c587cc9ab214913,train
segment-7c78d2f5ebf452889fe7,segment-7c78d2f5ebf452889fe7-candidate-1,"In  
der Einstiegsphase der Stunde gibt die Lehrperson wenig unterstützende Rückmeldung an die  
SuS",34,14,3,2,1,25,in_scope,1,,,,,1,False,annotation-00001670|annotation-00001671,,,,False,False,False,False,1,True,100,10,False,False,False,False,,34,7b4ac7e6dba86acb,dev
segment-7c7a731b8fba60ed6624,segment-7c7a731b8fba60ed6624-candidate-1,"Dies ermöglichte es den Schüler*innen, ihr erlerntes Wissen erneut  
anzuwenden und zu überprüfen",94,16,3,2,2,56,in_scope,1,,,,,1,False,annotation-00009865|annotation-00009866,,,,False,False,False,False,1,True,97,10,False,False,False,False,,94,7c587cc9ab214913,train
segment-7c801158e055342a4738,segment-7c801158e055342a4738-candidate-1,"Durch das  
Präsentieren der Versuchsdurchführung und der Ergebnisse ist ebenfalls der Aspekt  
des Sammelns und Ausstellens zu sehen.",217,27,3,2,4,47,in_scope,1,,,,,1,False,annotation-00022878|annotation-00022879,,,,False,False,False,False,1,True,134,10,False,False,False,False,,217,2b1a36ed00f62e21,train
segment-7ccb969485b9e19b6c09,segment-7ccb969485b9e19b6c09-candidate-1,Die Erkenntnisgewinnung erfolgte in dieser Unterrichtsstunde nur über   Informationskarten.,31,7,3,2,1,52,in_scope,1,,,,,1,False,annotation-00002129|annotation-00002130,,,,False,False,False,False,1,True,91,10,False,False,False,False,,31,6fd026ce8e8388c4,train
segment-7d17efa1a4b061dec387,segment-7d17efa1a4b061dec387-candidate-1,"Eine Wiederholung der  
Arbeitsschritte durch einen oder mehrere SchülerInnen zeigt sich daher als  
bedeutsam um zu erkennen, ob die Arbeitsschritte verstanden wurden.",101,54,3,2,2,46,in_scope,1,,,,,1,False,annotation-00008985|annotation-00008986,,,,False,False,False,False,1,True,168,10,False,False,False,False,,101,ed2e1db7eb20f852,train
segment-7d1c647e27fcce01b766,segment-7d1c647e27fcce01b766-candidate-1,Hierzu wurde ein visuell ansprechendes und für jeden einfach zu verstehendendes Dokument mit dem Titel „Botanik Video Awards GUIDE“ im Moodle-Kurs zur Verfügung gestellt,77,21,2,1,2,13,in_scope,1,,,,,1,False,annotation-00013365,,,,False,False,False,False,1,True,169,10,False,False,False,False,,77,8153a465245aa4f5,train
segment-7d2afafa6b8a8a05c833,segment-7d2afafa6b8a8a05c833-candidate-1,"ieser Austausch erfolgt mit einem Partner in einem geschützten Rahmen, um die Schülerinnen und Schüler zu ermutigen, sich aktiv zu beteiligen",35,16,3,2,1,11,in_scope,1,,,,,1,False,annotation-00001606|annotation-00001607,,,,False,False,False,False,1,True,141,10,False,False,False,False,,35,7c587cc9ab214913,train
segment-7d4cb1f4202b705ce778,segment-7d4cb1f4202b705ce778-candidate-1,"Im Workshop selbst konnte diesbezüglich wenig Hilfestellung gegeben werden, da der Blickwinkel bei der Vorbereitung nicht auf die Bestimmung des Tieres gelegt wurde, sondern auf die Bestimmung des Unterstammes",169,6,5,1,3,15,in_scope,1,,,,,1,False,annotation-00020582|annotation-00020583,,,,False,False,False,False,1,True,209,10,False,False,False,False,,169,97ee8f2854716d8e,train
segment-7d5a97984062423ff222,segment-7d5a97984062423ff222-candidate-1,"Es würde sich  
anbieten in der nächsten Stunde den theoretischen Inhalt der Experimente zu behandeln,   sodass die Schüler:innen die Ergebnisse richtig deuten können.",214,10,3,2,4,72,in_scope,1,,,,,1,False,annotation-00023273|annotation-00023274,,,,False,False,False,False,1,True,167,10,False,False,False,False,,214,c98254afde32e9a1,train
segment-7d646b804e7c00ba09bf,segment-7d646b804e7c00ba09bf-candidate-1,"Daraus folgt, dass uns erst nach der Erstellung beziehungsweise Freigabe des Workshops Fehler auffielen oder uns mitgeteilt wurden.",61,2,1,1,2,27,in_scope,1,,,,,1,False,annotation-00007912,,,,False,False,False,False,1,True,131,10,False,False,False,False,,61,3faf840a033c018d,train
segment-7d985a95a5cfae044b1f,segment-7d985a95a5cfae044b1f-candidate-1,"Da die Schülerinnen und Schüler als Nachwuchs-ForscherInnen  
mithilfe von DNA-Proben und der Durchführung einer Gel-Elektrophorese den Täter eines  
Mordfalls identifizieren sollten, war das Stundenziel auf das selbstständige Anwenden von  
molekularbiologischen Arbeitsweisen und Methoden (wie z.B. das Herstellen und Gießen von  
Agarose-Gelen) ausgerichtet.",89,3,3,2,2,6,in_scope,1,,,,,1,False,annotation-00010675|annotation-00010676,,,,False,False,False,False,1,True,361,10,False,False,False,False,,89,9efb7a7c3e8b6377,train
segment-7d9a49286768baff7ca2,segment-7d9a49286768baff7ca2-candidate-1,"Alternativ  
hätten jedoch verschiedene Arbeitsblätter mit unterschiedlichen Niveaustufen erstellt werden  
können und von den SchülerInnen selbstständig ausgewählt werden können.",91,8,3,2,2,81,in_scope,1,,,,,1,False,annotation-00010422|annotation-00010423,,,,False,False,False,False,1,True,179,10,False,False,False,False,,91,010765bfd40e73e6,train
segment-7dcdc9990a6b39880305,segment-7dcdc9990a6b39880305-candidate-1,"Erst gegen Ende haben wir uns darauf konzentriert, Dinge zu  
beobachten und zu vergleichen, insbesondere beim Durchführen der  
Gelelektrophorese.",94,16,3,2,2,70,in_scope,1,,,,,1,False,annotation-00009890|annotation-00009891,,,,False,False,False,False,1,True,147,10,False,False,False,False,,94,7c587cc9ab214913,train
segment-7dceee5251f4833edb2a,segment-7dceee5251f4833edb2a-candidate-1,dealerweise wären danach alle SuS auf einem ähnlichen Wissensstand.,42,4,4,2,1,67,in_scope,1,,,,,1,False,annotation-00002975|annotation-00002976,,,,False,False,False,False,1,True,67,10,False,False,False,False,,42,734cce279690eadc,test
segment-7de1d8fac69d9264e0fa,segment-7de1d8fac69d9264e0fa-candidate-1,"Auf diese Weise wird eine offene bis hin zur halboffenen Aufgabenstellung angeboten, bei der die Studierenden ihren Ausgangspunkt selbst wählen können.",124,30,1,1,3,16,in_scope,1,,,,,1,False,annotation-00017107,,,,False,False,False,False,1,True,151,10,False,False,False,False,,124,94dd5be7b479f16e,train
segment-7dfb76b778fdad83868c,segment-7dfb76b778fdad83868c-candidate-1,"Ich hatte den Eindruck, dass die Lehrerin die Schüler*innen gut kennt.",238,42,5,2,4,27,in_scope,1,,,,,1,False,annotation-00028707|annotation-00028708,,,,False,False,False,False,1,True,70,10,False,False,False,False,,238,c467da3c028da7ca,train
segment-7e075f81de1060cacff6,segment-7e075f81de1060cacff6-candidate-1,"Demnach hatten die Lernenden eine durchgehende Möglichkeit, bei Problemen unmittelbar 
Unterstützung zu erhalten",184,2,1,1,4,32,in_scope,1,,,,,1,False,annotation-00021457,,,,False,False,False,False,1,True,112,10,False,False,False,False,,184,3faf840a033c018d,train
segment-7e2171c48f148dbf708f,segment-7e2171c48f148dbf708f-candidate-1,"Eventuell  
hätten die SchülerInnen dann in der Arbeitsphase nicht genau gewusst was sie zu  
tun hätten.",101,54,3,2,2,36,in_scope,1,,,,,1,False,annotation-00008964|annotation-00008965,,,,False,False,False,False,1,True,105,10,False,False,False,False,,101,ed2e1db7eb20f852,train
segment-7e2640a5001ea91164b5,segment-7e2640a5001ea91164b5-candidate-1,Allerdings wurde das Hauptaugenmerk auf das Vergleichen gelegt,58,47,5,2,1,50,in_scope,1,,,,,1,False,annotation-00006928,,,,False,False,False,False,1,True,62,10,False,False,False,False,,58,5e026b3c944c5d13,train
segment-7e2e80a7803eb4066120,segment-7e2e80a7803eb4066120-candidate-1,"Die Differenzierung der Aufgabenstellung (= vertikale Differenzierung) ermöglicht es den Studierenden den eigenen Lernvoraussetzungen zufolge, die Aufgabe im Hinblick auf unterschiedliche Anforderungen an das Vorwissen, sowie der damit verändernden Komplexität der Aufgabe, zu bearbeiten",124,30,1,1,3,15,in_scope,1,,,,,1,False,annotation-00017103|annotation-00017104,,,,False,False,False,False,1,True,287,10,False,False,False,False,,124,94dd5be7b479f16e,train
segment-7e63fe2d5d481929dd7f,segment-7e63fe2d5d481929dd7f-candidate-1,"Somit gibt die Lehrkraft den Schülerinnen und  
Schülern keine Antworten vor, sondern unterstützt sie lediglich in ihrem  
Erkenntnisgewinnungsprozess.",211,3,3,2,4,48,in_scope,1,,,,,1,False,annotation-00023669|annotation-00023670,,,,False,False,False,False,1,True,151,10,False,False,False,False,,211,9efb7a7c3e8b6377,train
segment-7e761f42dd8c46f3c178,segment-7e761f42dd8c46f3c178-candidate-1,So wird das kausale Denken gefördert ohne zu überfordern.,208,41,2,2,4,34,in_scope,1,,,,,1,False,annotation-00025013|annotation-00025014,,,,False,False,False,False,1,True,57,10,False,False,False,False,,208,4b146d61ab8738ab,train
segment-7e818656b6e9af7ca9cc,segment-7e818656b6e9af7ca9cc-candidate-1,"Anzumerken ist, dass die drei Gruppen D, N und A wie vorgegeben halbiert wurden, wodurch die zweite 
Sitzung insgesamt zwei Mal durchgeführt wurde",69,17,1,2,2,10,in_scope,1,,,,,1,False,annotation-00011450|annotation-00011451,,,,False,False,False,False,1,True,146,10,False,False,False,False,,69,423489dd4b4c0912,train
segment-7e9d05f353c45935f52e,segment-7e9d05f353c45935f52e-candidate-1,Die Fähigkeit die Lernenden zu motivieren.,240,47,5,2,4,9,in_scope,1,,,,,1,False,annotation-00027956|annotation-00027957,,,,False,False,False,False,1,True,42,10,False,False,False,False,,240,5e026b3c944c5d13,train
segment-7ecaeaabd9b3e087811c,segment-7ecaeaabd9b3e087811c-candidate-1,"Die Lehrkraft erklärt das  
Vorgehen ausführlich.",41,54,3,2,1,63,in_scope,1,,,,,1,False,annotation-00000939|annotation-00000940,,,,False,False,False,False,1,True,49,10,False,False,False,False,,41,ed2e1db7eb20f852,train
segment-7ee68afd3e0f42f8a1ee,segment-7ee68afd3e0f42f8a1ee-candidate-1,"Während der gezeigten Unterrichtsausschnitte herrschte ein respektvoller Umgang  
miteinander",219,37,3,2,4,19,in_scope,1,,,,,1,False,annotation-00022688|annotation-00022689,,,,False,False,False,False,1,True,93,10,False,False,False,False,,219,03fd173f4e9e83b6,train
segment-7efebb1b30f9762631b1,segment-7efebb1b30f9762631b1-candidate-1,"An dieser Stelle hätte ich es gut gefunden, wenn auch die anderen Gruppen  
mit einbezogen worden wären.",219,37,3,2,4,32,in_scope,1,,,,,1,False,annotation-00022710|annotation-00022711,,,,False,False,False,False,1,True,104,10,False,False,False,False,,219,03fd173f4e9e83b6,train
segment-7f124d7a0d504851e929,segment-7f124d7a0d504851e929-candidate-1,Dieser Einsatz führte zu einer kognitiven Aktivierung auf Seiten der SchülerInnen zum Stoffwechsel innerhalb der Zellen und zur Zellatmung; beobachtet werden konnte dies durch zahlreiche Äußerungen der SchülerInnen,32,8,3,2,1,4,in_scope,1,,,,,1,False,annotation-00001944|annotation-00001945,,,,False,False,False,False,1,True,214,10,False,False,False,False,,32,010765bfd40e73e6,train
segment-7f4697d7be048b39eeca,segment-7f4697d7be048b39eeca-candidate-1,"Das Bild, wo O2-reiches und O2-armes Blut im Körper nicht rot oder blau ist wird hier 
nicht infrage gestellt",40,43,3,2,1,33,in_scope,1,,,,,1,False,annotation-00000806|annotation-00000807,,,,False,False,False,False,1,True,109,10,False,False,False,False,,40,ef200883f78ba4bc,train
segment-7f6dba52c53b8f6cd18f,segment-7f6dba52c53b8f6cd18f-candidate-1,"Die Abgaben waren häufig unvollständig, da die Aufgaben nicht richtig gelesen wurden und somit zum Bei-spiel das falsche Bestimmungstool genutzt wurde.",74,55,2,1,2,38,in_scope,1,,,,,1,False,annotation-00014406|annotation-00014407,,,,False,False,False,False,1,True,151,10,False,False,False,False,,74,45eb80c6912d4c20,dev
segment-7fdf459a6a625e0a9ced,segment-7fdf459a6a625e0a9ced-candidate-1,"Beobachtungen zur Lehrperson: Die Lehrperson tritt selbstsicher auf und geht auf die 
Aussagen der Schüler*innen ein",40,43,3,2,1,10,in_scope,1,,,,,1,False,annotation-00000748|annotation-00000749,,,,False,False,False,False,1,True,116,10,False,False,False,False,,40,ef200883f78ba4bc,train
segment-7ffbe9fea4e4e576a6a3,segment-7ffbe9fea4e4e576a6a3-candidate-1,"So hätten einige Verständnisfragen vermieden werden können und für viele SuS wäre 
das Vorgehen um einiges klarer gewesen.",155,14,3,2,3,37,in_scope,1,,,,,1,False,annotation-00017920|annotation-00017921,,,,False,False,False,False,1,True,122,10,False,False,False,False,,155,7b4ac7e6dba86acb,dev
segment-803197e1ee84ba7e73bd,segment-803197e1ee84ba7e73bd-candidate-1,"Ich hätte es für  
Sinnvoller gehalten die Arbeitsschritte bereits am Anfang mit einer Erklärung ihrer  
Notwendigkeit vorzustellen.",159,37,3,2,3,23,in_scope,1,,,,,1,False,annotation-00017710|annotation-00017711,,,,False,False,False,False,1,True,132,10,False,False,False,False,,159,03fd173f4e9e83b6,train
segment-8065348defe42ab352e3,segment-8065348defe42ab352e3-candidate-1,"In einer zweiten Erarbeitungsphase sollen die SchülerInnen mindestens zwei der vier  
ausgelegten Informationstexte auswählen und lesen.",41,54,3,2,1,62,in_scope,1,,,,,1,False,annotation-00000936|annotation-00000937,,,,False,False,False,False,1,True,136,10,False,False,False,False,,41,ed2e1db7eb20f852,train
segment-80b85614031f390e3e62,segment-80b85614031f390e3e62-candidate-1,"So hatten Schüler*innen die über wenig Vorwissen  
verfügten, die Möglichkeit dieses im geschützten Rahmen der Gruppe einzubringen,   ohne dass sie dieses vor der gesamten Klasse hervorbringen mussten.",95,27,3,2,2,56,in_scope,1,,,,,1,False,annotation-00009669|annotation-00009670,,,,False,False,False,False,1,True,201,10,False,False,False,False,,95,2b1a36ed00f62e21,train
segment-80d60b78c9c305264840,segment-80d60b78c9c305264840-candidate-1,"Ob die Problemlösefähigkeit gefördert wird, ist schwierig zu beurteilen, da kein   Problem zu Beginn der Stunde definiert wurde, welches mithilfe des Experimentes   gelöst werden sollte",212,7,3,2,4,46,in_scope,1,,,,,1,False,annotation-00023478|annotation-00023479,,,,False,False,False,False,1,True,185,10,False,False,False,False,,212,6fd026ce8e8388c4,train
segment-80d7b3ba0858d43c5f2b,segment-80d7b3ba0858d43c5f2b-candidate-1,"Schlussendlich haben uns die SuS reflektiert, dass es ihnen sehr gut gefallen hat,  die Arbeitstechniken auch mal selbst durchzuführen",96,33,3,2,2,55,in_scope,1,,,,,1,False,annotation-00009571|annotation-00009572,,,,False,False,False,False,1,True,134,10,False,False,False,False,,96,fd1a055c1ca13050,test
segment-80e997635d7abe06f2d5,segment-80e997635d7abe06f2d5-candidate-1,"Im Hinblick darauf, dass die SchülerInnen im Anschluss ein eigenes Experiment  
durchführen sollen, ist es an dieser Stelle entscheidend zu klären, welche Vorstellungen zur  
Photosynthese vorliegen",213,8,3,2,4,19,in_scope,1,,,,,1,False,annotation-00023308|annotation-00023309,,,,False,False,False,False,1,True,198,10,False,False,False,False,,213,010765bfd40e73e6,train
segment-81272656e777756c52a6,segment-81272656e777756c52a6-candidate-1,"Im Umgang   mit der Bestimmungsliteratur und der Gruppenarbeit sollte auch, mit Blick auf den gegenseitigen Austausch,   der Einsatz der Fachsprache und Fachbegriffe geübt werden.",74,55,2,1,2,155,in_scope,1,,,,,1,False,annotation-00014660|annotation-00014661,,,,False,False,False,False,1,True,179,10,False,False,False,False,,74,45eb80c6912d4c20,dev
segment-814dd8ee86acc2ae262d,segment-814dd8ee86acc2ae262d-candidate-1,"m Bereich der  
Erkenntnisgewinnung konnten die Schüler*innen hier eigenständig Arbeitstechniken  
anwenden und laborpraktische Erfahrungen sammeln.",155,14,3,2,3,3,in_scope,1,,,,,1,False,annotation-00017948|annotation-00017949,,,,False,False,False,False,1,True,148,10,False,False,False,False,,155,7b4ac7e6dba86acb,dev
segment-81697877f9186f2d2c68,segment-81697877f9186f2d2c68-candidate-1,"Die durchführende Person kam ein wenig  
durcheinander bei der Erklärung, die Geltaschen gemeinsam zu beladen und  
außerdem war für sie nicht ersichtlich, ob alle Gruppentische im selben Arbeitsschritt  
waren.",93,14,3,2,2,75,in_scope,1,,,,,1,False,annotation-00010028|annotation-00010029,,,,False,False,False,False,1,True,211,10,False,False,False,False,,93,7b4ac7e6dba86acb,dev
segment-8181b1a8fcc82df9e34d,segment-8181b1a8fcc82df9e34d-candidate-1,"Auch die kognitive Aktivierung der SuS ist der Lehrkraft über weite Teile des  
Unterrichts gut gelungen.",39,40,3,2,1,75,in_scope,1,,,,,1,False,annotation-00001150|annotation-00001151,,,,False,False,False,False,1,True,105,10,False,False,False,False,,39,cf54d4a96848c26d,test
segment-81c8a4cc2772b7eac0c4,segment-81c8a4cc2772b7eac0c4-candidate-1,Die folgende Übung wurde sehr ausführlich durchgeführt,100,43,3,2,2,28,in_scope,1,,,,,1,False,annotation-00008783|annotation-00008784,,,,False,False,False,False,1,True,54,10,False,False,False,False,,100,ef200883f78ba4bc,train
segment-81e435bb2e703a3dc41e,segment-81e435bb2e703a3dc41e-candidate-1,"Während der Unterrichtsstunde wurden auch Fachbegriffe wie ""Gasaustausch""  
verwendet, bei denen unklar war, ob die Schülerinnen und Schüler sich darunter  
etwas vorstellen konnten.",37,37,3,2,1,33,in_scope,1,,,,,1,False,annotation-00001364|annotation-00001365,,,,False,False,False,False,1,True,182,10,False,False,False,False,,37,03fd173f4e9e83b6,train
segment-8232e658ac72b8fb6e05,segment-8232e658ac72b8fb6e05-candidate-1,So findet schon zu Beginn eine kurze Wiederholung in Form eines Quiz statt.,121,51,5,2,2,48,in_scope,1,,,,,1,False,annotation-00016087|annotation-00016088,,,,False,False,False,False,1,True,75,10,False,False,False,False,,121,0e3a4017f81e8c8c,train
segment-827d228c5d171920d5cf,segment-827d228c5d171920d5cf-candidate-1,Dies ist ebenfalls als positiv zu bewerten.,58,47,5,2,1,9,in_scope,1,,,,,1,False,annotation-00006818|annotation-00006819,,,,False,False,False,False,1,True,43,10,False,False,False,False,,58,5e026b3c944c5d13,train
segment-82a068f4488e3aebd0bf,segment-82a068f4488e3aebd0bf-candidate-1,"Solch Lerngelegenheiten, die weder über- oder unterfordern steigern wiederum zugleich die intrinsische Motivation (Gebhard, 2018).",207,20,2,2,4,45,in_scope,1,,,,,1,False,annotation-00024941|annotation-00024942,,,,False,False,False,False,1,True,130,10,False,False,False,False,,207,5257a952b667ebc3,train
segment-82c94821ac6935e4c708,segment-82c94821ac6935e4c708-candidate-1,"Gleichzeitig waren diese aber wohl auch nicht zu anspruchsvoll, da die Lernenden nach etwas Unterstützung der Lehrerin die Aufgaben bewältigen konnten.",207,20,2,2,4,43,in_scope,1,,,,,1,False,annotation-00024938|annotation-00024939,,,,False,False,False,False,1,True,151,10,False,False,False,False,,207,5257a952b667ebc3,train
segment-82cb6820fbcddd657670,segment-82cb6820fbcddd657670-candidate-1,Anstatt das Szenario in Textform zu vermitteln haben wir einen eigenen Kurzfilm erstellt,86,41,2,2,2,40,in_scope,1,,,,,1,False,annotation-00013150,,,,False,False,False,False,1,True,88,10,False,False,False,False,,86,4b146d61ab8738ab,train
segment-82d2811f50f102207b0e,segment-82d2811f50f102207b0e-candidate-1,Bezüglich des Fachwissens findet zudem eine Reduktion auf qualitativer Ebene.,121,51,5,2,2,55,in_scope,1,,,,,1,False,annotation-00016105|annotation-00016106,,,,False,False,False,False,1,True,77,10,False,False,False,False,,121,0e3a4017f81e8c8c,train
segment-82e3916700a97cb3e190,segment-82e3916700a97cb3e190-candidate-1,"Ich habe den Workshop zum ersten Mal durchgeführt und dies mit einer Klasse, die ich nicht  
kannte",154,10,3,2,3,5,in_scope,1,,,,,1,False,annotation-00017952|annotation-00017953,,,,False,False,False,False,1,True,99,10,False,False,False,False,,154,c98254afde32e9a1,train
segment-833fed27786d00b28773,segment-833fed27786d00b28773-candidate-1,Außerdem kann das Verständnis für weitere Themen mit Alltagsbezug gestärkt werden.,120,47,5,2,2,61,in_scope,1,,,,,1,False,annotation-00015945|annotation-00015946,,,,False,False,False,False,1,True,82,10,False,False,False,False,,120,5e026b3c944c5d13,train
segment-83454ff5b74d7da37934,segment-83454ff5b74d7da37934-candidate-1,"Allerdings stellt dieses Unterfangen eine zeitliche und organisatorische Herausforderung dar, da nur gewisse Zeitfenster für das Seminar beziehungsweise dem Workshop zur Verfügung stehen",61,2,1,1,2,81,in_scope,1,,,,,1,False,annotation-00008012|annotation-00008013,,,,False,False,False,False,1,True,186,10,False,False,False,False,,61,3faf840a033c018d,train
segment-839000d465e1b013755f,segment-839000d465e1b013755f-candidate-1,"Dabei steigt sie in dem 
Gespräch in die Blutthematik ein",7,9,1,2,1,17,in_scope,1,,,,,1,False,annotation-00000482|annotation-00000483,,,,False,False,False,False,1,True,57,10,False,False,False,False,,7,db87b4c42c40c536,train
segment-83952e9109b06b651e98,segment-83952e9109b06b651e98-candidate-1,"Da es kurz zuvor einen Stromausfall im Workshopraum gegeben hat, ist es möglich,   dass die Lehrperson durch diese Situation gestresst war und das Selbstkonzept durch  
diesen Faktor gestört war, war zu einer Verzerrung des eigentlichen Könnens geführt  
haben könnte.",95,27,3,2,2,32,in_scope,1,,,,,1,False,annotation-00009627|annotation-00009628,,,,False,False,False,False,1,True,268,10,False,False,False,False,,95,2b1a36ed00f62e21,train
segment-83cb9cb09df4d1df4fe2,segment-83cb9cb09df4d1df4fe2-candidate-1,"Wurde ein Modell durch eine Gruppe vorgestellt, sollten die anderen Gruppen die Rolle des Käufers einnehmen, wodurch eine Diskussion stattfinden sollte.",129,17,1,2,3,12,in_scope,1,,,,,1,False,annotation-00018425|annotation-00018426,,,,False,False,False,False,1,True,152,10,False,False,False,False,,129,423489dd4b4c0912,train
segment-83d53bc8e14792e10211,segment-83d53bc8e14792e10211-candidate-1,"Jedoch  
kann ich als angehende Lehrperson aussagen, dass hierbei nicht alle SchülerInnen Ariana Marinica Reflexive Unterrichtspraxis SoSe 23 10.07.2023 
gleichermaßen in diesen Prozess miteinbezogen werden.",213,8,3,2,4,49,in_scope,1,,,,,1,False,annotation-00023358|annotation-00023359,,,,False,False,False,False,1,True,207,10,False,False,False,False,,213,010765bfd40e73e6,train
segment-84411b370874fd1fc650,segment-84411b370874fd1fc650-candidate-1,"Dabei war die Instruktion verbal ohne, dass die 
Versuchsgegenstände gezeigt wurden",177,23,5,2,3,7,in_scope,1,,,,,1,False,annotation-00021043,,,,False,False,False,False,1,True,83,10,False,False,False,False,,177,3999525a81ce4095,dev
segment-84779bdfd99b6c06a8d4,segment-84779bdfd99b6c06a8d4-candidate-1,"Für leistungsschwache Schüler*innen und Schüler*innen mit sprachlicher  
Barriere ist es hilfreich, wenn diese Unterstützungsmaterial erhalten",95,27,3,2,2,76,in_scope,1,,,,,1,False,annotation-00009701|annotation-00009702,,,,False,False,False,False,1,True,142,10,False,False,False,False,,95,2b1a36ed00f62e21,train
segment-84836e498985d15ce2f7,segment-84836e498985d15ce2f7-candidate-1,"Zu dieser Aufgabenstellung gab es auch durchweg positives Feedback, da die Lernenden sowohl Spaß an der praktischen Tätigkeit hatten als auch einen Erkenntniszuwachs erlangen konnten.",134,12,2,1,3,16,in_scope,1,,,,,1,False,annotation-00019507|annotation-00019508,,,,False,False,False,False,1,True,183,10,False,False,False,False,,134,9710e4383684e1c6,train
segment-84c6296c421287bbe653,segment-84c6296c421287bbe653-candidate-1,"Es kann keine Aussage dazu getroffen  
werden, inwieweit die didaktische Rekonstruktion an dieser Stelle erfolgreich war oder nicht.",91,8,3,2,2,67,in_scope,1,,,,,1,False,annotation-00010398|annotation-00010399,,,,False,False,False,False,1,True,132,10,False,False,False,False,,91,010765bfd40e73e6,train
segment-84d653d4f4f924d1bbb7,segment-84d653d4f4f924d1bbb7-candidate-1,"Bei einigen Schüler:innen gelang der Versuch und die Bandenmuster konnten tatsächlich ausgewertet werden, indem diese verglichen wurden",86,41,2,2,2,16,in_scope,1,,,,,1,False,annotation-00013111,,,,False,False,False,False,1,True,135,10,False,False,False,False,,86,4b146d61ab8738ab,train
segment-84dd461d1c6f5a546625,segment-84dd461d1c6f5a546625-candidate-1,"Auf der  
einen Seite hatte ich am Anfang das Gefühl, dass sie Fakten lediglich darlegt, somit natürlich  
die Zeit effektiv nutzt aber nicht auf die Aufmerksamkeit der Klasse achtet und ihr das durch  
fehlende Ermahnungen oder Pausen egal zu sein schien.",220,39,3,2,4,16,in_scope,1,,,,,1,False,annotation-00022570|annotation-00022571,,,,False,False,False,False,1,True,256,10,False,False,False,False,,220,8471822e1d4ebecc,train
segment-84e23fffd6d1ed6017b1,segment-84e23fffd6d1ed6017b1-candidate-1,"Im Bereich der Erkenntnisgewinnung konnten die Schüler*innen hier  
eigenständig Arbeitstechniken anwenden und laborpraktische Erfahrungen sammeln.",93,14,3,2,2,78,in_scope,1,,,,,1,False,annotation-00010031|annotation-00010032,,,,False,False,False,False,1,True,147,10,False,False,False,False,,93,7b4ac7e6dba86acb,dev
segment-84ff966c2db6501e064c,segment-84ff966c2db6501e064c-candidate-1,"Aufgrund der nicht präzisen Aufgabenstellung formulieren die SuS Fragestellungen, welche nicht nur das Blutkreislaufsystem im Allgemeinen aufgreifen, sondern explizit mit Dextro Energy bzw. Glukose zu tun haben.",53,56,5,1,1,8,in_scope,1,,,,,1,False,annotation-00006203|annotation-00006204,,,,False,False,False,False,1,True,211,10,False,False,False,False,,53,39eda616cf7b1aaa,dev
segment-850054794f546bf45adc,segment-850054794f546bf45adc-candidate-1,Es kommt zu keiner Ermahnung oder sonstiger tadelnder Reaktion auf Seiten der Lehrerin,209,46,2,2,4,32,in_scope,1,,,,,1,False,annotation-00024470|annotation-00024471,,,,False,False,False,False,1,True,86,10,False,False,False,False,,209,8490512266eabf51,dev
segment-852a61fbfcb62c538c97,segment-852a61fbfcb62c538c97-candidate-1,"Somit sind die  
Voraussetzungen, unter welchen die Schülerinnen und Schüler ihre eigenen Experimente  
durchführen, unter Umständen sehr unterschiedlich.",211,3,3,2,4,30,in_scope,1,,,,,1,False,annotation-00023639|annotation-00023640,,,,False,False,False,False,1,True,154,10,False,False,False,False,,211,9efb7a7c3e8b6377,train
segment-853240c29a3ae0e7c246,segment-853240c29a3ae0e7c246-candidate-1,"Die Simulation einer realistischen Situation hatte das Ziel, eine positive  
emotionale Verbindung der Schülerinnen zu den Inhalten herzustellen und ihr Interesse zu  
wecken.",92,10,3,2,2,17,in_scope,1,,,,,1,False,annotation-00010119|annotation-00010120,,,,False,False,False,False,1,True,175,10,False,False,False,False,,92,c98254afde32e9a1,train
segment-853f819a79ed5e75d0fe,segment-853f819a79ed5e75d0fe-candidate-1,Vornehmlich lässt sich Differenzierung als innere Differenzierungsmaßnahmen wiederfinden.,183,57,5,2,3,5,in_scope,1,,,,,1,False,annotation-00020988|annotation-00020989,,,,False,False,False,False,1,True,89,10,False,False,False,False,,183,d1fbfe5e3fb609be,train
segment-855455fd29fbae408338,segment-855455fd29fbae408338-candidate-1,"Neben dem Aspekt der Anschaulichkeit ist  
diese Form der Ergebnissicherung zudem zielführend, da sie wenig Zeit in Anspruch nimmt  
und die übrige Zeit somit effektiv für Rückfragen oder Ergänzungen genutzt werden konnte.",211,3,3,2,4,62,in_scope,1,,,,,1,False,annotation-00023693|annotation-00023694,,,,False,False,False,False,1,True,222,10,False,False,False,False,,211,9efb7a7c3e8b6377,train
segment-855565268a62755b5e58,segment-855565268a62755b5e58-candidate-1,"Die Lehrperson ließ die Schüler beim Präsentieren ihrer neu gewonnen Erkenntnisse  
begründen und versuchte sie durch Nachfragen nachzuvollziehen, ob der Sachverhalt  
auch tatsächlich verstanden wurde.",37,37,3,2,1,25,in_scope,1,,,,,1,False,annotation-00001352|annotation-00001353,,,,False,False,False,False,1,True,202,10,False,False,False,False,,37,03fd173f4e9e83b6,train
segment-85644a2abeeaed317c07,segment-85644a2abeeaed317c07-candidate-1,"Eventuell hätten die Erklärungen der Lehrkräfte an manchen Stellen noch  
durch einen Austausch von Informationen zwischen den SchülerInnen untereinander  
beziehungsweise zwischen den SchülerInnen und den Lehrkräften ergänzt werden können,   um die Kommunikationskompetenz der SchülerInnen besser zu fördern.",89,3,3,2,2,33,in_scope,1,,,,,1,False,annotation-00010723|annotation-00010724,,,,False,False,False,False,1,True,309,10,False,False,False,False,,89,9efb7a7c3e8b6377,train
segment-85937ebdcd09b86e73ac,segment-85937ebdcd09b86e73ac-candidate-1,"Möglicherweise wäre hier ein akustisches Signal sinnvoll gewesen, um die  
Aufmerksamkeit der SchülerInnen zu erlangen.",101,54,3,2,2,51,in_scope,1,,,,,1,False,annotation-00008997|annotation-00008998,,,,False,False,False,False,1,True,119,10,False,False,False,False,,101,ed2e1db7eb20f852,train
segment-85973d604ed63e4241eb,segment-85973d604ed63e4241eb-candidate-1,"So  
kann das Experiment für eine Gruppe leichter gestaltet werden oder eine Gruppe erhält eine  
zusätzliche Unterstützung durch die Lehrperson.",213,8,3,2,4,40,in_scope,1,,,,,1,False,annotation-00023344|annotation-00023345,,,,False,False,False,False,1,True,145,10,False,False,False,False,,213,010765bfd40e73e6,train
segment-8597c3ecdea65d0a187c,segment-8597c3ecdea65d0a187c-candidate-1,Die SuS konnten auf das Fachwissen aus den vorgegangen Stunden zurückgreifen um Problemfrage zu stellen,1,2,1,1,1,7,in_scope,1,,,,,1,False,annotation-00002440,,,,False,False,False,False,1,True,103,10,False,False,False,False,,1,3faf840a033c018d,train
segment-85a3f4601017229f7135,segment-85a3f4601017229f7135-candidate-1,Die Lehrkraft hatte in dieser Phase des Workshops keine aktive Rolle und diente daher ausschließlich als Ansprechpartnerin für Fragen.,171,24,5,1,3,1,in_scope,1,,,,,1,False,annotation-00020471|annotation-00020472|annotation-00020696|annotation-00020697,,,,False,False,False,False,1,True,134,10,False,False,False,False,,171,e303475eaa710a89,train
segment-85ad92a0f9459af77652,segment-85ad92a0f9459af77652-candidate-1,"Eine Differenzierung wäre dabei ebenfalls möglich,   beispielsweise indem G- Niveau Schüler Hilfestellungen zur Ideenanregung  
bekommen.",223,54,3,2,4,30,in_scope,1,,,,,1,False,annotation-00022059|annotation-00022060,,,,False,False,False,False,1,True,137,10,False,False,False,False,,223,ed2e1db7eb20f852,train
segment-85b1526284c336518dc8,segment-85b1526284c336518dc8-candidate-1,So können leitungsstarke SchülerInnen den leistungsschwachen SchülerInnen helfen und sich austauschen.,32,8,3,2,1,23,in_scope,1,,,,,1,False,annotation-00001984|annotation-00001985,,,,False,False,False,False,1,True,102,10,False,False,False,False,,32,010765bfd40e73e6,train
segment-85e0960b9badc85cfef1,segment-85e0960b9badc85cfef1-candidate-1,Dazu wird die Aufgabenstellung in Bezug zum Thema der Stunde ausgerichtet. Thema der Stunde war unter anderem die Photosynthese.,206,5,2,2,4,4,in_scope,1,,,,,1,False,annotation-00024664,,,,False,False,False,False,1,True,128,10,False,False,False,False,,206,cd38e7c2d4a56e90,train
segment-85e22d16ef979617c8f3,segment-85e22d16ef979617c8f3-candidate-1,"Anschließend fragt die Lehrerin, welche weiteren Zellen Energie benötigen und beendet das Gespräch mit dem Fazit, dass alle Zellen des Körpers Energie für die Zellatmung benötigen, und bezieht sich hierbei nochmals auf das Vorwissen der Zellatmung (vertikale Vernetzung).",14,15,2,1,1,8,in_scope,1,,,,,1,False,annotation-00004603|annotation-00004604,,,,False,False,False,False,1,True,271,10,False,False,False,False,,14,01e178cb42e13d88,train
segment-866006e7d811f039ddce,segment-866006e7d811f039ddce-candidate-1,"Das heißt man hätte zusätzlich zu der mündlichen  
Erklärung noch jedem ein Blatt austeilen können, auf welchem die Instruktion  
nochmals Schritt für Schritt festgehalten sind.",93,14,3,2,2,38,in_scope,1,,,,,1,False,annotation-00009959|annotation-00009960,,,,False,False,False,False,1,True,177,10,False,False,False,False,,93,7b4ac7e6dba86acb,dev
segment-8766208637aa8c581bf2,segment-8766208637aa8c581bf2-candidate-1,"In der ersten  
Erarbeitungsphase müssen die Schüler:innen individuell eine Zeichnung zum Herz-Kreislaufsystem anfertigen und erhalten hierbei auch keine unterstützende Rückmeldung von  
der Lehrkraft, die hier jedoch auch noch nicht nötig ist",33,10,3,2,1,20,in_scope,1,,,,,1,False,annotation-00001842|annotation-00001843,,,,False,False,False,False,1,True,243,10,False,False,False,False,,33,c98254afde32e9a1,train
segment-8788a71ca51d737d6429,segment-8788a71ca51d737d6429-candidate-1,"Auch wenn das HKS noch nicht von allen SuS korrekt erklärt werden konnte, konnte man  
grundsätzlich eine Weiterentwicklung der Schülervorstellungen hin zur wissenschaftlichen 
Perspektive beobachten.",39,40,3,2,1,78,in_scope,1,,,,,1,False,annotation-00001156|annotation-00001157,,,,False,False,False,False,1,True,200,10,False,False,False,False,,39,cf54d4a96848c26d,test
segment-880513caa48b4d393518,segment-880513caa48b4d393518-candidate-1,"Auch gingen die Studierenden in dieser Phase sehr kleinschrittig vor, um die Schüler*innen 
nicht mit Informationen zu überladen.",100,43,3,2,2,48,in_scope,1,,,,,1,False,annotation-00008822|annotation-00008823,,,,False,False,False,False,1,True,129,10,False,False,False,False,,100,ef200883f78ba4bc,train
segment-8824bc98fea2ed6e4dff,segment-8824bc98fea2ed6e4dff-candidate-1,"Dies hat sich sehr positiv im   Workshop bemerkbar gemacht, da sich die SchülerInnen viel mit Wortmeldungen   eingebracht haben.",90,7,3,2,2,85,in_scope,1,,,,,1,False,annotation-00010595|annotation-00010596,,,,False,False,False,False,1,True,128,10,False,False,False,False,,90,6fd026ce8e8388c4,train
segment-88300143a7c839ec7551,segment-88300143a7c839ec7551-candidate-1,"Dies lässt auf ein positives  
und lernförderliches Klassenklima schließen.",221,40,3,2,4,78,in_scope,1,,,,,1,False,annotation-00022534|annotation-00022535,,,,False,False,False,False,1,True,75,10,False,False,False,False,,221,cf54d4a96848c26d,test
segment-8873da04d4e02f89a605,segment-8873da04d4e02f89a605-candidate-1,Eine Elementarisierung wurde durch Vereinfachung des Inhalts erreicht.,118,42,5,2,2,21,in_scope,1,,,,,1,False,annotation-00016759|annotation-00016760,,,,False,False,False,False,1,True,70,10,False,False,False,False,,118,c467da3c028da7ca,train
segment-888dda085e650fc1840c,segment-888dda085e650fc1840c-candidate-1,"Hierbei wurde unter anderem der Fokus auf den „Catch"" zum Beginn der Stunde mit dem Film gesetzt, da dieser Moment eine wichtige Rolle beim Verlauf der Stunde und somit auch beim Erfolg spielt (Krüger & Vogt, 2007)",148,41,2,2,3,4,in_scope,1,,,,,1,False,annotation-00019403|annotation-00019404,,,,False,False,False,False,1,True,214,10,False,False,False,False,,148,4b146d61ab8738ab,train
segment-88b8138af3be46047c5c,segment-88b8138af3be46047c5c-candidate-1,"Denkbare wäre es auch, den Webeslogan des Dextro Energy zu bewerten und mit dem erworbenen Fachwissen zu reflektieren",46,64,4,2,1,23,in_scope,1,,,,,1,False,annotation-00003487|annotation-00003488,,,,False,False,False,False,1,True,117,10,False,False,False,False,,46,deeae01663df14b2,train
segment-89037ece53f420c4debf,segment-89037ece53f420c4debf-candidate-1,"Die Lehrkraft lobt die Präsentationen, um die Leistung der Schüler:innen zu  
würdigen",214,10,3,2,4,60,in_scope,1,,,,,1,False,annotation-00023255|annotation-00023256,,,,False,False,False,False,1,True,86,10,False,False,False,False,,214,c98254afde32e9a1,train
segment-89123cce58a451387fbd,segment-89123cce58a451387fbd-candidate-1,"Sie wiederholt nur,   dass die SchülerInnen jetzt die unterschiedlichen Auswirkungen auf die Photosynthese kennen  
und diese bei ihrer anschließenden Präsentation ansprechen sollten",213,8,3,2,4,71,in_scope,1,,,,,1,False,annotation-00023394|annotation-00023395,,,,False,False,False,False,1,True,182,10,False,False,False,False,,213,010765bfd40e73e6,train
segment-89230c5784567be3f346,segment-89230c5784567be3f346-candidate-1,"Allgemein war der Unterricht sehr lehrerzentriert und von der Methodik ziemlich  
eintönig.",38,39,3,2,1,67,in_scope,1,,,,,1,False,annotation-00001287|annotation-00001288,,,,False,False,False,False,1,True,91,10,False,False,False,False,,38,8471822e1d4ebecc,train
segment-893de786c295dc520277,segment-893de786c295dc520277-candidate-1,"Online alle Teilnehmer dauerhaft beizubehalten, ist sehr schwer, da das Ausschalten der Kamera oder Ablenkungen im Raum dazu führen nicht konzentriert aufzupassen und sich zu distanzieren.",69,17,1,2,2,31,in_scope,1,,,,,1,False,annotation-00011499|annotation-00011500,,,,False,False,False,False,1,True,188,10,False,False,False,False,,69,423489dd4b4c0912,train
segment-89859f28f88e367c535c,segment-89859f28f88e367c535c-candidate-1,"Durch das Arbeitsblatt wird ein biologisches Modell  
eingesetzt",41,54,3,2,1,46,in_scope,1,,,,,1,False,annotation-00000909|annotation-00000910,,,,False,False,False,False,1,True,64,10,False,False,False,False,,41,ed2e1db7eb20f852,train
segment-89b5adbc584dba9b3238,segment-89b5adbc584dba9b3238-candidate-1,Hierbei wären vor allem die fachlichen Begriff-lichkeiten der einzelnen Pflanzenbestandteile in Bezug auf die Bestimmung wichtig sowie das Wissen um den   zugrundeliegenden Bestimmungsschlüsseln (dichotom; Postleitzahlenschlüssel; ...).,74,55,2,1,2,157,in_scope,1,,,,,1,False,annotation-00014663|annotation-00014664,,,,False,False,False,False,1,True,236,10,False,False,False,False,,74,45eb80c6912d4c20,dev
segment-89bd993e9365ca63022b,segment-89bd993e9365ca63022b-candidate-1,"Durch die Nennung des Slogans „Schnell im Blut und schnell im Kopf“ und der Frage, wie das funktioniert, legt die Lehrerin den Fokus auf den Blutkreislauf und den Transport von Stoffen.",14,15,2,1,1,5,in_scope,1,,,,,1,False,annotation-00004597|annotation-00004598,,,,False,False,False,False,1,True,185,10,False,False,False,False,,14,01e178cb42e13d88,train
segment-89e884e53ab3ef825f16,segment-89e884e53ab3ef825f16-candidate-1,"Dennoch waren die Schüler*innen oftmals sehr unruhig, sodass die  
Workshop-Person die Klasse oftmals zur Ruhe ermahnen musste",93,14,3,2,2,53,in_scope,1,,,,,1,False,annotation-00009989|annotation-00009990,,,,False,False,False,False,1,True,126,10,False,False,False,False,,93,7b4ac7e6dba86acb,dev
segment-89fa15494044a8ea9aa1,segment-89fa15494044a8ea9aa1-candidate-1,"Um dieser Unzufriedenheit etwas entgegenzuwirken, hätte im Vorfeld besser kommuniziert werden können, dass nicht genug zu Verfügung standen und das Erwähnen des Sucheinsatzes vorab hätte eine größere Wertschätzung fördern können",110,28,5,1,2,45,in_scope,1,,,,,1,False,annotation-00015013|annotation-00015014,,,,False,False,False,False,1,True,228,10,False,False,False,False,,110,66113b8d0b6fb170,test
segment-8a01ee8b47ff88b5c9f9,segment-8a01ee8b47ff88b5c9f9-candidate-1,"Hier hätte man mehr Zeit für die   Aktivierung des Vorwissens verwenden können, da das Vorwissen notwendig ist,   damit die Schülerinnen und Schüler das Experiment durchführen können",212,7,3,2,4,28,in_scope,1,,,,,1,False,annotation-00023447|annotation-00023448,,,,False,False,False,False,1,True,182,10,False,False,False,False,,212,6fd026ce8e8388c4,train
segment-8a2b9751fe2e6199e2b4,segment-8a2b9751fe2e6199e2b4-candidate-1,"Dennoch ist  
es etwas Schade, dass diese Abfrage am Ende der Stunde nicht wie angekündigt noch 
einmal wiederholt wurde.",97,37,3,2,2,28,in_scope,1,,,,,1,False,annotation-00009395|annotation-00009396,,,,False,False,False,False,1,True,121,10,False,False,False,False,,97,03fd173f4e9e83b6,train
segment-8a3974cc8743c1e9431a,segment-8a3974cc8743c1e9431a-candidate-1,"Das Anbringen von  
Namensschildern an den Laborkitteln half dabei, eine persönlichere Atmosphäre zu schaffen  
und die Kommunikation mit den Schüler*innen zu erleichtern",156,16,3,2,3,6,in_scope,1,,,,,1,False,annotation-00017791|annotation-00017792,,,,False,False,False,False,1,True,170,10,False,False,False,False,,156,7c587cc9ab214913,train
segment-8a5cdbbf7b24db1ebe28,segment-8a5cdbbf7b24db1ebe28-candidate-1,"Dabei wurde gleichzeitig  
versucht, die Vermittlung von Fachwissen auf einem angemessenen Niveau zu halten.",92,10,3,2,2,7,in_scope,1,,,,,1,False,annotation-00010101|annotation-00010102,,,,False,False,False,False,1,True,108,10,False,False,False,False,,92,c98254afde32e9a1,train
segment-8ab7e113f3c187dec995,segment-8ab7e113f3c187dec995-candidate-1,"Um dieses Feedback transparenter zu gestalten, könnten zusätzlich Webex-Sitzungen mit den jeweiligen Kleingruppen stattfinden, um diese zu Besprechen.",61,2,1,1,2,79,in_scope,1,,,,,1,False,annotation-00008009|annotation-00008010,,,,False,False,False,False,1,True,150,10,False,False,False,False,,61,3faf840a033c018d,train
segment-8af0bb28979602f6a4dc,segment-8af0bb28979602f6a4dc-candidate-1,"Auf diesem Arbeitsblatt ist der Umriss eines Körpers aufgezeichnet. Die SuS erhalten die Aufgabe ihre Vorstellungen, wie das Blut durch den Körper fließt, einzuzeichnen.",43,26,4,2,1,29,in_scope,1,,,,,1,False,annotation-00003055,,,,False,False,False,False,1,True,169,10,False,False,False,False,,43,d9e814e2d3def543,train
segment-8b15ba293e129096304a,segment-8b15ba293e129096304a-candidate-1,Außerdem ist das Konzept der Oberflächenvergrößerung   in der Lunge zu finden.,31,7,3,2,1,23,in_scope,1,,,,,1,False,annotation-00002062|annotation-00002063,,,,False,False,False,False,1,True,78,10,False,False,False,False,,31,6fd026ce8e8388c4,train
segment-8b2f8b92f0693316fc22,segment-8b2f8b92f0693316fc22-candidate-1,"Allerdings hätte die Lehrperson auf die Bemerkung „Denkt an Filme oder  
Serien“ nicht direkt geben sollen, sondern erst, wenn keine sinnvolle Beiträge mehr  
bei den Aufgabengebiete der Polizei geäußert worden wären.",101,54,3,2,2,19,in_scope,1,,,,,1,False,annotation-00008934|annotation-00008935,,,,False,False,False,False,1,True,217,10,False,False,False,False,,101,ed2e1db7eb20f852,train
segment-8b42b5f31240014c155a,segment-8b42b5f31240014c155a-candidate-1,"Hier war der  
Arbeitsfortschritt der einzelnen Gruppen für mich jedoch schwer ersichtlich.",155,14,3,2,3,43,in_scope,1,,,,,1,False,annotation-00017932|annotation-00017933,,,,False,False,False,False,1,True,91,10,False,False,False,False,,155,7b4ac7e6dba86acb,dev
segment-8b56491f422a19b9eb84,segment-8b56491f422a19b9eb84-candidate-1,"Oftmals trauen  
sich Schüler*innen nicht etwas zu sagen, da sie Angst haben etwas inkorrektes zu  
sagen",95,27,3,2,2,58,in_scope,1,,,,,1,False,annotation-00009672|annotation-00009673,,,,False,False,False,False,1,True,105,10,False,False,False,False,,95,2b1a36ed00f62e21,train
segment-8b648e8305c8f90cf925,segment-8b648e8305c8f90cf925-candidate-1,Die Kernidee der Stunde: „Wie fließt das Blut durch den Körper“ reduziert das Thema Blutkreislauf auf eine angemessene Komplexität und kann von den Schüler*innen in einer Unterrichtsstunde vom Umfang her gut erarbeitet werden.,47,6,5,1,1,17,in_scope,1,,,,,1,False,annotation-00006127|annotation-00006128,,,,False,False,False,False,1,True,226,10,False,False,False,False,,47,97ee8f2854716d8e,train
segment-8ba6c4e3f45a35e992d9,segment-8ba6c4e3f45a35e992d9-candidate-1,"Die Kernidee der Unterrichtsstunde wollte die LP auf den  
Blutkreislauf bzw. das Blut elementarisieren.",34,14,3,2,1,77,in_scope,1,,,,,1,False,annotation-00001758|annotation-00001759,,,,False,False,False,False,1,True,104,10,False,False,False,False,,34,7b4ac7e6dba86acb,dev
segment-8bb18a615e9d1e72a417,segment-8bb18a615e9d1e72a417-candidate-1,"uf diese Weise wird das Interesse der Schüler:innen während der Stunde gehalten (Schiemann et.al., 2011).",148,41,2,2,3,28,in_scope,1,,,,,1,False,annotation-00019452|annotation-00019453,,,,False,False,False,False,1,True,105,10,False,False,False,False,,148,4b146d61ab8738ab,train
segment-8bc57a21b92080488077,segment-8bc57a21b92080488077-candidate-1,"Außerdem hätte noch einmal vor dem Beladen darauf hingewiesen werden müssen, was ein Durchbohren der Taschen zur Folge hat und wie man dies verhindert. Außerdem könnte vor der nächsten Durchführung geklärt werden, ob man einen besseren Behälter zum Üben verwenden kann, bzw. welche Lichtverhältnisse, Hintergrundfarben o.ä. das Erkennen der Kissen vereinfachen könnte",86,41,2,2,2,27,in_scope,1,,,,,1,False,annotation-00013131,,,,False,False,False,False,1,True,367,10,False,False,False,False,,86,4b146d61ab8738ab,train
segment-8bf3875bbdbb4a584cbe,segment-8bf3875bbdbb4a584cbe-candidate-1,"Auch hätte die Aufgabe weiter eingegrenzt werden können, indem man
z.B. die Wahl der Frucht für die Studierenden eingrenzt, wie in etwa nur Früchte, die gerade Saison haben o.ä. So hätte man Verwirrungen hinsichtlich der Erwartungshaltung von vornherein ausschließen können.",62,30,1,1,2,28,in_scope,1,,,,,1,False,annotation-00007809,,,,False,False,False,False,1,True,274,10,False,False,False,False,,62,94dd5be7b479f16e,train
segment-8c0de0bf32fffc411a63,segment-8c0de0bf32fffc411a63-candidate-1,"Diese liefen aufgrund der im Vorfeld  
angegebenen Aufgabenschritte durch die Lehrkraft strukturiert ab.",223,54,3,2,4,87,in_scope,1,,,,,1,False,annotation-00022158|annotation-00022159,,,,False,False,False,False,1,True,104,10,False,False,False,False,,223,ed2e1db7eb20f852,train
segment-8c21425758c180c88d95,segment-8c21425758c180c88d95-candidate-1,Das relevante Fachwissen wurde hierbei durch die SchülerInnen selbstständig aufgearbeitet durch den Einsatz verschiedener Arbeitsblätter zum Stundenthema.,32,8,3,2,1,15,in_scope,1,,,,,1,False,annotation-00001963|annotation-00001964,,,,False,False,False,False,1,True,154,10,False,False,False,False,,32,010765bfd40e73e6,train
segment-8c60cb114cc890c71562,segment-8c60cb114cc890c71562-candidate-1,"Darüber hinaus  
werden die SchülerInnen durch die Frage „Wie würdet ihr vorgehen?“ kognitiv aktiviert",89,3,3,2,2,15,in_scope,1,,,,,1,False,annotation-00010690|annotation-00010691,,,,False,False,False,False,1,True,102,10,False,False,False,False,,89,9efb7a7c3e8b6377,train
segment-8c7170164b7a0b3fea1a,segment-8c7170164b7a0b3fea1a-candidate-1,"Bei der Erstellung der Präsentation war es uns diesbezüglich wichtig, uns persönlich vorzustellen und unsere E-Mail Adressen zu hinterlegen, da dies persönlicher ist als der Austausch über ein Moodleforum",61,2,1,1,2,85,in_scope,1,,,,,1,False,annotation-00008022,,,,False,False,False,False,1,True,204,10,False,False,False,False,,61,3faf840a033c018d,train
segment-8c75cb1223558cf19d67,segment-8c75cb1223558cf19d67-candidate-1,"Dafür   wurde schon zu Beginn der Stunde gesorgt, da die SchülerInnen mit etwas, dass sie   aus ihrem Alltag kennen (Dextro Energy) konfrontiert wurden",31,7,3,2,1,7,in_scope,1,,,,,1,False,annotation-00002031|annotation-00002032,,,,False,False,False,False,1,True,151,10,False,False,False,False,,31,6fd026ce8e8388c4,train
segment-8c8402964e25611092ed,segment-8c8402964e25611092ed-candidate-1,Das  Vorgehen greift auf das curriculare Prinzip zurück.,74,55,2,1,2,96,in_scope,1,,,,,1,False,annotation-00014533|annotation-00014534,,,,False,False,False,False,1,True,56,10,False,False,False,False,,74,45eb80c6912d4c20,dev
segment-8ce8b3a69e36f55dafc4,segment-8ce8b3a69e36f55dafc4-candidate-1,"Zuerst folgte eine kurze Wissensabfrage zur DNA um das  
Vorwissen der Lernenden zu testen und zu aktivieren.",93,14,3,2,2,44,in_scope,1,,,,,1,False,annotation-00009971|annotation-00009972,,,,False,False,False,False,1,True,109,10,False,False,False,False,,93,7b4ac7e6dba86acb,dev
segment-8d550d3702be88f5ee62,segment-8d550d3702be88f5ee62-candidate-1,"Wenn wir uns die erste Erarbeitungsphase anschauen  
kann man schon erkennen, dass die Schülervorstellungen integriert wurden, indem  
diese ihre Vorstellungen aufzeichnen sollten",36,33,3,2,1,13,in_scope,1,,,,,1,False,annotation-00001390|annotation-00001391,,,,False,False,False,False,1,True,179,10,False,False,False,False,,36,fd1a055c1ca13050,test
segment-8d7cb2319a9fc91b101c,segment-8d7cb2319a9fc91b101c-candidate-1,"Allerdings können in  
manchen Fällen auch geschlossene Fragen hilfreich sein, um die Schülerinnen und  
Schüler bei einem Denkfehler zu unterstützen.",37,37,3,2,1,31,in_scope,1,,,,,1,False,annotation-00001361|annotation-00001362,,,,False,False,False,False,1,True,150,10,False,False,False,False,,37,03fd173f4e9e83b6,train
segment-8d82d1e906f40620dd49,segment-8d82d1e906f40620dd49-candidate-1,"Eine zielgerechte didaktische Rekonstruktion des  
Fachwissens wurde dabei angestrebt.",91,8,3,2,2,56,in_scope,1,,,,,1,False,annotation-00010383|annotation-00010384,,,,False,False,False,False,1,True,86,10,False,False,False,False,,91,010765bfd40e73e6,train
segment-8d92080779dcad81d3d9,segment-8d92080779dcad81d3d9-candidate-1,"Durch den Bezug auf allgemein Bekanntes haben alle SuS die Möglichkeit, sich zu beteiligen, auch die, denen es an biologischem Fachwissen fehlt.",42,4,4,2,1,12,in_scope,1,,,,,1,False,annotation-00002875|annotation-00002876,,,,False,False,False,False,1,True,144,10,False,False,False,False,,42,734cce279690eadc,test
segment-8da4852adc8627fa1e29,segment-8da4852adc8627fa1e29-candidate-1,"Aus fachdidaktischer Sicht wäre es jedoch in diesem Fall für die SuS motivierender gewesen, wenn die Lehrerin nicht auf die von ihr formulierten Frage beharrt hätte, sondern eine der von den Schülerinnen/Schüler formulierte Frage gewählt hätte.",48,24,5,1,1,32,in_scope,1,,,,,1,False,annotation-00006411,,,,False,False,False,False,1,True,244,10,False,False,False,False,,48,e303475eaa710a89,train
segment-8dd9c06dcdaf7fbae5f7,segment-8dd9c06dcdaf7fbae5f7-candidate-1,"Zudem hat die Lehrperson den  
SchülerInnen zu wenig Zeit gegeben sich zu melden",101,54,3,2,2,9,in_scope,1,,,,,1,False,annotation-00008913|annotation-00008914,,,,False,False,False,False,1,True,80,10,False,False,False,False,,101,ed2e1db7eb20f852,train
segment-8e0b76a929821e41dc02,segment-8e0b76a929821e41dc02-candidate-1,"Die SuS haben für diese Präsentation ein begleitendes „Board“ erstellt, auf dem die wichtigsten 
Ergebnisse und Erkenntnisse festgehalten wurde",221,40,3,2,4,40,in_scope,1,,,,,1,False,annotation-00022465|annotation-00022466,,,,False,False,False,False,1,True,143,10,False,False,False,False,,221,cf54d4a96848c26d,test
segment-8e2af956ab5bc2ec8041,segment-8e2af956ab5bc2ec8041-candidate-1,"Sollte die Lehrkraft  
diese Stunde ein weiteres mal durchführen, sollte diese daher den SchülerInnen  
genauer ihre Erwartungen zum Inhalt erwähnen",41,54,3,2,1,25,in_scope,1,,,,,1,False,annotation-00000870|annotation-00000871,,,,False,False,False,False,1,True,148,10,False,False,False,False,,41,ed2e1db7eb20f852,train
segment-8eb1d29f9130a42ab103,segment-8eb1d29f9130a42ab103-candidate-1,"Die  
Schüler*innen beobachten ihren eigenständig aufgebauten Versuch.",217,27,3,2,4,42,in_scope,1,,,,,1,False,annotation-00022872|annotation-00022873,,,,False,False,False,False,1,True,70,10,False,False,False,False,,217,2b1a36ed00f62e21,train
segment-8eb8820cabade4f891fe,segment-8eb8820cabade4f891fe-candidate-1,"Auch die Wahl anderer Methoden, wie zum Beispiel das Bilden von  
Expertengruppe, scheint mit für diese Unterrichtsstunde eine sinnvolle Alternative zu  
sein, die für Abwechslung gesorgt hätte.",38,39,3,2,1,47,in_scope,1,,,,,1,False,annotation-00001249|annotation-00001250,,,,False,False,False,False,1,True,194,10,False,False,False,False,,38,8471822e1d4ebecc,train
segment-8ebfd99213769aa37cb4,segment-8ebfd99213769aa37cb4-candidate-1,Hier wäre für die Zukunft eventuell der Verweis   für die Beschaffung (außer der Hochschulbibliothek) wichtig.,74,55,2,1,2,48,in_scope,1,,,,,1,False,annotation-00014425|annotation-00014426,,,,False,False,False,False,1,True,110,10,False,False,False,False,,74,45eb80c6912d4c20,dev
segment-8ec6ce1ceb5719aa4ae0,segment-8ec6ce1ceb5719aa4ae0-candidate-1,"Es war den beiden Studierenden scheinbar wichtig, dass nicht nur eine Antwort in den Raum geworfen wurde, sondern auch eine konkrete Begründung, die hinter der Antwort steht, geliefert wurde.",186,30,1,1,4,31,in_scope,1,,,,,1,False,annotation-00021382,,,,False,False,False,False,1,True,191,10,False,False,False,False,,186,94dd5be7b479f16e,train
segment-8ec6fc6fa2650551850d,segment-8ec6fc6fa2650551850d-candidate-1,"ch verstehe nicht ganz, wieso der Gasaustausch in der Lunge näher   betrachtet wird, da diese Informationen nicht notwendig sind, um die Frage zu   beantworten.",31,7,3,2,1,43,in_scope,1,,,,,1,False,annotation-00002102|annotation-00002103,,,,False,False,False,False,1,True,160,10,False,False,False,False,,31,6fd026ce8e8388c4,train
segment-8ecc88993b86fb71eb73,segment-8ecc88993b86fb71eb73-candidate-1,"Da nicht problemorientiert eingestiegen  
wurde, fällt die Kompetenz zur Problemlösefähigkeit und die Diskussion von  
Lösungswegen sehr gering aus",36,33,3,2,1,9,in_scope,1,,,,,1,False,annotation-00001380|annotation-00001381,,,,False,False,False,False,1,True,147,10,False,False,False,False,,36,fd1a055c1ca13050,test
segment-8eceae72da530e0d5640,segment-8eceae72da530e0d5640-candidate-1,"Positiv aufgefallen ist, dass die Lehrkraft zielgerichtete Rückfragen zu den Präsentationen  
gestellt hat und die SuS so zum Nachdenken angeregt hat",39,40,3,2,1,65,in_scope,1,,,,,1,False,annotation-00001135|annotation-00001136,,,,False,False,False,False,1,True,149,10,False,False,False,False,,39,cf54d4a96848c26d,test
segment-8f799cbf512fb5bad0c1,segment-8f799cbf512fb5bad0c1-candidate-1,"In diesem Zusammenhang muss ich lernen die Unruhe auszuhalten und einfach zu warten,   bis ich die Aufmerksamkeit der SuS habe.",161,40,3,2,3,21,in_scope,1,,,,,1,False,annotation-00017628|annotation-00017629,,,,False,False,False,False,1,True,127,10,False,False,False,False,,161,cf54d4a96848c26d,test
segment-8f826d15881d823ab6a3,segment-8f826d15881d823ab6a3-candidate-1,"ch gehe davon aus, dass diese  
Fragen als Stundeneinstieg für die nächste Biologiestunde fungieren sollen",38,39,3,2,1,56,in_scope,1,,,,,1,False,annotation-00001269|annotation-00001270,,,,False,False,False,False,1,True,106,10,False,False,False,False,,38,8471822e1d4ebecc,train
segment-8f890e57a43fd82b2240,segment-8f890e57a43fd82b2240-candidate-1,"Zum einen wurde bereits früh entschieden, dass wir so wenig Fließtext wie möglich während dieser Stunde verwenden wollten.",86,41,2,2,2,36,in_scope,1,,,,,1,False,annotation-00013141,,,,False,False,False,False,1,True,122,10,False,False,False,False,,86,4b146d61ab8738ab,train
segment-8fb3f23262997c82b77b,segment-8fb3f23262997c82b77b-candidate-1,"Wird das Interesse über den Verlauf der Stunde gehalten, wird auch ein individuelles Interesse für das Thema bzw. die Einheit entwickelt (Krüger & Vogt, 2007).",148,41,2,2,3,23,in_scope,1,,,,,1,False,annotation-00019439|annotation-00019440,,,,False,False,False,False,1,True,159,10,False,False,False,False,,148,4b146d61ab8738ab,train
segment-90289e6c000ce66b04eb,segment-90289e6c000ce66b04eb-candidate-1,"Verbesserungswürdig ist aus meiner Sicht der Übergang zwischen dem  
Einstiegsbeispiel (Traubenzucker), der Wiederholung der Inhalte und der tatsächlichen  
Überleitung zum Thema.",29,27,3,2,1,22,in_scope,1,,,,,1,False,annotation-00001495|annotation-00001496,,,,False,False,False,False,1,True,179,10,False,False,False,False,,29,2b1a36ed00f62e21,train
segment-90660c86681053d9e061,segment-90660c86681053d9e061-candidate-1,"Eine Erhebung beziehungsweise  
Berücksichtigung der SchülerInnen-Vorstellungen findet an dieser Stelle nicht statt.",211,3,3,2,4,12,in_scope,1,,,,,1,False,annotation-00023608|annotation-00023609,,,,False,False,False,False,1,True,116,10,False,False,False,False,,211,9efb7a7c3e8b6377,train
segment-908ed62ea22f2b294fab,segment-908ed62ea22f2b294fab-candidate-1,"Diese Form des Unterrichtseinstiegs stellt meiner Einschätzung nach einen passenden und  
relevanten Kontext für die Inhalte dieser Unterrichtsstunde dar.",89,3,3,2,2,8,in_scope,1,,,,,1,False,annotation-00010681|annotation-00010682,,,,False,False,False,False,1,True,154,10,False,False,False,False,,89,9efb7a7c3e8b6377,train
segment-90d02d7a262ef47ca546,segment-90d02d7a262ef47ca546-candidate-1,"Dadurch konnten die Schüler:innen den Anweisungen nicht  
richtig folgen und mussten nachfragen.",92,10,3,2,2,75,in_scope,1,,,,,1,False,annotation-00010223|annotation-00010224,,,,False,False,False,False,1,True,96,10,False,False,False,False,,92,c98254afde32e9a1,train
segment-90d5cab3ee4415ae84c8,segment-90d5cab3ee4415ae84c8-candidate-1,"Dass manche SchülerInnen mit dem zur Verfügung gestellten Input überfordert waren 
wird bei der abschließenden Präsentation der zweiten Zeichnungen der SchülerInnen  
deutlich.",30,3,3,2,1,42,in_scope,1,,,,,1,False,annotation-00002261|annotation-00002262,,,,False,False,False,False,1,True,176,10,False,False,False,False,,30,9efb7a7c3e8b6377,train
segment-90d75cc9b6f7828809d6,segment-90d75cc9b6f7828809d6-candidate-1,Die Glucose war ihnen wahrscheinlich noch aus der letzten Unterrichtseinheit bekannt,42,4,4,2,1,42,in_scope,1,,,,,1,False,annotation-00002932|annotation-00002933,,,,False,False,False,False,1,True,84,10,False,False,False,False,,42,734cce279690eadc,test
segment-90fda8d385897b902099,segment-90fda8d385897b902099-candidate-1,"Ich erachte dies als eine passende und sinnvolle Methode, vor allem für eine  
Einführungsstunde in ein neues Thema.",39,40,3,2,1,23,in_scope,1,,,,,1,False,annotation-00001057|annotation-00001058,,,,False,False,False,False,1,True,116,10,False,False,False,False,,39,cf54d4a96848c26d,test
segment-9104dad14a5fb813b370,segment-9104dad14a5fb813b370-candidate-1,"Und als  
solche sollten sie unbedingt mitberücksichtig werden bei der Planung des Unterrichts, da sie  
nach Kattmann (2015) Lernhindernisse sein können.",213,8,3,2,4,15,in_scope,1,,,,,1,False,annotation-00023302|annotation-00023303,,,,False,False,False,False,1,True,154,10,False,False,False,False,,213,010765bfd40e73e6,train
segment-914cc1d6076c7fe7a4a3,segment-914cc1d6076c7fe7a4a3-candidate-1,"Allerdings lässt sich vor allem zu Beginn der Stunde eine vertikale  
Vernetzung des Themas erkennen, indem die Lehrkraft auf die zuvor behandelte  
Zellatmung und die Verdauung zu sprechen kommt.",30,3,3,2,1,59,in_scope,1,,,,,1,False,annotation-00002297|annotation-00002298,,,,False,False,False,False,1,True,196,10,False,False,False,False,,30,9efb7a7c3e8b6377,train
segment-91dbf9a5c55b47234d82,segment-91dbf9a5c55b47234d82-candidate-1,Die SchülerInnen gehen respektvoll   miteinander um und scheinen sich wohlzufühlen,90,7,3,2,2,83,in_scope,1,,,,,1,False,annotation-00010592|annotation-00010593,,,,False,False,False,False,1,True,82,10,False,False,False,False,,90,6fd026ce8e8388c4,train
segment-927fdb2031de91900317,segment-927fdb2031de91900317-candidate-1,"Da die

Erarbeitungsphase stationenähnlich aufgebaut war, hätte auch ein audio-visueller Zugang (z.B. Film/Video) den Erkenntnisgewinn unterstützen können, das nebenbei Abwechslung im Erarbeiten miteingebracht hätte.",17,59,2,1,1,32,in_scope,1,,,,,2,True,annotation-00005513|annotation-00005514,,,,False,False,False,False,1,True,216,10,False,False,False,False,,17,0546bf8cb93fe335,train
segment-927fdb2031de91900317,segment-927fdb2031de91900317-candidate-2,"Da die

Erarbeitungsphase stationenähnlich aufgebaut war, hätte auch ein audio-visueller Zugang (z.B. Film/Video) den Erkenntnisgewinn unterstützen können, das nebenbei Abwechslung im Erarbeiten miteingebracht hätte.",17,59,2,1,1,32,in_scope,1,,,,,2,True,annotation-00005513|annotation-00005515,,,,False,False,False,False,1,True,216,10,False,False,False,False,,17,0546bf8cb93fe335,train
segment-92a22437a127d4cf87fd,segment-92a22437a127d4cf87fd-candidate-1,"So konnten sie sich gegenseitig helfen, wenn sie die gleichen Informationskarten bearbeitet haben.",31,7,3,2,1,71,in_scope,1,,,,,1,False,annotation-00002171|annotation-00002172,,,,False,False,False,False,1,True,98,10,False,False,False,False,,31,6fd026ce8e8388c4,train
segment-92a58fd9e922c4c87641,segment-92a58fd9e922c4c87641-candidate-1,"Diese Fragen können dann in der darauffolgenden Stunde  
noch einmal aufgegriffen werden.",41,54,3,2,1,100,in_scope,1,,,,,1,False,annotation-00001009|annotation-00001010,,,,False,False,False,False,1,True,89,10,False,False,False,False,,41,ed2e1db7eb20f852,train
segment-92a7f2cd8c75182b8564,segment-92a7f2cd8c75182b8564-candidate-1,"Viel bedeutender wäre es hier gewesen, das Thema Sauerstofftransport oder Ähnliches  
aufzugreifen.",38,39,3,2,1,8,in_scope,1,,,,,1,False,annotation-00001180|annotation-00001181,,,,False,False,False,False,1,True,99,10,False,False,False,False,,38,8471822e1d4ebecc,train
segment-92ca18d5d6a19e9a1984,segment-92ca18d5d6a19e9a1984-candidate-1,Auch sehen sich die anderen Beteiligten dadurch mehr in der Verantwortung mitzudenken und es fällt einfacher sich am Unterrichtsgeschehen zu beteiligen,186,30,1,1,4,17,in_scope,1,,,,,1,False,annotation-00021347|annotation-00021348,,,,False,False,False,False,1,True,151,10,False,False,False,False,,186,94dd5be7b479f16e,train
segment-92ddf758a10e5b2e9af8,segment-92ddf758a10e5b2e9af8-candidate-1,Eventuell haben aber auch einige bei der Erklärung des Arbeitsauftrages nicht aufgepasst,129,17,1,2,3,25,in_scope,1,,,,,1,False,annotation-00018461|annotation-00018462,,,,False,False,False,False,1,True,88,10,False,False,False,False,,129,423489dd4b4c0912,train
segment-92f4ba537d0adbfb31a4,segment-92f4ba537d0adbfb31a4-candidate-1,"Allerdings verwendet diese verschiedene Begrifflichkeiten,   die die SchülerInnen verwirren könnte, da sie selbst nicht konsequent die richtigen  
Fachwörter verwendet",41,54,3,2,1,58,in_scope,1,,,,,1,False,annotation-00000930|annotation-00000931,,,,False,False,False,False,1,True,167,10,False,False,False,False,,41,ed2e1db7eb20f852,train
segment-930b00e54cc609fae8a9,segment-930b00e54cc609fae8a9-candidate-1,"Sie betonte die Notwendigkeit von präzisem und genauem arbeiten,   um genaue und verlässliche Ergebnisse zu erzielen",156,16,3,2,3,28,in_scope,1,,,,,1,False,annotation-00017830|annotation-00017831,,,,False,False,False,False,1,True,116,10,False,False,False,False,,156,7c587cc9ab214913,train
segment-931bd70200815b49a690,segment-931bd70200815b49a690-candidate-1,"Dadurch könnten die  
Schüler:innen zunächst beobachten, wie es gemacht wird, und anschließend selbst ausführen.",154,10,3,2,3,3,in_scope,1,,,,,1,False,annotation-00018000|annotation-00018001,,,,False,False,False,False,1,True,112,10,False,False,False,False,,154,c98254afde32e9a1,train
segment-9351342369276d11ba68,segment-9351342369276d11ba68-candidate-1,"Danach hätte reflektiert werden  
können, welche Bereiche in der darauffolgenden Stunde noch einmal im Plenum  
wiederholt werden müssten.",41,54,3,2,1,96,in_scope,1,,,,,1,False,annotation-00001003|annotation-00001004,,,,False,False,False,False,1,True,138,10,False,False,False,False,,41,ed2e1db7eb20f852,train
segment-936b45b4ce28db6079a2,segment-936b45b4ce28db6079a2-candidate-1,"Zudem kann  
davon ausgegangen werden, dass sowohl die begleitende PowerPoint-Präsentation als auch  
der Ablauf an der Tafel einen positiven Einfluss auf die Kommunikationskompetenz der  
Schülerinnen und Schüler hatte, da zentrale Begrifflichkeiten schriftlich visualisiert wurden und  
die SchülerInnen sie somit bei ihren eigenen Äußerungen immer zur Hilfe ziehen konnten.",89,3,3,2,2,22,in_scope,1,,,,,1,False,annotation-00010702|annotation-00010703,,,,False,False,False,False,1,True,376,10,False,False,False,False,,89,9efb7a7c3e8b6377,train
segment-93744794c16614123619,segment-93744794c16614123619-candidate-1,"Zum Beispiel hat sie zwei 
verschiedenfarbige Blätter als Anschauungsmaterial dabei, um auf eine weitere Variabel 
aufmerksam zu machen.",222,43,3,2,4,21,in_scope,1,,,,,1,False,annotation-00022207|annotation-00022208,,,,False,False,False,False,1,True,136,10,False,False,False,False,,222,ef200883f78ba4bc,train
segment-938e774e1bac08710772,segment-938e774e1bac08710772-candidate-1,"Hätten sich die Lehrpersonen dazu entschieden, wäre die  
Aufmerksamkeit und die Ruhe vermutlich nicht so deutlich gewesen, wie sie in der  
Unterrichtsstunde war",101,54,3,2,2,59,in_scope,1,,,,,1,False,annotation-00009013|annotation-00009014,,,,False,False,False,False,1,True,162,10,False,False,False,False,,101,ed2e1db7eb20f852,train
segment-93b2f6706f31f3e32f2d,segment-93b2f6706f31f3e32f2d-candidate-1,"Empfehlenswert ist die weitere didaktische Reduktion der „Zutaten“ einer  
PCR, sofern das Leistungsniveau besser eingeschätzt werden kann.",95,27,3,2,2,105,in_scope,1,,,,,1,False,annotation-00009746|annotation-00009747,,,,False,False,False,False,1,True,139,10,False,False,False,False,,95,2b1a36ed00f62e21,train
segment-93b3534547673087d177,segment-93b3534547673087d177-candidate-1,"Der sichere Umgang mit Fachwörtern lässt auf einen positiven Lernerfolg bei  
einigen SuS schließen.",221,40,3,2,4,72,in_scope,1,,,,,1,False,annotation-00022522|annotation-00022523,,,,False,False,False,False,1,True,100,10,False,False,False,False,,221,cf54d4a96848c26d,test
segment-93edfe94067a58fd4257,segment-93edfe94067a58fd4257-candidate-1,"Hier hätte es sich  
angeboten, ein extra Rack mit Proben für die Lehrperson zur Hand zu nehmen und  
dann Schritt für Schritt, auch wenn möglich mit Hilfe einer Dokumentenkamera, die  
Flüssigkeiten zusammenzupipettieren.",155,14,3,2,3,29,in_scope,1,,,,,1,False,annotation-00017908|annotation-00017909,,,,False,False,False,False,1,True,222,10,False,False,False,False,,155,7b4ac7e6dba86acb,dev
segment-93f7b9777acfbdfb2dbf,segment-93f7b9777acfbdfb2dbf-candidate-1,"In dieser Hinsicht sehe ich jedoch die größte Schwäche 
unserer Unterrichtseinheit",159,37,3,2,3,4,in_scope,1,,,,,1,False,annotation-00017674|annotation-00017675,,,,False,False,False,False,1,True,82,10,False,False,False,False,,159,03fd173f4e9e83b6,train
segment-942cdd1a64297569eec9,segment-942cdd1a64297569eec9-candidate-1,In der folgenden Reflexion wird eine Biologie-Unterrichtsstunde in einer achten Klasse zu dem Thema Blutkreislauf behandelt,49,28,5,1,1,2,in_scope,1,,,,,1,False,annotation-00006490,,,,False,False,False,False,1,True,123,10,False,False,False,False,,49,66113b8d0b6fb170,test
segment-94438cd2341e5f011a85,segment-94438cd2341e5f011a85-candidate-1,"Dies besteht meist  
daraus, dass Lernende Hypothesen aufstellen, diese dann durch Daten unterstützen  
und schlussendlich dann mit Hilfe von naturwissenschaftlichen Konzepten begründen.",215,14,3,2,4,32,in_scope,1,,,,,1,False,annotation-00023062|annotation-00023063,,,,False,False,False,False,1,True,186,10,False,False,False,False,,215,7b4ac7e6dba86acb,dev
segment-94ad8dbc2aeb142ee8a6,segment-94ad8dbc2aeb142ee8a6-candidate-1,"Um das  
Vorwissen der Schüler:innen abzurufen, wurde zunächst die Think-Pair-Share-Methode  
angewendet",92,10,3,2,2,52,in_scope,1,,,,,1,False,annotation-00010185|annotation-00010186,,,,False,False,False,False,1,True,104,10,False,False,False,False,,92,c98254afde32e9a1,train
segment-94bf6ef58c9db678ba56,segment-94bf6ef58c9db678ba56-candidate-1,"Nach der Vorstellung des Mordfalls begann die LK mit einem Überblick über den 
Workshop und startete mit einer Pipettierübung",96,33,3,2,2,10,in_scope,1,,,,,1,False,annotation-00009468|annotation-00009469,,,,False,False,False,False,1,True,125,10,False,False,False,False,,96,fd1a055c1ca13050,test
segment-94d6ccc40947014d6720,segment-94d6ccc40947014d6720-candidate-1,"Die Aufgabenstellung wird ebenfalls nicht visualisiert, wodurch Informationen verloren gehen können",239,45,5,2,4,7,in_scope,1,,,,,1,False,annotation-00028854|annotation-00028855,,,,False,False,False,False,1,True,99,10,False,False,False,False,,239,724626082a45fe8a,train
segment-94fad1c6d38f8dfdef55,segment-94fad1c6d38f8dfdef55-candidate-1,"Diese konstruktivistische Wissensaneignungsmethode  
ist hier nicht passend eingesetzt.",34,14,3,2,1,41,in_scope,1,,,,,1,False,annotation-00001703|annotation-00001704,,,,False,False,False,False,1,True,87,10,False,False,False,False,,34,7b4ac7e6dba86acb,dev
segment-9590a008353afb4398f1,segment-9590a008353afb4398f1-candidate-1,Die aktuelle Situation stellte für die persönliche Rückmeldung an die Studierenden eine Herausforderung dar.,61,2,1,1,2,76,in_scope,1,,,,,1,False,annotation-00008007,,,,False,False,False,False,1,True,108,10,False,False,False,False,,61,3faf840a033c018d,train
segment-95a3c59e07b11f8e43ba,segment-95a3c59e07b11f8e43ba-candidate-1,Der Sachverhalt wurde auf unterschiedlichen Organisationsebenen bezogen (Transport im Blut von Glukose / Glukose an der Zielstelle).,52,53,5,1,1,70,in_scope,1,,,,,1,False,annotation-00006748|annotation-00006749,,,,False,False,False,False,1,True,132,10,False,False,False,False,,52,b982c8bc67a604be,train
segment-95af4dd8fa7c9e3499f4,segment-95af4dd8fa7c9e3499f4-candidate-1,"Durch Rückfragen der Lehrenden wurde jedoch überprüft, ob die  
vorgemachten Arbeitsschritte nicht nur nachgemacht wurden, sondern ob auch  
verstanden wurde, weshalb welcher Schritt wann nötig ist.",97,37,3,2,2,21,in_scope,1,,,,,1,False,annotation-00009383|annotation-00009384,,,,False,False,False,False,1,True,198,10,False,False,False,False,,97,03fd173f4e9e83b6,train
segment-95b7a118b0c627601e04,segment-95b7a118b0c627601e04-candidate-1,"Bei der Vorbereitung des Gels fragt die eine Lehrperson  
beispielsweise explizit nach dem Begriff des Erlenmeyerkolbens",101,54,3,2,2,28,in_scope,1,,,,,1,False,annotation-00008952|annotation-00008953,,,,False,False,False,False,1,True,120,10,False,False,False,False,,101,ed2e1db7eb20f852,train
segment-95c817eba71c0fd575ae,segment-95c817eba71c0fd575ae-candidate-1,"Allerdings  
konnte festgestellt werden, dass durch die kurzen Inputphasen sowohl das Interesse  
als auch die Motivation der Schüler*innen konstant blieb.",94,16,3,2,2,32,in_scope,1,,,,,1,False,annotation-00009820|annotation-00009821,,,,False,False,False,False,1,True,155,10,False,False,False,False,,94,7c587cc9ab214913,train
segment-95ca68a902e057364013,segment-95ca68a902e057364013-candidate-1,"Dadurch dass die Studierenden selbst wenig Erfahrung im Umgang mit molekularbiologischen  
Themen haben, fällt auf, dass die Fachsprache an manchen Stellen des Unterrichts teilweise  
inkorrekt war.",98,39,3,2,2,38,in_scope,1,,,,,1,False,annotation-00009282|annotation-00009283,,,,False,False,False,False,1,True,198,10,False,False,False,False,,98,8471822e1d4ebecc,train
segment-96155b66f2fbaa512e70,segment-96155b66f2fbaa512e70-candidate-1,"Um diesen Einstieg noch interessanter zu gestalten, hätte man es noch mit anderen  
Wahrnehmungen verbinden können",158,33,3,2,3,7,in_scope,1,,,,,1,False,annotation-00017725|annotation-00017726,,,,False,False,False,False,1,True,114,10,False,False,False,False,,158,fd1a055c1ca13050,test
segment-9619c47007be675fb0b5,segment-9619c47007be675fb0b5-candidate-1,"Dass, die Lehrkraft ihre Klasse gut unter Kontrolle hat wird  
dadurch deutlich",223,54,3,2,4,41,in_scope,1,,,,,1,False,annotation-00022077|annotation-00022078,,,,False,False,False,False,1,True,79,10,False,False,False,False,,223,ed2e1db7eb20f852,train
segment-964469f5a0c5d4019661,segment-964469f5a0c5d4019661-candidate-1,"In diesem Zusammenhang wird deutlich, dass die  
individuellen Lernervoraussetzungen im Rahmen dieser Unterrichtsstunde nicht berücksichtigt  
und somit auch keine Differenzierungsangebote gemacht wurden.",89,3,3,2,2,46,in_scope,1,,,,,1,False,annotation-00010744|annotation-00010745,,,,False,False,False,False,1,True,204,10,False,False,False,False,,89,9efb7a7c3e8b6377,train
segment-96b9da3dc413a6ed26d6,segment-96b9da3dc413a6ed26d6-candidate-1,"Auch hätte man die Schüler*innen 
in der Think-Pair-Shair Methode mitarbeiten lassen, um auch Leistungsschwächere 
miteinzubeziehen",100,43,3,2,2,66,in_scope,1,,,,,1,False,annotation-00008864|annotation-00008865,,,,False,False,False,False,1,True,131,10,False,False,False,False,,100,ef200883f78ba4bc,train
segment-96e3ee71d147e098b37c,segment-96e3ee71d147e098b37c-candidate-1,"Der Mehraufwand eines solchen Filmes (Drehen, Einsprechen und Schneiden) im Gegensatz zu einem Fließtext lohnt sich deshalb.",148,41,2,2,3,9,in_scope,1,,,,,1,False,annotation-00019412|annotation-00019413,,,,False,False,False,False,1,True,124,10,False,False,False,False,,148,4b146d61ab8738ab,train
segment-96e5c5e1e029574c3355,segment-96e5c5e1e029574c3355-candidate-1,Das Dominospiel hängt mit der Auswertung der Gelelektrophorese zusammen.,184,2,1,1,4,6,in_scope,1,,,,,1,False,annotation-00021415,,,,False,False,False,False,1,True,72,10,False,False,False,False,,184,3faf840a033c018d,train
segment-973786e4516e41c7c444,segment-973786e4516e41c7c444-candidate-1,"Die Studierenden meldeten zwar eine angemessene Schwierigkeit der Aufgaben zurück, dennoch müssten hier weitere Aufgaben zur Differenzierung und Variation gestellt werden",61,2,1,1,2,63,in_scope,1,,,,,1,False,annotation-00007983,,,,False,False,False,False,1,True,170,10,False,False,False,False,,61,3faf840a033c018d,train
segment-97493d45117b982f4389,segment-97493d45117b982f4389-candidate-1,Allerdings erreicht die Lehrkraft einen Überblick über die unterschiedlichen Kenntnis-und Wissensstände der SchülerInnen,41,54,3,2,1,53,in_scope,1,,,,,1,False,annotation-00000921|annotation-00000922,,,,False,False,False,False,1,True,120,10,False,False,False,False,,41,ed2e1db7eb20f852,train
segment-9782dda85dbc1afab76e,segment-9782dda85dbc1afab76e-candidate-1,"Besonders die Spekulationen über den möglichen Täter, weckten das  
Interesse der Schüler",97,37,3,2,2,48,in_scope,1,,,,,1,False,annotation-00009425|annotation-00009426,,,,False,False,False,False,1,True,89,10,False,False,False,False,,97,03fd173f4e9e83b6,train
segment-979c981d3b350e3217a8,segment-979c981d3b350e3217a8-candidate-1,"Besonders positiv aufgefallen ist, dass die Lehrerin das Vorwissen der 
Schüler*innen über die verschiedenen Variablen der Photosynthese abfragte",222,43,3,2,4,14,in_scope,1,,,,,1,False,annotation-00022195|annotation-00022196,,,,False,False,False,False,1,True,145,10,False,False,False,False,,222,ef200883f78ba4bc,train
segment-97b2b4c03c2abc228ec4,segment-97b2b4c03c2abc228ec4-candidate-1,"n den Gesprächen ist besonders positiv aufgefallen, dass die Lehrkraft zum einen  
eine klare und deutliche Sprache verwendete zum anderen jedoch auch die korrekte 
Fachsprache einsetzte.",39,40,3,2,1,16,in_scope,1,,,,,1,False,annotation-00001046|annotation-00001047,,,,False,False,False,False,1,True,187,10,False,False,False,False,,39,cf54d4a96848c26d,test
segment-9868998cc640cbd67a34,segment-9868998cc640cbd67a34-candidate-1,"Durch interaktive Aufgaben auf der Lernplattform Moodle gingen wir der Intention nach, die Lernenden anzuregen und mit Alltagsbeispielen auf die Thematik aufmerksam zu machen",61,2,1,1,2,71,in_scope,1,,,,,1,False,annotation-00007998,,,,False,False,False,False,1,True,174,10,False,False,False,False,,61,3faf840a033c018d,train
segment-98964d241766a8222675,segment-98964d241766a8222675-candidate-1,"Die Studierenden sollten in dieser Aufgabe differenziert darauf eingehen, wieso es von Vorteil ist, dass eine Frucht ihrer Wahl bestimmte Merkmale aufweist im Hinblick auf die Art und Weise der Pflanze diese zu verbreiten",62,30,1,1,2,19,in_scope,1,,,,,1,False,annotation-00007795,,,,False,False,False,False,1,True,221,10,False,False,False,False,,62,94dd5be7b479f16e,train
segment-9899c37b55dbf0c07341,segment-9899c37b55dbf0c07341-candidate-1,"Hier bot sich eine Gelegenheit das sachliche Bewerten zu üben, welche nicht genutzt wurde.",26,41,2,2,1,67,in_scope,1,,,,,1,False,annotation-00004366|annotation-00004367,,,,False,False,False,False,1,True,90,10,False,False,False,False,,26,4b146d61ab8738ab,train
segment-98a6e4219ed89a83728a,segment-98a6e4219ed89a83728a-candidate-1,"Auffällig ist zudem, dass die LP in der Einstiegs- und  
Erarbeitungsphase keine Begründung der SuSantworten forder",34,14,3,2,1,64,in_scope,1,,,,,1,False,annotation-00001737|annotation-00001738,,,,False,False,False,False,1,True,115,10,False,False,False,False,,34,7b4ac7e6dba86acb,dev
segment-98be4014a33c4156c089,segment-98be4014a33c4156c089-candidate-1,"Dabei kann man darauf eingehen, dass dies ein häufig im   Körper vorkommendes Konzept ist, indem man auf die Oberflächenvergrößerung im   Darm zu sprechen kommt (die Verdauung wird meistens vor dem Blutkreislauf   behandelt).",31,7,3,2,1,25,in_scope,1,,,,,1,False,annotation-00002065|annotation-00002066,,,,False,False,False,False,1,True,225,10,False,False,False,False,,31,6fd026ce8e8388c4,train
segment-98d6e5f8166dca0a9511,segment-98d6e5f8166dca0a9511-candidate-1,"Durch den Alltags- und Lebensweltbezug konnte  
auch die Motivation der SuS gesteigert werden",99,40,3,2,2,24,in_scope,1,,,,,1,False,annotation-00009091|annotation-00009092,,,,False,False,False,False,1,True,93,10,False,False,False,False,,99,cf54d4a96848c26d,test
segment-98de5c7000d1e5e42a05,segment-98de5c7000d1e5e42a05-candidate-1,Hilfskärtchen können nach dem Prinzip des Scaffoldings den Lernprozess binnendifferenziert unterstützen.,173,34,5,1,3,25,in_scope,1,,,,,1,False,annotation-00020459|annotation-00020460,,,,False,False,False,False,1,True,104,10,False,False,False,False,,173,75226cd03392fb89,train
segment-9910c843c20c6a165593,segment-9910c843c20c6a165593-candidate-1,Daraus lässt sich die Überleitung auf den Kompetenzbereich Kommunikation einleiten,184,2,1,1,4,37,in_scope,1,,,,,1,False,annotation-00021469,,,,False,False,False,False,1,True,82,10,False,False,False,False,,184,3faf840a033c018d,train
segment-991612ed2fb2127a23cd,segment-991612ed2fb2127a23cd-candidate-1,"Diese Fragen sollten dann in der nächsten Stunde  
behandelt werden.",36,33,3,2,1,46,in_scope,1,,,,,1,False,annotation-00001459|annotation-00001460,,,,False,False,False,False,1,True,68,10,False,False,False,False,,36,fd1a055c1ca13050,test
segment-994b5cd7dd1630da924d,segment-994b5cd7dd1630da924d-candidate-1,"Allerdings sehe ich dieses Vorgehen  
problematisch",41,54,3,2,1,68,in_scope,1,,,,,1,False,annotation-00000948|annotation-00000949,,,,False,False,False,False,1,True,51,10,False,False,False,False,,41,ed2e1db7eb20f852,train
segment-996728cc9fc9a82274e3,segment-996728cc9fc9a82274e3-candidate-1,"Trotzdem  
könnte die Lehrperson die Schüler auch nur dann drannehmen, wenn sich diese  
melden",223,54,3,2,4,16,in_scope,1,,,,,1,False,annotation-00022032|annotation-00022033,,,,False,False,False,False,1,True,95,10,False,False,False,False,,223,ed2e1db7eb20f852,train
segment-9968de18e776d60a3cf0,segment-9968de18e776d60a3cf0-candidate-1,"Dadurch kann eine Grundlage zur Lernbereitschaft hergestellt werden (vgl. Stangl, W. (2011). Lernen. https://arbeitsblaetter.stangltaller.at/MOTIVATION/Lernmotivation.shtml. (03.07.2021))",123,2,1,1,3,11,in_scope,1,,,,,1,False,annotation-00017138,,,,False,False,False,False,1,True,187,10,False,False,False,False,,123,3faf840a033c018d,train
segment-996b9e15162ab0acb245,segment-996b9e15162ab0acb245-candidate-1,"Wäre das im Vorfeld bekannt gewesen, hätte man für diese Schülerinnen   entsprechendes Material auf Englisch vorbereiten können, damit sie größtenteils   ohne Hilfe den Stoff verstehen.",90,7,3,2,2,118,in_scope,1,,,,,1,False,annotation-00010666|annotation-00010667,,,,False,False,False,False,1,True,185,10,False,False,False,False,,90,6fd026ce8e8388c4,train
segment-997a56c9af759a9aa198,segment-997a56c9af759a9aa198-candidate-1,"Die kognitive Aktivierung empfand ich als sehr gelungen. Dadurch, dass das Beispiel des Traubenzuckers sehr alltagsnah war, war es den Schüler*innen möglich, ihr Vorwissen zu aktivieren, auf die Fragestellung der Lehrperson einzugehen und sich ein erstes Bild darüber zu machen, wie der Blutkreislauf funktioniert.",46,64,4,2,1,1,in_scope,1,,,,,1,False,annotation-00003429,,,,False,False,False,False,1,True,314,10,False,False,False,False,,46,deeae01663df14b2,train
segment-997dcf708569d79a4a60,segment-997dcf708569d79a4a60-candidate-1,"Positiv fielen die Rückmeldungen bezüglich der Motivation aus, was uns persönlich sehr wichtig war.",61,2,1,1,2,68,in_scope,1,,,,,1,False,annotation-00007992,,,,False,False,False,False,1,True,99,10,False,False,False,False,,61,3faf840a033c018d,train
segment-99f623317f359bccd2e0,segment-99f623317f359bccd2e0-candidate-1,"Dies war in diesem Beispiel eine herausfordernde  
Aufgabe, da den Studierenden die Klasse bis zu diesem Zeitpunkt unbekannt war",98,39,3,2,2,7,in_scope,1,,,,,1,False,annotation-00009228|annotation-00009229,,,,False,False,False,False,1,True,128,10,False,False,False,False,,98,8471822e1d4ebecc,train
segment-9a73a9276862c22ebe9f,segment-9a73a9276862c22ebe9f-candidate-1,Die Interaktion mit den SuS gleicht einem Frage-Antwort Spiel,221,40,3,2,4,8,in_scope,1,,,,,1,False,annotation-00022402|annotation-00022403,,,,False,False,False,False,1,True,61,10,False,False,False,False,,221,cf54d4a96848c26d,test
segment-9a76c702761ad4b59646,segment-9a76c702761ad4b59646-candidate-1,"Der Workshop wurde mit einer Präsentation eingeleitet und sollte den Studierenden als informativen Input zu den Speicherorganen dienen, bevor diese dann durch verschiedenen Tools durch die Onlineplattform Moodle vertieft und überprüft wurden",61,2,1,1,2,5,in_scope,1,,,,,1,False,annotation-00007871,,,,False,False,False,False,1,True,241,10,False,False,False,False,,61,3faf840a033c018d,train
segment-9a7d328e163f0da382ce,segment-9a7d328e163f0da382ce-candidate-1,"Auf diesem könnten die  
SchülerInnen die einzelnen durchgeführten Arbeitsschritte festhalten und aufbewahren für  
einen erneuten Einsatz der gleichen Arbeitsschritte bzw. Arbeitsweisen.",91,8,3,2,2,46,in_scope,1,,,,,1,False,annotation-00010365|annotation-00010366,,,,False,False,False,False,1,True,187,10,False,False,False,False,,91,010765bfd40e73e6,train
segment-9a8f89df98b052d41201,segment-9a8f89df98b052d41201-candidate-1,"Das wurde daran bemerkbar, dass die SchülerInnen ruhig waren und sich   mit Wortmeldungen beteiligt haben.",152,7,3,2,3,36,in_scope,1,,,,,1,False,annotation-00018116|annotation-00018117,,,,False,False,False,False,1,True,106,10,False,False,False,False,,152,6fd026ce8e8388c4,train
segment-9aae4e6423204a87a129,segment-9aae4e6423204a87a129-candidate-1,In dieser Stunde wurden reale Objekte zumindest am Anfang mit einbezogen.,24,5,2,2,1,26,in_scope,1,,,,,1,False,annotation-00004014|annotation-00004015,,,,False,False,False,False,1,True,73,10,False,False,False,False,,24,cd38e7c2d4a56e90,train
segment-9ab94123aaed11c07237,segment-9ab94123aaed11c07237-candidate-1,"Somit wurden weder Modelle genutzt,   noch Experimentiert, Mikroskopiert oder Beobachtet",30,3,3,2,1,73,in_scope,1,,,,,1,False,annotation-00002319|annotation-00002320,,,,False,False,False,False,1,True,88,10,False,False,False,False,,30,9efb7a7c3e8b6377,train
segment-9ad298f0f9747fe917ca,segment-9ad298f0f9747fe917ca-candidate-1,"Studien haben ergeben, dass sich positive Verstärkung stärker auf die Motivation auswirkt als negative Verstärkung. Dem zur Folge sollte man die Schülerinnen und Schüler eher fördern und loben (belohnen) als sie zu bestrafen und zu tadeln (hin und wieder natürlich ebenfalls sinnvoll/notwendig). Dadurch werden die Lernenden selbstbewusster und motivierter.",240,47,5,2,4,28,in_scope,1,,,,,1,False,annotation-00028002,,,,False,False,False,False,1,True,357,10,False,False,False,False,,240,5e026b3c944c5d13,train
segment-9ad766a1130048d1d312,segment-9ad766a1130048d1d312-candidate-1,"ür mich wäre es  
jedoch wichtig, dass auf dem Arbeitsblatt eine kleine allgemeine Information zur Fotosynthese  
steht und dann nochmals der Arbeitsauftrag, sodass alle Schüler:innen auf dem gleichen stand  
sind und wissen was zu tun ist",214,10,3,2,4,34,in_scope,1,,,,,1,False,annotation-00023207|annotation-00023208,,,,False,False,False,False,1,True,239,10,False,False,False,False,,214,c98254afde32e9a1,train
segment-9af8fa3fd63bf8d6a6f1,segment-9af8fa3fd63bf8d6a6f1-candidate-1,"Zudem sollten sie den Lehrenden einen groben Überblick über den Kenntnisstand der Lernenden verschaffen. Demselben Zweck diente der zweite Teil des Einstiegs, während dessen die Studierenden „Blitzlichter“ in Form einzelner Stichwörter in den Raum warfen, die dann an der Tafel in Form einer Mind Map gesammelt wurden.",102,4,4,2,2,7,in_scope,1,,,,,1,False,annotation-00011572,,,,False,False,False,False,1,True,318,10,False,False,False,False,,102,734cce279690eadc,test
segment-9b380f7e1612752310df,segment-9b380f7e1612752310df-candidate-1,"Die SchülerInnen würden sich hier zunächst  
in Einzelarbeit Ideen sammeln, welche Faktoren die Fotosyntheserate beeinflussen.",223,54,3,2,4,26,in_scope,1,,,,,1,False,annotation-00022050|annotation-00022051,,,,False,False,False,False,1,True,126,10,False,False,False,False,,223,ed2e1db7eb20f852,train
segment-9b4619d209a7c0bbf543,segment-9b4619d209a7c0bbf543-candidate-1,"Im nächsten Schritt forderte ich die Lernenden auf, gemeinsam die  
Pipetten-Spitzen zu entfernen und vor der Nutzung einer neuen Flüssigkeit, die Spitze  
jeweils zu wechseln",155,14,3,2,3,16,in_scope,1,,,,,1,False,annotation-00017881|annotation-00017882,,,,False,False,False,False,1,True,175,10,False,False,False,False,,155,7b4ac7e6dba86acb,dev
segment-9b592a1b0cbc46d4e2ab,segment-9b592a1b0cbc46d4e2ab-candidate-1,"ch finde die gezielten Nachfragen ebenfalls sinnvoll, hätte in dieser Phase  
allerdings zusätzlich die Klassenkameradinnen und Klassenkameraden Nachfragen stellen  
lassen.",220,39,3,2,4,53,in_scope,1,,,,,1,False,annotation-00022639|annotation-00022640,,,,False,False,False,False,1,True,173,10,False,False,False,False,,220,8471822e1d4ebecc,train
segment-9b9ff34f47651143ebc0,segment-9b9ff34f47651143ebc0-candidate-1,"Es hat den  
Anschein, dass ihr dies von großer Bedeutung ist und in der Unterrichtsstunde im  
Vordergrund stehen soll",223,54,3,2,4,63,in_scope,1,,,,,1,False,annotation-00022116|annotation-00022117,,,,False,False,False,False,1,True,119,10,False,False,False,False,,223,ed2e1db7eb20f852,train
segment-9ba4d5e5928f169635a1,segment-9ba4d5e5928f169635a1-candidate-1,"Dafür müsste diesbezüglich jedoch im Vorfeld eine  
Regel mit der Klasse abgesprochen werden.",223,54,3,2,4,19,in_scope,1,,,,,1,False,annotation-00022038|annotation-00022039,,,,False,False,False,False,1,True,93,10,False,False,False,False,,223,ed2e1db7eb20f852,train
segment-9bb97e3ea73caf14433b,segment-9bb97e3ea73caf14433b-candidate-1,"Auch Regeln, die für die Arbeit  
im Labor befolgt werden müssen, wurden klar und deutlich kommuniziert",98,39,3,2,2,12,in_scope,1,,,,,1,False,annotation-00009237|annotation-00009238,,,,False,False,False,False,1,True,103,10,False,False,False,False,,98,8471822e1d4ebecc,train
segment-9bef1fa6224e6822a225,segment-9bef1fa6224e6822a225-candidate-1,"Es  
kann also durchaus hinterfragt werden, wie nachhaltig die Erkenntnisse aus der vorliegenden  
Unterrichtsstunde sind.",213,8,3,2,4,75,in_scope,1,,,,,1,False,annotation-00023400|annotation-00023401,,,,False,False,False,False,1,True,122,10,False,False,False,False,,213,010765bfd40e73e6,train
segment-9bf77da4a7762ccba7f7,segment-9bf77da4a7762ccba7f7-candidate-1,Trotz des klar kommunizierten Arbeitsauftrag seitens der Lehrkraft hatten sowohl in Durchgang 1 als auch in Durchgang 2 einige Gruppen Schwierigkeiten mit dem Bearbeiten der Aufgaben und dem Heranziehen der Hilfskärtchen.,109,24,5,1,2,21,in_scope,1,,,,,1,False,annotation-00014832|annotation-00015078,,,,False,False,False,False,1,True,221,10,False,False,False,False,,109,e303475eaa710a89,train
segment-9c96915da0bbbdfbafe5,segment-9c96915da0bbbdfbafe5-candidate-1,"Die verwendete Methode Think-Pair-Share, bei der gefragt wurde, wie man vom Blut am Tatort zum Täter kommt (00:04:00-00:06:00), sowie das spielerische Vorgehen zur Erfragung des Vorwissens dienten als erste kognitive Aktivierung der Schüler*innen.",122,57,5,2,2,11,in_scope,1,,,,,1,False,annotation-00016182|annotation-00016183,,,,False,False,False,False,1,True,247,10,False,False,False,False,,122,d1fbfe5e3fb609be,train
segment-9ca5b7d56af2232bab11,segment-9ca5b7d56af2232bab11-candidate-1,"Dabei ist mir positiv aufgefallen, dass sie immer wieder versucht Vorwissen der SuS miteinzubeziehen, wie z.B. die Prozesse bei der Verdauung oder die Zellatmung.",25,20,2,2,1,14,in_scope,1,,,,,1,False,annotation-00004080|annotation-00004081,,,,False,False,False,False,1,True,162,10,False,False,False,False,,25,5257a952b667ebc3,train
segment-9cb355cce613e8c769e6,segment-9cb355cce613e8c769e6-candidate-1,"Besser wäre gewesen, wenn die SchülerInnen den Input davor   bekommen hätten, damit sie das Wissen beim Durchführen bereits haben",90,7,3,2,2,94,in_scope,1,,,,,1,False,annotation-00010613|annotation-00010614,,,,False,False,False,False,1,True,129,10,False,False,False,False,,90,6fd026ce8e8388c4,train
segment-9cb4b4c7107eebae4e98,segment-9cb4b4c7107eebae4e98-candidate-1,"Der Impuls ist sehr offen gestaltet,  wodurch sich viele unterschiedliche Schüler*innen beteiligen können.",40,43,3,2,1,7,in_scope,1,,,,,1,False,annotation-00000741|annotation-00000742,,,,False,False,False,False,1,True,106,10,False,False,False,False,,40,ef200883f78ba4bc,train
segment-9cbe2ae57535c883fc6b,segment-9cbe2ae57535c883fc6b-candidate-1,"Ein weiterer möglicher Grund ist die Einschätzung über das eigene Wissen Janine Mahler Code: jabi27 RUPM SoSe23 
4679957 
3 
oder Können oder das Selbstvertrauen, was Schüler*innen daran hindert, sich im  
Plenum zu melden.",95,27,3,2,2,60,in_scope,1,,,,,1,False,annotation-00009675|annotation-00009676,,,,False,False,False,False,1,True,223,10,False,False,False,False,,95,2b1a36ed00f62e21,train
segment-9cc5a072194ce9532d54,segment-9cc5a072194ce9532d54-candidate-1,"Es war also  
nicht bekannt, inwieweit eine Heterogenität innerhalb der Schulklasse vorliegt",91,8,3,2,2,79,in_scope,1,,,,,1,False,annotation-00010419|annotation-00010420,,,,False,False,False,False,1,True,92,10,False,False,False,False,,91,010765bfd40e73e6,train
segment-9ccdaedfd479e1f03478,segment-9ccdaedfd479e1f03478-candidate-1,"Um nun zielführend in die Ursachenanalyse einzusteigen sei folgendes vorweggesagt: Aus der Subjektivität der Wahrnehmung und der selbstwertbezogenen und damit emotionalen Beziehung zum Analysegegenstand ergibt sich eine besondere Herausforderung im Hinblick auf eine sinnvolle Reflexion, die den Anspruch hegt, Lehr-Lern- Prozesse zu optimieren",138,21,2,1,3,14,in_scope,1,,,,,1,False,annotation-00020310,,,,False,False,False,False,1,True,344,10,False,False,False,False,,138,8153a465245aa4f5,train
segment-9d0ba3b7d52d6b984302,segment-9d0ba3b7d52d6b984302-candidate-1,"Eine erfolgreiche didaktische Rekonstruktion erfordert den Einbezug der Lernerperspektiven,   diesen gab es in der vorliegenden Unterrichtsstunde nicht",91,8,3,2,2,69,in_scope,1,,,,,1,False,annotation-00010401|annotation-00010402,,,,False,False,False,False,1,True,151,10,False,False,False,False,,91,010765bfd40e73e6,train
segment-9d46130416f53099428c,segment-9d46130416f53099428c-candidate-1,Auch das kann hierbei beobachtet werden.,213,8,3,2,4,53,in_scope,1,,,,,1,False,annotation-00023364|annotation-00023365,,,,False,False,False,False,1,True,40,10,False,False,False,False,,213,010765bfd40e73e6,train
segment-9d84dde7aa15888e0cdc,segment-9d84dde7aa15888e0cdc-candidate-1,"Blickt man auf die die 
Workshopleitung sind haben nur 2 von 5 einen Migrationshintergrund.",162,43,3,2,3,17,in_scope,1,,,,,1,False,annotation-00017527|annotation-00017528,,,,False,False,False,False,1,True,91,10,False,False,False,False,,162,ef200883f78ba4bc,train
segment-9db5dee582de2a1bfc19,segment-9db5dee582de2a1bfc19-candidate-1,"Da die Lehrkraft den Mord des  
Wissenschaftlers und die Motive der drei Verdächtigen ansprechend präsentiert hat, konnte 
die Motivation der Schülerinnen und Schüler geweckt werden",89,3,3,2,2,11,in_scope,1,,,,,1,False,annotation-00010684|annotation-00010685,,,,False,False,False,False,1,True,181,10,False,False,False,False,,89,9efb7a7c3e8b6377,train
segment-9db7fc89c2fd4c04a574,segment-9db7fc89c2fd4c04a574-candidate-1,"Eine kurze Diskussion am Ende der Stunde als gemeinsamer Abschluss  
hätte ich angemessen gefunden.",223,54,3,2,4,94,in_scope,1,,,,,1,False,annotation-00022170|annotation-00022171,,,,False,False,False,False,1,True,99,10,False,False,False,False,,223,ed2e1db7eb20f852,train
segment-9dbe2b5bba71fa24319d,segment-9dbe2b5bba71fa24319d-candidate-1,"Die Lehrkraft scheint auch eine  
tolle, angenehme und wertschätzende Lehrerpersönlichkeit zu haben und schafft es,   die Schülerinnen und Schüler für ihren Unterricht zu begeistern und zur Mitarbeit zu  
motivieren.",38,39,3,2,1,74,in_scope,1,,,,,1,False,annotation-00001302|annotation-00001303,,,,False,False,False,False,1,True,216,10,False,False,False,False,,38,8471822e1d4ebecc,train
segment-9dd6ac187bb9316c30da,segment-9dd6ac187bb9316c30da-candidate-1,"Dies ist wichtig, da die 
Lernenden dazu befähigt werden sollen, sich über Naturwissenschaftliche Erkenntnisse sowie 
Forschungsergebnisse sach- und fachgerecht austauschen zu können.",100,43,3,2,2,77,in_scope,1,,,,,1,False,annotation-00008883|annotation-00008884,,,,False,False,False,False,1,True,183,10,False,False,False,False,,100,ef200883f78ba4bc,train
segment-9ddbe08774f3edb1a710,segment-9ddbe08774f3edb1a710-candidate-1,"Dennoch haben die Lernenden einen ersten Eindruck von der Arbeit in  
einem Labor bekommen und es wurde eine Brücke von ihrem, im Biologieunterricht  
erlernten Wissen über die DNA, zur tatsächlichen Anwendung dieses Wissens in  
einem Berufsfeld geschlagen",97,37,3,2,2,62,in_scope,1,,,,,1,False,annotation-00009450|annotation-00009451,,,,False,False,False,False,1,True,257,10,False,False,False,False,,97,03fd173f4e9e83b6,train
segment-9e1fdf6d3d8a06a80f6f,segment-9e1fdf6d3d8a06a80f6f-candidate-1,"Eine Differenzierung finden wir erst, also es zur Erarbeitungsphase ging.",36,33,3,2,1,23,in_scope,1,,,,,1,False,annotation-00001408|annotation-00001409,,,,False,False,False,False,1,True,73,10,False,False,False,False,,36,fd1a055c1ca13050,test
segment-9e951718b81581a6029f,segment-9e951718b81581a6029f-candidate-1,"Den Schüler:innen wurde ausreichend Zeit gegeben, um das  
Pipettieren und Beladen der Übungs-Agarosegele zu üben, wodurch sie gut auf den weiteren  
Verlauf des Workshops vorbereitet waren",92,10,3,2,2,44,in_scope,1,,,,,1,False,annotation-00010170|annotation-00010171,,,,False,False,False,False,1,True,189,10,False,False,False,False,,92,c98254afde32e9a1,train
segment-9eadcde5323b6bb075ad,segment-9eadcde5323b6bb075ad-candidate-1,Die Frage war die gesamte Unterrichtseinheit zu sehen.,58,47,5,2,1,8,in_scope,1,,,,,1,False,annotation-00006816|annotation-00006817,,,,False,False,False,False,1,True,54,10,False,False,False,False,,58,5e026b3c944c5d13,train
segment-9eb497458a46b49944b2,segment-9eb497458a46b49944b2-candidate-1,Im Workshop wurden keine wirklichen naturwissenschaftliche Erkenntnismethoden angewandt,68,9,1,2,2,49,in_scope,1,,,,,1,False,annotation-00011410|annotation-00011411,,,,False,False,False,False,1,True,87,10,False,False,False,False,,68,db87b4c42c40c536,train
segment-9ef3037ec8f20c7b69d4,segment-9ef3037ec8f20c7b69d4-candidate-1,"Die Unruhe entstand vermutlich aufgrund der  
langen konzentrierten Arbeitszeit, ohne ausreichende Pausen.",92,10,3,2,2,61,in_scope,1,,,,,1,False,annotation-00010200,,,,False,False,False,False,1,True,106,10,False,False,False,False,,92,c98254afde32e9a1,train
segment-9f1195642841c2a0e2dc,segment-9f1195642841c2a0e2dc-candidate-1,"Durch ihre gute Klassenführung, deutliche Sprache, fachliche  
Kompetenz und eine sehr gute Arbeitsorganisation erzielte sie ein zielorientiertes Arbeiten und  
Lernen mit den SuS.",39,40,3,2,1,83,in_scope,1,,,,,1,False,annotation-00001165|annotation-00001166,,,,False,False,False,False,1,True,180,10,False,False,False,False,,39,cf54d4a96848c26d,test
segment-9f19d11fc9ec11f112c7,segment-9f19d11fc9ec11f112c7-candidate-1,"Gerade durch die eigenständige Bearbeitung der Texte und dem Austausch der Informationen durch Präsentationen, wurde eine Kommunikation laut dem Bildungsplan durchgeführt.",7,9,1,2,1,40,in_scope,1,,,,,1,False,annotation-00000544|annotation-00000545,,,,False,False,False,False,1,True,171,10,False,False,False,False,,7,db87b4c42c40c536,train
segment-9f422c21a0a08fa9443c,segment-9f422c21a0a08fa9443c-candidate-1,"Die SchülerInnen sollten die Problemstellung selbstständig erarbeiten, wodurch die   Problemlösefähigkeit gefördert wird.",31,7,3,2,1,14,in_scope,1,,,,,1,False,annotation-00002046|annotation-00002047,,,,False,False,False,False,1,True,121,10,False,False,False,False,,31,6fd026ce8e8388c4,train
segment-9f4a4d7838fba7d2618c,segment-9f4a4d7838fba7d2618c-candidate-1,"ch   gehe nicht davon aus, da es einige Meldungen gab, als ich nach Vermutungen   gefragt habe, wer der Täter ist.",152,7,3,2,3,17,in_scope,1,,,,,1,False,annotation-00018074|annotation-00018075,,,,False,False,False,False,1,True,114,10,False,False,False,False,,152,6fd026ce8e8388c4,train
segment-9f716e250bbab2badf81,segment-9f716e250bbab2badf81-candidate-1,"Durch die vorherige Besprechung im Plenum hatte man allerdings das Gefühl, dass die Schüler*innen schon einiges an Vorwissen zum Thema Blutkreislauf, vielleicht auch durch vorherige Stunden angesammelt hatten.",47,6,5,1,1,24,in_scope,1,,,,,1,False,annotation-00006140|annotation-00006141,,,,False,False,False,False,1,True,209,10,False,False,False,False,,47,97ee8f2854716d8e,train
segment-9f8d7c4d41b61e0f1e05,segment-9f8d7c4d41b61e0f1e05-candidate-1,"Vor allem bei der Elisa Sicorello 4682190 
Wiederholung der Arbeitsschritte am Ende wurde ersichtlich, dass die kurzen  
Inputphasen in Kombination mit den Praxisphasen maßgeblich zum Verständnis  
beigetragen haben.",94,16,3,2,2,34,in_scope,1,,,,,1,False,annotation-00009823|annotation-00009824,,,,False,False,False,False,1,True,216,10,False,False,False,False,,94,7c587cc9ab214913,train
segment-9fc1812a86ad084af988,segment-9fc1812a86ad084af988-candidate-1,"Möglich ist aber auch, dass sich die Studierenden in dem Online-Seminar einfach nicht getraut haben, als Erste*r zu antworten oder schlichtweg darauf warteten, dass ein weiterer Kommilitone*in sich meldet, welcher zuerst auf die Frage reagiert. Dass es in einer Online-Lehrveranstaltung schwieriger sein kann in Interaktion mit Lehrenden innerhalb eines Seminars zu treten, konnte bereits in Studien gezeigt werden, die die Online-Lehre mit Studierenden während der Corona Pandemie genauer untersuchten. (vgl. Friedrich-Schiller-Universität Jena, 2020)",186,30,1,1,4,8,in_scope,1,,,,,1,False,annotation-00021332,,,,False,False,False,False,1,True,552,10,False,False,False,False,,186,94dd5be7b479f16e,train
segment-9fdb07bc06391ab18c50,segment-9fdb07bc06391ab18c50-candidate-1,"Dass sich gut geplante Unterrichtseinstiege positiv auf den Verlauf der Unterrichtsstunde  
auswirken, konnte ich bereits in mehreren selbst durchgeführten Unterrichtsstunden 
betrachten",151,3,3,2,3,40,in_scope,1,,,,,1,False,annotation-00018217|annotation-00018218,,,,False,False,False,False,1,True,186,10,False,False,False,False,,151,9efb7a7c3e8b6377,train
segment-a0076aa3e4cceec59cb7,segment-a0076aa3e4cceec59cb7-candidate-1,Dadurch könnte ein noch größeres Interesse der Schüler:innen erreicht werden,92,10,3,2,2,25,in_scope,1,,,,,1,False,annotation-00010131|annotation-00010132,,,,False,False,False,False,1,True,76,10,False,False,False,False,,92,c98254afde32e9a1,train
segment-a079a51752e57fd8f942,segment-a079a51752e57fd8f942-candidate-1,"Dies ist der  
Lehrkraft sehr gut gelungen da dadurch nicht der Unterricht unterbrochen wurde,   wodurch es zu Unruhe hätte kommen können",223,54,3,2,4,47,in_scope,1,,,,,1,False,annotation-00022086|annotation-00022087,,,,False,False,False,False,1,True,137,10,False,False,False,False,,223,ed2e1db7eb20f852,train
segment-a082b1208bf76ed9f286,segment-a082b1208bf76ed9f286-candidate-1,"Trotzdem war hier nicht  
gänzlich ersichtlich, ob der theoretische Input von den Lernenden verstanden wurde,   denn es meldeten sich bei dem Wiederaufgreifen des Inputs durch Fragen nur  
vereinzelt und nahezu dieselben Schüler*innen.",93,14,3,2,2,89,in_scope,1,,,,,1,False,annotation-00010048|annotation-00010049,,,,False,False,False,False,1,True,235,10,False,False,False,False,,93,7b4ac7e6dba86acb,dev
segment-a0b546910bf0f58d6816,segment-a0b546910bf0f58d6816-candidate-1,Die Konsequenzen und Folgen daraus wurden zuvor ja schon beschrieben,240,47,5,2,4,39,in_scope,1,,,,,1,False,annotation-00028024|annotation-00028025,,,,False,False,False,False,1,True,68,10,False,False,False,False,,240,5e026b3c944c5d13,train
segment-a0dd90824fccea50e3b2,segment-a0dd90824fccea50e3b2-candidate-1,"Da DNA negativ geladen ist und ihre Ladung proportional zu ihrer Größe ist, bewegen sie sich in Richtung Anode, werden dabei jedoch von den Reibungskräften gebremst, die umso stärker wirken, je größer das Molekül ist.3 Dieses Wissen war elementar für das Verständnis der Gelelektrophorese und daher essentiell.",120,47,5,2,2,29,in_scope,1,,,,,1,False,annotation-00015876,,,,False,False,False,False,1,True,310,10,False,False,False,False,,120,5e026b3c944c5d13,train
segment-a0f40663efac3841ae34,segment-a0f40663efac3841ae34-candidate-1,"Bei den gebotenen Lernanlässen fand ich die Erstellung einer vorläufigen Zeichnung zu seiner eigenen Vorstellung über den BKL sinnvoll, jedoch merkte man, dass am Ende der Stunde noch sehr viele Fragen offen gewesen waren",8,17,1,2,1,42,in_scope,1,,,,,1,False,annotation-00000610|annotation-00000611,,,,False,False,False,False,1,True,221,10,False,False,False,False,,8,423489dd4b4c0912,train
segment-a102a6978d7b304aa2cb,segment-a102a6978d7b304aa2cb-candidate-1,"Die Lehrkraft gab zwar an, dass sie die Texte bearbeiten sollen, bei denen sie  
am wenigsten Vorwissen haben, jedoch ist die Frage, ob die Schüler und  
Schülerinnen dies schon reflektieren können und ob es nicht sinnvoller wäre, alle Julia Lochmann juma25 
Texte bearbeiten zu lassen.",36,33,3,2,1,27,in_scope,1,,,,,1,False,annotation-00001417|annotation-00001418,,,,False,False,False,False,1,True,286,10,False,False,False,False,,36,fd1a055c1ca13050,test
segment-a1091622cfca9e9053fb,segment-a1091622cfca9e9053fb-candidate-1,"Obwohl sich die Schülerinnen in den Input Phasen in Form von Think-Pair-Share   immer wieder kurz besprechen konnten, waren diese Phasen immer ziemlich  lehrerzentriert.",90,7,3,2,2,98,in_scope,1,,,,,1,False,annotation-00010623|annotation-00010624,,,,False,False,False,False,1,True,169,10,False,False,False,False,,90,6fd026ce8e8388c4,train
segment-a148f57d454c22f1e1a1,segment-a148f57d454c22f1e1a1-candidate-1,"Und als solche sollten sie unbedingt mitberücksichtig werden bei der Planung des Unterrichts, da sie nach Kattmann (2015) Lernhindernisse sein können.",153,8,3,2,3,14,in_scope,1,,,,,1,False,annotation-00018019|annotation-00018020,,,,False,False,False,False,1,True,150,10,False,False,False,False,,153,010765bfd40e73e6,train
segment-a19c7d880648cf249021,segment-a19c7d880648cf249021-candidate-1,"Die Wahl eines Videos zur  
Wissensvermittlung war gut, da die Informationen somit visuell und auditiv vermittelt wurden.",92,10,3,2,2,63,in_scope,1,,,,,1,False,annotation-00010202|annotation-00010203,,,,False,False,False,False,1,True,121,10,False,False,False,False,,92,c98254afde32e9a1,train
segment-a23ccd31d08271ab5295,segment-a23ccd31d08271ab5295-candidate-1,"Wenn man sich an seine Schulzeit zurückerinnert, hatte man doch immer mehr Spaß, wenn man mit Freunden eine Aufgabe bearbeiten durfte als mit Mitschülern die man nicht mochte",181,47,5,2,3,24,in_scope,1,,,,,1,False,annotation-00020923|annotation-00020924,,,,False,False,False,False,1,True,174,10,False,False,False,False,,181,5e026b3c944c5d13,train
segment-a25dc133128f896b3c33,segment-a25dc133128f896b3c33-candidate-1,Fragen durch die Durchführer sollen in beiden Situationen die Studierenden kognitiv aktivieren und einen Lernanlass bieten.,191,17,1,2,4,13,in_scope,1,,,,,1,False,annotation-00024170|annotation-00024171,,,,False,False,False,False,1,True,123,10,False,False,False,False,,191,423489dd4b4c0912,train
segment-a2d0cdc2402ad83dc262,segment-a2d0cdc2402ad83dc262-candidate-1,Die Kommunikationskompetenz wurde in der Stunde gefördert,33,10,3,2,1,65,in_scope,1,,,,,1,False,annotation-00001922|annotation-00001923,,,,False,False,False,False,1,True,57,10,False,False,False,False,,33,c98254afde32e9a1,train
segment-a2e1b71c2c1ce3768386,segment-a2e1b71c2c1ce3768386-candidate-1,"Die Lehrperson teilt sich dabei die Unterstützung an den  
verschiedenen Tischen gleichmäßig auf, sodass meines Erachtens keiner der Tische Daniel Probst RUPM SoSe23 Forschungscode: dake02 
zu kurz kommt. ",215,14,3,2,4,51,in_scope,1,,,,,1,False,annotation-00023094|annotation-00023095,,,,False,False,False,False,1,True,204,10,False,False,False,False,,215,7b4ac7e6dba86acb,dev
segment-a3130c89d68410af3dce,segment-a3130c89d68410af3dce-candidate-1,"Somit fehlt im Verlauf  
der Stunde eine Phase, in welcher die Schülervorstellungen von der Lehrkraft aufgegriffen und  
besprochen werden, sodass mit diesen Vorstellungen in der Stunde gearbeitet werden kann  
und am Ende der Stunde eine Verbesserung bzw. Berichtigung der Vorstellung stattfindet.",33,10,3,2,1,30,in_scope,1,,,,,1,False,annotation-00001859|annotation-00001860,,,,False,False,False,False,1,True,298,10,False,False,False,False,,33,c98254afde32e9a1,train
segment-a3267ce16a717e4b47ae,segment-a3267ce16a717e4b47ae-candidate-1,"Eine Möglichkeit zur Verbesserung dieser Phase könnte sein, dass  
das Workshop-Mitglied die Arbeitsschritte unter Verwendung einer Dokumentenkamera  
durchführt",92,10,3,2,2,39,in_scope,1,,,,,1,False,annotation-00010158|annotation-00010159,,,,False,False,False,False,1,True,161,10,False,False,False,False,,92,c98254afde32e9a1,train
segment-a33483c1e7e8cbecf2a3,segment-a33483c1e7e8cbecf2a3-candidate-1,Zusätzlich ermöglicht es den Schülerinnen und Schüler bei der Planung und Gestaltung des Unterrichts mitzuentscheiden.,230,24,5,1,4,15,in_scope,1,,,,,1,False,annotation-00027608|annotation-00027609,,,,False,False,False,False,1,True,118,10,False,False,False,False,,230,e303475eaa710a89,train
segment-a3b57310083c9fa0c982,segment-a3b57310083c9fa0c982-candidate-1,"Kleine Tipps wurden diesbezüglich gegeben, aber angebrachter wäre eher eine weitläufigere Erklärung",190,9,1,2,4,17,in_scope,1,,,,,1,False,annotation-00024102|annotation-00024103,,,,False,False,False,False,1,True,99,10,False,False,False,False,,190,db87b4c42c40c536,train
segment-a3d5dc5482781d36ac0a,segment-a3d5dc5482781d36ac0a-candidate-1,Die DNA zeigt diese Unterschiedlichkeit.,122,57,5,2,2,62,in_scope,1,,,,,1,False,annotation-00016309|annotation-00016310,,,,False,False,False,False,1,True,40,10,False,False,False,False,,122,d1fbfe5e3fb609be,train
segment-a3d70abff37b05e1cdda,segment-a3d70abff37b05e1cdda-candidate-1,"Durch das geschickte Nachfragen wurden die  
Schüler*innen nicht nur auf themenspezifische Antworten, sondern auch auf andere  
verknüpfbare biologische Konzepte und Erkenntnisse hingeleitet.",215,14,3,2,4,62,in_scope,1,,,,,1,False,annotation-00023118|annotation-00023119,,,,False,False,False,False,1,True,191,10,False,False,False,False,,215,7b4ac7e6dba86acb,dev
segment-a3e4e39a00484769e4ce,segment-a3e4e39a00484769e4ce-candidate-1,"Ratsam wäre es in der Unterrichtsstunde den Umfang (Informationsmenge) zu reduzieren und  
dafür einzelne Aspekte vertieft zu thematisieren.",39,40,3,2,1,76,in_scope,1,,,,,1,False,annotation-00001153|annotation-00001154,,,,False,False,False,False,1,True,140,10,False,False,False,False,,39,cf54d4a96848c26d,test
segment-a43df5bacdef9c812c4d,segment-a43df5bacdef9c812c4d-candidate-1,"Differenzierungsmöglichkeiten habe ich direkt keine beobachten können, lediglich die Aufforderung sich mit den Arbeitsblättern intensiver zu beschäftigen, die Fragen aufwerfen. 
Daher könnte der Unterricht durch verschiedene Differenzierungsmöglichkeiten ergänzt werden.",60,57,5,2,1,16,in_scope,1,,,,,1,False,annotation-00007132|annotation-00007133,,,,False,False,False,False,1,True,270,10,False,False,False,False,,60,d1fbfe5e3fb609be,train
segment-a43ec6e955eede45f26c,segment-a43ec6e955eede45f26c-candidate-1,Alternativ hätte diese Vorwissensabfrage auch ausgelagert werden können oder etwa durch einen Fragebogen ersetzt werden können.,122,57,5,2,2,15,in_scope,1,,,,,1,False,annotation-00016189|annotation-00016190,,,,False,False,False,False,1,True,127,10,False,False,False,False,,122,d1fbfe5e3fb609be,train
segment-a4457e25fa6637ecf254,segment-a4457e25fa6637ecf254-candidate-1,"uch wenn sich viele Antworten der Studierenden im Forum wiederholten – was gleichzeitig ein Kritikpunkt von Seiten der Studierenden an der Gestaltung der Aufgabenstellung war – waren doch einige, sehr differenzierte und spannende Rückmeldungen vorhanden",62,30,1,1,2,45,in_scope,1,,,,,1,False,annotation-00007840,,,,False,False,False,False,1,True,253,10,False,False,False,False,,62,94dd5be7b479f16e,train
segment-a48bd7150753bc7d2d02,segment-a48bd7150753bc7d2d02-candidate-1,Die Stunde wurde in einer 8. Klasse durchgeführt.,7,9,1,2,1,7,in_scope,1,,,,,1,False,annotation-00000463|annotation-00000464,,,,False,False,False,False,1,True,49,10,False,False,False,False,,7,db87b4c42c40c536,train
segment-a49d6b63defc11b80629,segment-a49d6b63defc11b80629-candidate-1,"So gehen den langsamen SuS wichtige Informationen für ein Gesamtverständnis  
verloren",34,14,3,2,1,84,in_scope,1,,,,,1,False,annotation-00001770|annotation-00001771,,,,False,False,False,False,1,True,86,10,False,False,False,False,,34,7b4ac7e6dba86acb,dev
segment-a4a68825fdb9bec212d2,segment-a4a68825fdb9bec212d2-candidate-1,"Auf Grund des Stromausfalls, habe ich anstatt einer PowerPoint-Präsentation die  
Arbeitsschritte kurzgefasst an die Tafel geschrieben.",154,10,3,2,3,18,in_scope,1,,,,,1,False,annotation-00017976|annotation-00017977,,,,False,False,False,False,1,True,135,10,False,False,False,False,,154,c98254afde32e9a1,train
segment-a4cee5e36e94031e921c,segment-a4cee5e36e94031e921c-candidate-1,"Die Schüler:innen überlegen sich selbst eine Problemfragestellung für ihr  
Experiment und formulieren Hypothesen.",214,10,3,2,4,38,in_scope,1,,,,,1,False,annotation-00023213|annotation-00023214,,,,False,False,False,False,1,True,114,10,False,False,False,False,,214,c98254afde32e9a1,train
segment-a4f8affcfa2aa2aae2ef,segment-a4f8affcfa2aa2aae2ef-candidate-1,"Es scheint so, als würde die Lehrerin keinen Wert auf einen strukturierten Tafelanschrieb und eine strukturierte Erklärung zum Arbeitsauftrag legen",208,41,2,2,4,6,in_scope,1,,,,,1,False,annotation-00024949|annotation-00024950,,,,False,False,False,False,1,True,147,10,False,False,False,False,,208,4b146d61ab8738ab,train
segment-a5008b09560a5905df8c,segment-a5008b09560a5905df8c-candidate-1,"Die Verknüpfung zum Beruf „Polizei“ ist den Lehrpersonen  
theoretisch auch sehr gut gelungen, was durch die strukturierte Reihenfolge der  
Fragen deutlich wird.",101,54,3,2,2,5,in_scope,1,,,,,1,False,annotation-00008907|annotation-00008908,,,,False,False,False,False,1,True,162,10,False,False,False,False,,101,ed2e1db7eb20f852,train
segment-a50a02ca862db60dca58,segment-a50a02ca862db60dca58-candidate-1,"Dadurch öffnet sie einen zu großen Themenbereich, in dem sich die  
SchülerInnen noch nicht auskennen",41,54,3,2,1,28,in_scope,1,,,,,1,False,annotation-00000876|annotation-00000877,,,,False,False,False,False,1,True,101,10,False,False,False,False,,41,ed2e1db7eb20f852,train
segment-a5bd7e94c632d6104fc4,segment-a5bd7e94c632d6104fc4-candidate-1,". Diese Kompetenz ist nicht nur für  
das Fachwissen und deren Äußerung von Bedeutung, sondern auch im Alltag im  
Umgang mit anderen Personen.",101,54,3,2,2,24,in_scope,1,,,,,1,False,annotation-00008946|annotation-00008947,,,,False,False,False,False,1,True,143,10,False,False,False,False,,101,ed2e1db7eb20f852,train
segment-a5d3dd476f2d4f679d1a,segment-a5d3dd476f2d4f679d1a-candidate-1,Die beobachtete Unterrichtsstunde bildete die Einführung in die Thematik des Herz-Kreislauf-Systems (HKS).,39,40,3,2,1,2,in_scope,1,,,,,1,False,annotation-00001021|annotation-00001022,,,,False,False,False,False,1,True,106,10,False,False,False,False,,39,cf54d4a96848c26d,test
segment-a6000da5d7379cbd781b,segment-a6000da5d7379cbd781b-candidate-1,"Allgemein kann gesagt werden, dass die Sprache zu Beginn der  
Stunde von Lehrkraft sehr einfach war und ohne Fachbegriffe, diese wurden erst in den  
Arbeitsblättern eingesetzt und dann in der Sicherung sowohl von der Lehrkraft als auch von  
den Schüler:innen verwendet.",33,10,3,2,1,68,in_scope,1,,,,,1,False,annotation-00001928|annotation-00001929,,,,False,False,False,False,1,True,272,10,False,False,False,False,,33,c98254afde32e9a1,train
segment-a6317745ecd7450fd5bd,segment-a6317745ecd7450fd5bd-candidate-1,"Wie zum Beispiel auditive, indem man  
passende Töne während der Geschichte hätte abspielen können.",158,33,3,2,3,10,in_scope,1,,,,,1,False,annotation-00017728|annotation-00017729,,,,False,False,False,False,1,True,99,10,False,False,False,False,,158,fd1a055c1ca13050,test
segment-a643d5c8533d05683e89,segment-a643d5c8533d05683e89-candidate-1,"Die Lehrperson hätte den SchülerInnen möglicherweise einzeln noch  
einmal die Schritte erklären müssen, was für diese deutlich aufwendiger gewesen  
wäre.",101,54,3,2,2,38,in_scope,1,,,,,1,False,annotation-00008967|annotation-00008968,,,,False,False,False,False,1,True,155,10,False,False,False,False,,101,ed2e1db7eb20f852,train
segment-a67064b1d51f7b0fed22,segment-a67064b1d51f7b0fed22-candidate-1,"Nach der Pause folgte eine weitere Inputphase zu den Themenbereichen  
PCR und Gelelektrophorese",95,27,3,2,2,93,in_scope,1,,,,,1,False,annotation-00009725|annotation-00009726,,,,False,False,False,False,1,True,96,10,False,False,False,False,,95,2b1a36ed00f62e21,train
segment-a6dbcbf38c6a322aefcb,segment-a6dbcbf38c6a322aefcb-candidate-1,"Eine  
vereinfachte Darstellung in der PowerPoint-Präsentation half den Schüler:innen, den abstrakt  
wirkenden Inhalt besser zu verstehen.",92,10,3,2,2,96,in_scope,1,,,,,1,False,annotation-00010268|annotation-00010269,,,,False,False,False,False,1,True,139,10,False,False,False,False,,92,c98254afde32e9a1,train
segment-a6f21343819ece31b247,segment-a6f21343819ece31b247-candidate-1,"Im Laufe des Unterrichts schafft die  
Lehrerin ein positives Sozialklima, indem sie wertschätzend und respektvoll mit den  
Schülerinnen und Schülern umgeht.",216,16,3,2,4,14,in_scope,1,,,,,1,False,annotation-00022925|annotation-00022926,,,,False,False,False,False,1,True,158,10,False,False,False,False,,216,7c587cc9ab214913,train
segment-a6f6a4aba2d4bc30fde5,segment-a6f6a4aba2d4bc30fde5-candidate-1,"Zudem sollten im Unterrichtseinstieg ebenfalls die Schülervorstellungen berücksichtigt  
werden. D",213,8,3,2,4,11,in_scope,1,,,,,1,False,annotation-00023292|annotation-00023293,,,,False,False,False,False,1,True,98,10,False,False,False,False,,213,010765bfd40e73e6,train
segment-a7056f7c55ad6abe2a84,segment-a7056f7c55ad6abe2a84-candidate-1,"Da die Klasse Schritt für Schritt sich durch das Thema Julia Lochmann Kürzel: juma25 RUMP 
bzw. die Aufgabenstellung zur Photosynthese durchgearbeitet haben. ",218,33,3,2,4,21,in_scope,1,,,,,1,False,annotation-00022783|annotation-00022784,,,,False,False,False,False,1,True,157,10,False,False,False,False,,218,fd1a055c1ca13050,test
segment-a72dc26ac76b7b809211,segment-a72dc26ac76b7b809211-candidate-1,"In der dritten Videovignette präsentieren die unterschiedlichen Gruppen die Ergebnisse  
ihrer Experimente",213,8,3,2,4,42,in_scope,1,,,,,1,False,annotation-00023347,,,,False,False,False,False,1,True,106,10,False,False,False,False,,213,010765bfd40e73e6,train
segment-a74267dfe7b04b884b1b,segment-a74267dfe7b04b884b1b-candidate-1,"Während der Durchführung des Workshops ist aufgefallen, dass die SchülerInnen   weniger Vorwissen hatten als wir gedacht haben",90,7,3,2,2,37,in_scope,1,,,,,1,False,annotation-00010507|annotation-00010508,,,,False,False,False,False,1,True,126,10,False,False,False,False,,90,6fd026ce8e8388c4,train
segment-a75b97880fd7ed17c0a1,segment-a75b97880fd7ed17c0a1-candidate-1,Vor allem an Stellen bei denen sich ganz klar Alltagsvorstellungen in den Beiträgen herauskristallisiert haben und Schüler*Innen naturwissenschaftliches Nachdenken zeigten „woher weiß der Zucker wo er hin muss?“ etc. wurden Lehr-Lernchancen verpasst.,26,41,2,2,1,18,in_scope,1,,,,,1,False,annotation-00004261|annotation-00004262,,,,False,False,False,False,1,True,250,10,False,False,False,False,,26,4b146d61ab8738ab,train
segment-a75b97ef9388ab223c84,segment-a75b97ef9388ab223c84-candidate-1,"Die Möglichkeit der Differenzierung ist nicht optimal gewählt,  denn alle vier Arbeitsblätter beinhalten Informationen, die wichtig sind für das Verständnis  
des Themas, wodurch den Schüler:innen Informationen verloren gehen, welche sie für das  
Gesamtverständnis des Herz-Kreislauf-System benötigen.",33,10,3,2,1,36,in_scope,1,,,,,1,False,annotation-00001871|annotation-00001872,,,,False,False,False,False,1,True,302,10,False,False,False,False,,33,c98254afde32e9a1,train
segment-a77382d16df7513366a1,segment-a77382d16df7513366a1-candidate-1,"Des Weiteren können die Ergebnisse der einzelnen Gruppen  
miteinander verglichen und diskutiert werden.",223,54,3,2,4,91,in_scope,1,,,,,1,False,annotation-00022164|annotation-00022165,,,,False,False,False,False,1,True,104,10,False,False,False,False,,223,ed2e1db7eb20f852,train
segment-a7c8b9d9c8675a652e72,segment-a7c8b9d9c8675a652e72-candidate-1,"So wurde die Experimentierkompetenz (siehe   unten) gefördert, die für alle naturwissenschaftlichen Bereiche wichtig ist.",212,7,3,2,4,72,in_scope,1,,,,,1,False,annotation-00023527|annotation-00023528,,,,False,False,False,False,1,True,121,10,False,False,False,False,,212,6fd026ce8e8388c4,train
segment-a7d184bcde70208d54bb,segment-a7d184bcde70208d54bb-candidate-1,"Um diesen Unterricht erfolgreich durchzuführen, benötigt es  
ein erfolgreiches Klassenmanagement.",98,39,3,2,2,6,in_scope,1,,,,,1,False,annotation-00009225|annotation-00009226,,,,False,False,False,False,1,True,98,10,False,False,False,False,,98,8471822e1d4ebecc,train
segment-a7eeb24c071f07b759d2,segment-a7eeb24c071f07b759d2-candidate-1,"Durch das Zerlegen des Versuches in kleine Teilschritte 
und Übungen, konnten die Lernenden schnell erste Erfolge erzielen und Vertrauen in  
ihre eigenen Fertigkeiten, mit den Ihnen noch gänzlich unbekanntem  
Laborwerkzeugen, gewinnen.",97,37,3,2,2,55,in_scope,1,,,,,1,False,annotation-00009437|annotation-00009438,,,,False,False,False,False,1,True,237,10,False,False,False,False,,97,03fd173f4e9e83b6,train
segment-a80bdcd1da765601cf93,segment-a80bdcd1da765601cf93-candidate-1,"Durch das Durchführen von  
Experimenten lernen die Schüler*innen, Hypothesen aufzustellen, zu testen und zu  
analysieren.",219,37,3,2,4,9,in_scope,1,,,,,1,False,annotation-00022671|annotation-00022672,,,,False,False,False,False,1,True,123,10,False,False,False,False,,219,03fd173f4e9e83b6,train
segment-a8216422afa47923c520,segment-a8216422afa47923c520-candidate-1,"Der  
Mordfall wurde durch ein Workshop-Mitglied in Form einer Geschichte spannungsvoll  
erzählt.",93,14,3,2,2,12,in_scope,1,,,,,1,False,annotation-00009911|annotation-00009912,,,,False,False,False,False,1,True,98,10,False,False,False,False,,93,7b4ac7e6dba86acb,dev
segment-a85f5b147923f0067579,segment-a85f5b147923f0067579-candidate-1,"Das gesamte Klassenzimmer zu nutzen und nicht nur vorne zu stehen sorgte für eine  
Präsenz der Lehrkraft auch in den hintersten Reihen, wodurch die Störungen  
unterbunden werden konnten.",38,39,3,2,1,50,in_scope,1,,,,,1,False,annotation-00001255|annotation-00001256,,,,False,False,False,False,1,True,188,10,False,False,False,False,,38,8471822e1d4ebecc,train
segment-a8903e9855a0648dc4c1,segment-a8903e9855a0648dc4c1-candidate-1,"Darüber hinaus wird der Einstieg zum Thema Glucose zu keinem  
Zeitpunkt mehr aufgegriffen.",38,39,3,2,1,10,in_scope,1,,,,,1,False,annotation-00001183|annotation-00001184,,,,False,False,False,False,1,True,91,10,False,False,False,False,,38,8471822e1d4ebecc,train
segment-a8a24088bcf7f6ce6886,segment-a8a24088bcf7f6ce6886-candidate-1,"Es findet also eine Differenzierung statt, indem die  
Lehrkraft den Schüler:innen freistellt, welche zwei Arbeitsblätter von insgesamt vier, sie in  
Einzelarbeit bearbeiten wollen.",33,10,3,2,1,34,in_scope,1,,,,,1,False,annotation-00001868|annotation-00001869,,,,False,False,False,False,1,True,182,10,False,False,False,False,,33,c98254afde32e9a1,train
segment-a8ab58bd7d368ced5690,segment-a8ab58bd7d368ced5690-candidate-1,n Bezug zur Relevanz des Themas hätte die Lehrkraft die Thematik in ein übergeordnetes Thema einbetten sollen (Bsp.: Weshalb ist die Fotosynthese für uns Menschen so wichtig?).,225,26,4,2,4,33,in_scope,1,,,,,1,False,annotation-00025313|annotation-00025314,,,,False,False,False,False,1,True,176,10,False,False,False,False,,225,d9e814e2d3def543,train
segment-a8d892d1eec55efd4af2,segment-a8d892d1eec55efd4af2-candidate-1,"Die Ergebnisse  
werden gesammelt, auf einem Whiteboard dargestellt und im Plenum diskutiert.",216,16,3,2,4,55,in_scope,1,,,,,1,False,annotation-00022997|annotation-00022998,,,,False,False,False,False,1,True,93,10,False,False,False,False,,216,7c587cc9ab214913,train
segment-a94a509f5f8215b0f46d,segment-a94a509f5f8215b0f46d-candidate-1,"Für mich  
ist das Interesse somit ebenfalls ein Ziel von Unterricht und damit ein Bestandteil von Bildung.",151,3,3,2,3,34,in_scope,1,,,,,1,False,annotation-00018205|annotation-00018206,,,,False,False,False,False,1,True,107,10,False,False,False,False,,151,9efb7a7c3e8b6377,train
segment-a970b2f32d502054cd0e,segment-a970b2f32d502054cd0e-candidate-1,"Nachdem schlussendlich fünf Testvariablen an der Tafel gesammelt wurden, fuhr die  
Lehrerin mit den Erwartungen und dem Vorgehen für den Rest der Stunde und darüber  
hinaus fort",215,14,3,2,4,20,in_scope,1,,,,,1,False,annotation-00023038|annotation-00023039,,,,False,False,False,False,1,True,179,10,False,False,False,False,,215,7b4ac7e6dba86acb,dev
segment-a980cd663184028175df,segment-a980cd663184028175df-candidate-1,"Eine besondere Motivierungsfähigkeit der Lehrkraft konnte ich leider nicht  
beobachten.",219,37,3,2,4,34,in_scope,1,,,,,1,False,annotation-00022716|annotation-00022717,,,,False,False,False,False,1,True,88,10,False,False,False,False,,219,03fd173f4e9e83b6,train
segment-a99ea78fe0514b2c55cf,segment-a99ea78fe0514b2c55cf-candidate-1,"Dadurch wurde das Interesse der  
Schüler*innen geweckt und ihre Motivation erhöht.",156,16,3,2,3,17,in_scope,1,,,,,1,False,annotation-00017809|annotation-00017810,,,,False,False,False,False,1,True,83,10,False,False,False,False,,156,7c587cc9ab214913,train
segment-a9adf5c144e576b0ff51,segment-a9adf5c144e576b0ff51-candidate-1,Durch die auditiv unterlegte Präsentation konnte das Wissen in mehreren Teilaufgaben gefestigt und geprüft werden.,61,2,1,1,2,61,in_scope,1,,,,,1,False,annotation-00007981,,,,False,False,False,False,1,True,114,10,False,False,False,False,,61,3faf840a033c018d,train
segment-a9d24ad087852f5e8b66,segment-a9d24ad087852f5e8b66-candidate-1,"Insbesondere in der Praxisphase des Experimentierens  
ist das positive Miteinander und der respektvolle Umgang unter den SuS aufgefallen",221,40,3,2,4,75,in_scope,1,,,,,1,False,annotation-00022528|annotation-00022529,,,,False,False,False,False,1,True,137,10,False,False,False,False,,221,cf54d4a96848c26d,test
segment-aa5b1071beeae54c33c9,segment-aa5b1071beeae54c33c9-candidate-1,"Dabei handelt es sich um die Gruppenmitglieder, die über ausreichend  
Vorwissen verfügen und dem Ablauf des Experimentes folgen können.",216,16,3,2,4,38,in_scope,1,,,,,1,False,annotation-00022969|annotation-00022970,,,,False,False,False,False,1,True,136,10,False,False,False,False,,216,7c587cc9ab214913,train
segment-aa6833c58b7a5e9280ef,segment-aa6833c58b7a5e9280ef-candidate-1,"Außerdem sind  
die restlichen Arbeitsmaterialien sehr aufwändig gestaltet, sodass eine alleinige Erarbeitung  
nicht ideal ist und diese Arbeitsblätter unbedingt besprochen werden müssen.",34,14,3,2,1,44,in_scope,1,,,,,1,False,annotation-00001709|annotation-00001710,,,,False,False,False,False,1,True,188,10,False,False,False,False,,34,7b4ac7e6dba86acb,dev
segment-aad5740dbf263b63be1c,segment-aad5740dbf263b63be1c-candidate-1,"Das dies gut geklappt hat erkennt man daran, dass die Schüler:innen  
während der Arbeitsphase öfters vor an die Tafel schauen und den nächsten Schritt laut für die  
Gruppenmitglieder vorlesen",154,10,3,2,3,22,in_scope,1,,,,,1,False,annotation-00017982|annotation-00017983,,,,False,False,False,False,1,True,193,10,False,False,False,False,,154,c98254afde32e9a1,train
segment-aaeff37fecd5b666000e,segment-aaeff37fecd5b666000e-candidate-1,"Durch das Nachfragen, wie viele DNA-Doppelstränge nach  
dem Durchlauf eines Zyklus entstanden sind und der Frage, wofür DNA vermehrt  
werden muss, konnte die Lehrperson sicherstellen, dass diese Quintessenz der PCR  
den Schüler*innen vermittelt wurden",95,27,3,2,2,102,in_scope,1,,,,,1,False,annotation-00009740|annotation-00009741,,,,False,False,False,False,1,True,254,10,False,False,False,False,,95,2b1a36ed00f62e21,train
segment-ab2611e4942d98964efc,segment-ab2611e4942d98964efc-candidate-1,"Durch diese Punkte wird deutlich, dass es nicht unbedingt darauf ankommt einen optimal auf die Arten abgestimmten Bestimmungsschlüssel bereitzustellen, sondern auf bessere Kommunikation der einzelnen Aufgaben und das Erklären der Materialien und des genauen Ziels im Voraus.",172,28,5,1,3,14,in_scope,1,,,,,1,False,annotation-00020801|annotation-00020802,,,,False,False,False,False,1,True,274,10,False,False,False,False,,172,66113b8d0b6fb170,test
segment-ab32cce6a28f81086a5f,segment-ab32cce6a28f81086a5f-candidate-1,"Durch das schrittweise Erklären 
wurde den SchülerInnen dadurch versucht den Berufsalltag der LaborantInnen zu  
vermitteln und eine abwechslungsreiche Unterrichtsstunde dargeboten.",101,54,3,2,2,75,in_scope,1,,,,,1,False,annotation-00009046|annotation-00009047,,,,False,False,False,False,1,True,181,10,False,False,False,False,,101,ed2e1db7eb20f852,train
segment-ab4bb7dc629876c4cd45,segment-ab4bb7dc629876c4cd45-candidate-1,"Die  
eigentliche Lösung eines Problems wird hier aber nicht verlangt und wird somit auch nicht  
gefördert.",34,14,3,2,1,22,in_scope,1,,,,,1,False,annotation-00001663|annotation-00001664,,,,False,False,False,False,1,True,108,10,False,False,False,False,,34,7b4ac7e6dba86acb,dev
segment-ab8a062a867fd44e9a7d,segment-ab8a062a867fd44e9a7d-candidate-1,"Dies hilft den Studierenden den Überblick über die Unterrichtsstunde zu behalten und zu wissen, welche Aspekte auf sie zukommen",103,26,4,2,2,7,in_scope,1,,,,,1,False,annotation-00011719,,,,False,False,False,False,1,True,127,10,False,False,False,False,,103,d9e814e2d3def543,train
segment-ab8bb1156ab29aa5ba21,segment-ab8bb1156ab29aa5ba21-candidate-1,"Die Schüler*innen waren aktive dabei und könnten ihre zuvor 
gewonnen Kenntnisse direkt umsetzen",100,43,3,2,2,55,in_scope,1,,,,,1,False,annotation-00008840|annotation-00008841,,,,False,False,False,False,1,True,96,10,False,False,False,False,,100,ef200883f78ba4bc,train
segment-ab8c99857e4df8300918,segment-ab8c99857e4df8300918-candidate-1,"Die Lehrperson wirkt stets entspannt 
und interagiert mit den Kommiliton*innen.",100,43,3,2,2,82,in_scope,1,,,,,1,False,annotation-00008892|annotation-00008893,,,,False,False,False,False,1,True,79,10,False,False,False,False,,100,ef200883f78ba4bc,train
segment-abd8150a43be247a175b,segment-abd8150a43be247a175b-candidate-1,"Da  
mit dem genetischen Fingerabdruck ein Kriminalfall stark in Verbindung steht, lag der Gedanke  
nah, ein Szenario zu erfinden, das an die Lebenswelt der Jugendlichen anknüpf",160,39,3,2,3,9,in_scope,1,,,,,1,False,annotation-00017652|annotation-00017653,,,,False,False,False,False,1,True,178,10,False,False,False,False,,160,8471822e1d4ebecc,train
segment-ac7d400c863f01cb6a95,segment-ac7d400c863f01cb6a95-candidate-1,"In diesem Fall die Auflösung  
des Mordfalles.",97,37,3,2,2,46,in_scope,1,,,,,1,False,annotation-00009422|annotation-00009423,,,,False,False,False,False,1,True,46,10,False,False,False,False,,97,03fd173f4e9e83b6,train
segment-ac88874f84c532bb5416,segment-ac88874f84c532bb5416-candidate-1,"Insgesamt konnte  
man nur indirekt den Bezug zu biologischen Basiskonzepten erkennen.",36,33,3,2,1,17,in_scope,1,,,,,1,False,annotation-00001396|annotation-00001397,,,,False,False,False,False,1,True,86,10,False,False,False,False,,36,fd1a055c1ca13050,test
segment-ac98152439e05434884d,segment-ac98152439e05434884d-candidate-1,"Auch kann man dieser Stelle anmerken, dass Blut nicht aktiv oder bewusstMarvin Egunjobi 
durch unseren Körper „gepumpt“ sondern, dass dies vom vegetativen Nervensystem 
gesteuert wird und einem Reflex gleicht. ",40,43,3,2,1,37,in_scope,1,,,,,1,False,annotation-00000813|annotation-00000814,,,,False,False,False,False,1,True,209,10,False,False,False,False,,40,ef200883f78ba4bc,train
segment-ad0731401d364a1022b5,segment-ad0731401d364a1022b5-candidate-1,"Es ist anzunehmen, dass in den vorherigen Stunden ein theoretischer Input vorangegangen ist.",229,6,5,1,4,6,in_scope,1,,,,,1,False,annotation-00027306,,,,False,False,False,False,1,True,92,10,False,False,False,False,,229,97ee8f2854716d8e,train
segment-ad2726522c0f41daf075,segment-ad2726522c0f41daf075-candidate-1,"Die  
Schüler*innen konnten den Schritten überwiegend gut folgen und das Gießen im  
Anschluss eigenständig gut umsetzen.",95,27,3,2,2,23,in_scope,1,,,,,1,False,annotation-00009612|annotation-00009613,,,,False,False,False,False,1,True,121,10,False,False,False,False,,95,2b1a36ed00f62e21,train
segment-ad2ed86715fcc864664f,segment-ad2ed86715fcc864664f-candidate-1,"Die Lehrkraft fragt, ob es noch offene Fragen gibt",42,4,4,2,1,32,in_scope,1,,,,,1,False,annotation-00002917|annotation-00002918,,,,False,False,False,False,1,True,50,10,False,False,False,False,,42,734cce279690eadc,test
segment-ad2f4515b1c725436291,segment-ad2f4515b1c725436291-candidate-1,"Zu Beginn der Stunde stand  
das Lehrer-Schüler-Gespräch im Fokus, dies hat sich im Verlauf der Stunde aber zu einer  
Diskussion unter den Schüler:innen entwickelt, bei welcher am Ende der Stunde auch mehr  
Fachsprache zum Einsatz kam",33,10,3,2,1,66,in_scope,1,,,,,1,False,annotation-00001925|annotation-00001926,,,,False,False,False,False,1,True,236,10,False,False,False,False,,33,c98254afde32e9a1,train
segment-ad9fd474665d33392ab1,segment-ad9fd474665d33392ab1-candidate-1,"Auch lag die Information vor, dass die Teilnahme an diesem Freitags-Termin den Studierenden gegenüber als obligatorische Voraussetzung zum Bestehen des Botanik II Seminars, kommuniziert wurde und das Studium an der PH grundsätzlich als Vollzeitstudium zu verstehen ist",77,21,2,1,2,42,in_scope,1,,,,,1,False,annotation-00013422|annotation-00013423,,,,False,False,False,False,1,True,268,10,False,False,False,False,,77,8153a465245aa4f5,train
segment-adc0260b99a41467e218,segment-adc0260b99a41467e218-candidate-1,"Auch der Austausch über die Inhalte der Arbeitsblätter innerhalb einer Gruppe oder in  
Partner*innenarbeit kann die Kommunikationskompetenz fördern.",29,27,3,2,1,72,in_scope,1,,,,,1,False,annotation-00001578|annotation-00001579,,,,False,False,False,False,1,True,149,10,False,False,False,False,,29,2b1a36ed00f62e21,train
segment-adc113f8e01bfc213334,segment-adc113f8e01bfc213334-candidate-1,"Im Zusammenhang mit den Präsentationen ist zudem schade, dass bei den Präsentationen 
häufig jeweils nur ein Gruppenmitglied vorträgt",221,40,3,2,4,54,in_scope,1,,,,,1,False,annotation-00022492|annotation-00022493,,,,False,False,False,False,1,True,133,10,False,False,False,False,,221,cf54d4a96848c26d,test
segment-adf0506b2e6f93787628,segment-adf0506b2e6f93787628-candidate-1,"Außerdem handelte es sich um eine außergewöhnlich fitte und engagierte Klasse,  die sich dessen bewusst war, dass sie gefilmt wird.",219,37,3,2,4,41,in_scope,1,,,,,1,False,annotation-00022728|annotation-00022729,,,,False,False,False,False,1,True,131,10,False,False,False,False,,219,03fd173f4e9e83b6,train
segment-ae2963614153e2d5e02f,segment-ae2963614153e2d5e02f-candidate-1,"Außerdem traute sich einer der Schüler sogar einen gut gemeinten Witz über die  
Lehrerin zu machen, was mich darauf schließen lässt, dass die Klasse trotzdem in  
einem guten Verhältnis zu der Lehrerin steht.",219,37,3,2,4,24,in_scope,1,,,,,1,False,annotation-00022698|annotation-00022699,,,,False,False,False,False,1,True,209,10,False,False,False,False,,219,03fd173f4e9e83b6,train
segment-ae44535c0f2bee96a63a,segment-ae44535c0f2bee96a63a-candidate-1,"nteresse führt bei den  
Lernenden nicht nur dazu, Problemlösungen anzugehen, sondern diese auch häufiger und  
länger durchzuführen.",99,40,3,2,2,14,in_scope,1,,,,,1,False,annotation-00009074|annotation-00009075,,,,False,False,False,False,1,True,133,10,False,False,False,False,,99,cf54d4a96848c26d,test
segment-ae44bdf39b8c244cf7ec,segment-ae44bdf39b8c244cf7ec-candidate-1,"Dennoch ist die  
Entscheidung für das Herz-Kreislauf-System ein Traubenzucker zu nehmen nicht sinnvoll,   denn die SuS könnten eher das Stundenthema in Richtung Energie/Ernährung festlegen, anstatt  
auf das HKS zu kommen",34,14,3,2,1,12,in_scope,1,,,,,1,False,annotation-00001648|annotation-00001649,,,,False,False,False,False,1,True,222,10,False,False,False,False,,34,7b4ac7e6dba86acb,dev
segment-ae991d5c81859a2910d7,segment-ae991d5c81859a2910d7-candidate-1,"Als Schlussfolgerung lässt sich daraus ziehen, dass es Sinn ergeben würde, im Unterricht öfter zu experimentieren",241,51,5,2,4,52,in_scope,1,,,,,1,False,annotation-00028221|annotation-00028222,,,,False,False,False,False,1,True,113,10,False,False,False,False,,241,0e3a4017f81e8c8c,train
segment-aeb43ffc34121da15265,segment-aeb43ffc34121da15265-candidate-1,"Die Studentinnen haben sowohl in Einzel- und  Gruppenarbeit gearbeitet, als auch im Plenum Ergebnisse besprochen und diskutiert",110,28,5,1,2,34,in_scope,1,,,,,1,False,annotation-00014987,,,,False,False,False,False,1,True,127,10,False,False,False,False,,110,66113b8d0b6fb170,test
segment-aec51b94d193f7ead81a,segment-aec51b94d193f7ead81a-candidate-1,"Allem übergeordnet steht die Stundenfrage: „Wodurch wird die  
Fotosyntheserate von Pflanzen beeinflusst?",216,16,3,2,4,8,in_scope,1,,,,,1,False,annotation-00022916|annotation-00022917,,,,False,False,False,False,1,True,105,10,False,False,False,False,,216,7c587cc9ab214913,train
segment-aece1d074216422d5c88,segment-aece1d074216422d5c88-candidate-1,"Aus Sicht der neuropsychologischen Sicht, kann man sich an Dinge besser erinnern,   wenn man diese mit positiven emotionalen Ereignisse verbindet als ohne.",158,33,3,2,3,5,in_scope,1,,,,,1,False,annotation-00017719|annotation-00017720,,,,False,False,False,False,1,True,155,10,False,False,False,False,,158,fd1a055c1ca13050,test
segment-aedc35a24ded22b16786,segment-aedc35a24ded22b16786-candidate-1,"Jeder der drei Workshopdurchführer besucht eine Gruppe in ihrer Teilgruppensitzung, um aufkommende Fragen oder Unklares zu klären.",69,17,1,2,2,19,in_scope,1,,,,,1,False,annotation-00011466|annotation-00011467,,,,False,False,False,False,1,True,130,10,False,False,False,False,,69,423489dd4b4c0912,train
segment-aedc789f635c3026379b,segment-aedc789f635c3026379b-candidate-1,Daraus lassen sich auch soziale Lernmotive ableiten. Zuneigung und Geborgenheit spielen dabei eine bedeutende Rolle,123,2,1,1,3,8,in_scope,1,,,,,1,False,annotation-00017131,,,,False,False,False,False,1,True,115,10,False,False,False,False,,123,3faf840a033c018d,train
segment-aef497bcc1adf6560323,segment-aef497bcc1adf6560323-candidate-1,"Dies könnte die intrinsische Motivation  
steigern und die Qualität der Aufgabenbearbeitung verbessern.",38,39,3,2,1,31,in_scope,1,,,,,1,False,annotation-00001219|annotation-00001220,,,,False,False,False,False,1,True,103,10,False,False,False,False,,38,8471822e1d4ebecc,train
segment-af0665f05665661bb08d,segment-af0665f05665661bb08d-candidate-1,"Dabei müssen die   Schülerinnen und Schüler auf ihr Vorwissen zurückgreifen, da sie diese Faktoren   nicht in dieser Unterrichtsstunde erarbeiten.",212,7,3,2,4,26,in_scope,1,,,,,1,False,annotation-00023444|annotation-00023445,,,,False,False,False,False,1,True,146,10,False,False,False,False,,212,6fd026ce8e8388c4,train
segment-af11bed46fcedc115205,segment-af11bed46fcedc115205-candidate-1,"Die Studierenden sollten in dieser Aufgabe differenziert darauf eingehen, wieso es von Vorteil ist, dass eine Frucht ihrer Wahl bestimmte Merkmale aufweist im Hinblick auf die Art und Weise der Pflanze diese zu verbreiten.",62,30,1,1,2,20,in_scope,1,,,,,1,False,annotation-00007796,,,,False,False,False,False,1,True,222,10,False,False,False,False,,62,94dd5be7b479f16e,train
segment-af13e259b3cae13bd343,segment-af13e259b3cae13bd343-candidate-1,"Während der eben erwähnte Junge im roten Shirt seine 
Ideen ausbreitet, ist im Hintergrund ein Junge zu sehen der mit der Spritze arbeitet (Teil 2 5:20)",209,46,2,2,4,27,in_scope,1,,,,,1,False,annotation-00024458|annotation-00024459,,,,False,False,False,False,1,True,152,10,False,False,False,False,,209,8490512266eabf51,dev
segment-af65aabd7e83276fb537,segment-af65aabd7e83276fb537-candidate-1,"Die SchülerInnen müssen hierbei einen  
Einflussfaktor so abändern, damit die Fotosyntheserate verändert wird.",223,54,3,2,4,2,in_scope,1,,,,,1,False,annotation-00022011|annotation-00022012,,,,False,False,False,False,1,True,110,10,False,False,False,False,,223,ed2e1db7eb20f852,train
segment-afefdd6fe8deb8044bc9,segment-afefdd6fe8deb8044bc9-candidate-1,"Ich finde hierbei jedoch einen anderen Aspekt interessanter, welcher aus meiner Sicht elementar für den Lehrberuf ist.",240,47,5,2,4,8,in_scope,1,,,,,1,False,annotation-00027953|annotation-00027954,,,,False,False,False,False,1,True,118,10,False,False,False,False,,240,5e026b3c944c5d13,train
segment-b033bf528b62703fa6a4,segment-b033bf528b62703fa6a4-candidate-1,"Wenn sie   nicht wissen, wie die Fotosynthese funktioniert können sie auch keine Experimente   planen und durchführen, die die Fotosynthese(rate) von Blättern unter   unterschiedlichen Bedingungen erfassen sollen.",212,7,3,2,4,30,in_scope,1,,,,,1,False,annotation-00023450|annotation-00023451,,,,False,False,False,False,1,True,213,10,False,False,False,False,,212,6fd026ce8e8388c4,train
segment-b07604064a9e7e79c1f8,segment-b07604064a9e7e79c1f8-candidate-1,"Möglicherweise waren die Inhalte des  
Videos zu schwer, zu lang oder es kamen zu viele Aspekte darin vor, die für sie noch  
unbekannt waren",95,27,3,2,2,73,in_scope,1,,,,,1,False,annotation-00009695|annotation-00009696,,,,False,False,False,False,1,True,141,10,False,False,False,False,,95,2b1a36ed00f62e21,train
segment-b15c10467ec1edea369d,segment-b15c10467ec1edea369d-candidate-1,"Auch die Dimension der Bewertung wird durch diese Aspekte aufgegriffen, da der Sachverhalt gemeinsam eingeordnet, das Fachwissen erweitert wird und die SuS somit ihre eigenen sowie die Zeichnungen der Mitschüler*innen bewerten können.",43,26,4,2,1,50,in_scope,1,,,,,1,False,annotation-00003096|annotation-00003097,,,,False,False,False,False,1,True,234,10,False,False,False,False,,43,d9e814e2d3def543,train
segment-b197385d184b630c4afe,segment-b197385d184b630c4afe-candidate-1,"Dadurch ist  
nicht gewährleistet, dass die SchülerInnen zum Zeitpunkt dieser Stunde auf den  
gleichen Kenntnisstand kommen",223,54,3,2,4,12,in_scope,1,,,,,1,False,annotation-00022026|annotation-00022027,,,,False,False,False,False,1,True,124,10,False,False,False,False,,223,ed2e1db7eb20f852,train
segment-b1bedd50c3907d02e613,segment-b1bedd50c3907d02e613-candidate-1,"Die Geschichte wurde lebhaft vorgetragen  
und mit Bildern der Verdächtigen hinterlegt",97,37,3,2,2,40,in_scope,1,,,,,1,False,annotation-00009413|annotation-00009414,,,,False,False,False,False,1,True,86,10,False,False,False,False,,97,03fd173f4e9e83b6,train
segment-b1db575706e78a1ffd2e,segment-b1db575706e78a1ffd2e-candidate-1,"Dadurch wurden Verwirrungen vermieden und das Verständnis  
wurde verbessern.",156,16,3,2,3,13,in_scope,1,,,,,1,False,annotation-00017803|annotation-00017804,,,,False,False,False,False,1,True,77,10,False,False,False,False,,156,7c587cc9ab214913,train
segment-b207bd85512b99d3ff21,segment-b207bd85512b99d3ff21-candidate-1,"Die Schülerinnen und Schüler mussten sich  
innerhalb kürzester Zeit, kurz vor Ende der Stunde, Fragen überlegen, die sie gerne  
beantwortet hätten",38,39,3,2,1,62,in_scope,1,,,,,1,False,annotation-00001278|annotation-00001279,,,,False,False,False,False,1,True,148,10,False,False,False,False,,38,8471822e1d4ebecc,train
segment-b20bc0c86651cd02145a,segment-b20bc0c86651cd02145a-candidate-1,"Dass die SchülerInnen in dieser Unterrichtszeitspanne  
aufmerksam gewesen sein mussten, lässt sich bei den Vermutungen der  
SchülerInnen bei dem möglichen Täter zeigen",101,54,3,2,2,61,in_scope,1,,,,,1,False,annotation-00009016|annotation-00009017,,,,False,False,False,False,1,True,169,10,False,False,False,False,,101,ed2e1db7eb20f852,train
segment-b21fbc9e2a7ff9478a95,segment-b21fbc9e2a7ff9478a95-candidate-1,"Hinzu kommt, dass die anderen Schülerinnen und Schüler sich in dieser Phase nicht  
angesprochen gefühlt haben und deswegen unaufmerksam wurden",38,39,3,2,1,41,in_scope,1,,,,,1,False,annotation-00001240|annotation-00001241,,,,False,False,False,False,1,True,143,10,False,False,False,False,,38,8471822e1d4ebecc,train
segment-b22e6fa4885d3d9f67b7,segment-b22e6fa4885d3d9f67b7-candidate-1,"Aus den verschiedenen Arbeitsblättern aus denen Informationen erfasst werden mussten und mit der eigenen Zeichnung verglichen wurden, zeigte sich auch das Vergleichen als eine Arbeitstechnik",60,57,5,2,1,24,in_scope,1,,,,,1,False,annotation-00007147|annotation-00007148,,,,False,False,False,False,1,True,190,10,False,False,False,False,,60,d1fbfe5e3fb609be,train
segment-b24c41782f34bea133ef,segment-b24c41782f34bea133ef-candidate-1,"Im Vordergrund des Unterrichts stand zum einen, dass die SuS die Funktionsweise der Gelelektrophorese verstehen und diese mithilfe der Anleitung durch die Lehrkraft durchführen können.",119,45,5,2,2,36,in_scope,1,,,,,1,False,annotation-00017027|annotation-00017028,,,,False,False,False,False,1,True,184,10,False,False,False,False,,119,724626082a45fe8a,train
segment-b261eb10c867a68bd4f8,segment-b261eb10c867a68bd4f8-candidate-1,In der Klasse herrscht ein gutes soziales Klima.,90,7,3,2,2,81,in_scope,1,,,,,1,False,annotation-00010589|annotation-00010590,,,,False,False,False,False,1,True,48,10,False,False,False,False,,90,6fd026ce8e8388c4,train
segment-b2b743e184b6b27cdb1a,segment-b2b743e184b6b27cdb1a-candidate-1,"Eine Möglichkeit  
den Einstieg weiter zu optimieren wäre, dass während die Mordgeschichte erzählt wird der  
Raum etwas abgedunkelt wird und eine passende Melodie zur Geschichte im Hintergrund  
läuft.",92,10,3,2,2,23,in_scope,1,,,,,1,False,annotation-00010128|annotation-00010129,,,,False,False,False,False,1,True,202,10,False,False,False,False,,92,c98254afde32e9a1,train
segment-b2f6ad1464a4de568691,segment-b2f6ad1464a4de568691-candidate-1,Dennoch haben einige Schüler:innen hier keine Aufmerksamkeit gezeig,86,41,2,2,2,46,in_scope,1,,,,,1,False,annotation-00013163,,,,False,False,False,False,1,True,67,10,False,False,False,False,,86,4b146d61ab8738ab,train
segment-b30a29dc6d3e139f688f,segment-b30a29dc6d3e139f688f-candidate-1,"Erst während des Workshops stellte sich heraus,

dass die Studierenden das Thema Osmoregulation bei Fischen noch nicht in der Vorlesung behandelten",109,24,5,1,2,37,in_scope,1,,,,,1,False,annotation-00014874|annotation-00015120,,,,False,False,False,False,1,True,147,10,False,False,False,False,,109,e303475eaa710a89,train
segment-b3243d5da7b798fabe42,segment-b3243d5da7b798fabe42-candidate-1,"Um die Aufmerksamkeit der SuS zu gewinnen und das Interesse zu wecken wurde zum  
Unterrichtseinstieg ein fiktiver Mordfall vorgestellt, welchen die SuS mithilfe von  
Molekularbiologie aufdecken sollten.",99,40,3,2,2,11,in_scope,1,,,,,1,False,annotation-00009067|annotation-00009068,,,,False,False,False,False,1,True,204,10,False,False,False,False,,99,cf54d4a96848c26d,test
segment-b3531b8934f5693e8f40,segment-b3531b8934f5693e8f40-candidate-1,"Es wurde darauf geachtet, dass nicht nur der Bestimmungsweg stumpf  abgearbeitet werden muss, sondern eine kognitive Aktivierung stattfindet, welche Pflanze zum Beispiel ge-sucht sein könnte",74,55,2,1,2,85,in_scope,1,,,,,1,False,annotation-00014512|annotation-00014513,,,,False,False,False,False,1,True,190,10,False,False,False,False,,74,45eb80c6912d4c20,dev
segment-b36c4988862766c3f059,segment-b36c4988862766c3f059-candidate-1,"Darüber hinaus  
ist es kontraproduktiv, da die viele SuS wichtige Informationen des Inputs verpassen, zu einem  
späteren Zeitpunkt möglicherweise nachfragen müssen und so der Unterrichtsfluss gestört  
wird.",161,40,3,2,3,10,in_scope,1,,,,,1,False,annotation-00017610|annotation-00017611,,,,False,False,False,False,1,True,209,10,False,False,False,False,,161,cf54d4a96848c26d,test
segment-b391f988151a19a88ef4,segment-b391f988151a19a88ef4-candidate-1,Die Forschungsfrage für die Stunde soll von den SuS formuliert werden,42,4,4,2,1,20,in_scope,1,,,,,1,False,annotation-00002887,,,,False,False,False,False,1,True,69,10,False,False,False,False,,42,734cce279690eadc,test
segment-b396a640219f8c986ce9,segment-b396a640219f8c986ce9-candidate-1,Durch das Domino-Spiel wird der Inhalt kontextualisiert und die Alltagsrelevanz aufgezeigt,191,17,1,2,4,33,in_scope,1,,,,,1,False,annotation-00024216|annotation-00024217,,,,False,False,False,False,1,True,90,10,False,False,False,False,,191,423489dd4b4c0912,train
segment-b3a0a7996a69b06e293f,segment-b3a0a7996a69b06e293f-candidate-1,"Für zukünftige Unterrichtssituationen nehme ich mit, dass ich noch konsequenter und  
souveräner im Klassenzimmer agieren möchte, damit ich nicht meine eigene Autorität  
untergrabe.",161,40,3,2,3,17,in_scope,1,,,,,1,False,annotation-00017622|annotation-00017623,,,,False,False,False,False,1,True,182,10,False,False,False,False,,161,cf54d4a96848c26d,test
segment-b3e93b6558d3541a1655,segment-b3e93b6558d3541a1655-candidate-1,"Dies könnte durch die Methode ""think-pair-share"" erreicht werden.",216,16,3,2,4,25,in_scope,1,,,,,1,False,annotation-00022945|annotation-00022946,,,,False,False,False,False,1,True,65,10,False,False,False,False,,216,7c587cc9ab214913,train
segment-b4076d831ceec99da77e,segment-b4076d831ceec99da77e-candidate-1,"Diese Technik lernte ich in einigen Seminaren, da sich Lehrkräfte somit bewusst werden welche Intension hinter der Frage eigentlich steckt.",191,17,1,2,4,25,in_scope,1,,,,,1,False,annotation-00024197|annotation-00024198,,,,False,False,False,False,1,True,139,10,False,False,False,False,,191,423489dd4b4c0912,train
segment-b442e56c324e8b18d19d,segment-b442e56c324e8b18d19d-candidate-1,"Dieses  
Nachfragen konnte ich auch bezüglich der Präsentation der Ergebnisse beobachten.",220,39,3,2,4,46,in_scope,1,,,,,1,False,annotation-00022626|annotation-00022627,,,,False,False,False,False,1,True,89,10,False,False,False,False,,220,8471822e1d4ebecc,train
segment-b455714ff73b18c0b339,segment-b455714ff73b18c0b339-candidate-1,"Durch das Fehlen der Überleitung hatten die Schüler:innen Schwierigkeiten bei der  
Entwicklung der Problemfrage, denn sie gingen davon aus, dass in der Stunde das Thema 
Energie/Ernährung behandelt wird.",33,10,3,2,1,15,in_scope,1,,,,,1,False,annotation-00001830|annotation-00001831,,,,False,False,False,False,1,True,204,10,False,False,False,False,,33,c98254afde32e9a1,train
segment-b45a9b6513c7a729a2db,segment-b45a9b6513c7a729a2db-candidate-1,"Die eigenständige Anwendung von (molekular-)biologischen Arbeitsweisen trägt im Verlauf der  
gesamten Unterrichtsstunde zur Erkenntnisgewinnung der Schülerinnen und Schüler bei.",89,3,3,2,2,41,in_scope,1,,,,,1,False,annotation-00010738|annotation-00010739,,,,False,False,False,False,1,True,178,10,False,False,False,False,,89,9efb7a7c3e8b6377,train
segment-b46a0e8ca50dbfdec4d2,segment-b46a0e8ca50dbfdec4d2-candidate-1,"Dies stellt eine gute Möglichkeit dar, SchülerInnen mit Lernschwierigkeiten mit den Inhalten nicht zu überfordern",32,8,3,2,1,20,in_scope,1,,,,,1,False,annotation-00001975|annotation-00001976,,,,False,False,False,False,1,True,113,10,False,False,False,False,,32,010765bfd40e73e6,train
segment-b4ae2769dd930ab5d5fd,segment-b4ae2769dd930ab5d5fd-candidate-1,"Durch das Hypothesensammeln am Anfang der Stunde führt die  
Lehrkraft die SchülerInnen in das naturwissenschaftliche Arbeiten ran.",223,54,3,2,4,61,in_scope,1,,,,,1,False,annotation-00022113|annotation-00022114,,,,False,False,False,False,1,True,131,10,False,False,False,False,,223,ed2e1db7eb20f852,train
segment-b5140d0f04ab24013b91,segment-b5140d0f04ab24013b91-candidate-1,". Obwohl die Schülerinnen und  
Schüler ihre Ergebnisse frei präsentieren dürfen, leitet die Lehrkraft die Diskussion insgesamt  
an und gibt unterstützende Rückmeldungen",211,3,3,2,4,57,in_scope,1,,,,,1,False,annotation-00023687|annotation-00023688,,,,False,False,False,False,1,True,170,10,False,False,False,False,,211,9efb7a7c3e8b6377,train
segment-b58026bf1fbc14848b8e,segment-b58026bf1fbc14848b8e-candidate-1,"Ich  
wählte die Möglichkeit, das Ansetzen der PCR mündlich zu erklären.",155,14,3,2,3,9,in_scope,1,,,,,1,False,annotation-00017869|annotation-00017870,,,,False,False,False,False,1,True,72,10,False,False,False,False,,155,7b4ac7e6dba86acb,dev
segment-b58d745c675732fb0c90,segment-b58d745c675732fb0c90-candidate-1,"Ziel der Stunde war es den Schüler*innen, die molekularbiologischen Arbeitsweisen wie z.B. 
pipettieren, Gel-Elektrophorese und ähnliches näherzubringen",100,43,3,2,2,10,in_scope,1,,,,,1,False,annotation-00008747|annotation-00008748,,,,False,False,False,False,1,True,152,10,False,False,False,False,,100,ef200883f78ba4bc,train
segment-b59b7c82732b3da7f9b7,segment-b59b7c82732b3da7f9b7-candidate-1,"Evtl. hat sie das Mädchen aber auch aufgerufen, damit es sich im Präsentieren üben kann,",54,23,5,2,1,59,in_scope,1,,,,,1,False,annotation-00007488,,,,False,False,False,False,1,True,88,10,False,False,False,False,,54,3999525a81ce4095,dev
segment-b600a56eec4ae1084178,segment-b600a56eec4ae1084178-candidate-1,"Hierbei mussten sie die Lehrkräfte beobachten, während diese das Arbeiten mit Pipetten, das Beladen der Taschen im Gelkissen etc. vorstellten und dies nachmachen.",86,41,2,2,2,13,in_scope,1,,,,,1,False,annotation-00013105,,,,False,False,False,False,1,True,162,10,False,False,False,False,,86,4b146d61ab8738ab,train
segment-b606838ec58f3215079f,segment-b606838ec58f3215079f-candidate-1,"Aufgefallen ist mir, dass in der Klasse ein gutes Sozialklima vorhanden zu sein   scheint.",152,7,3,2,3,41,in_scope,1,,,,,1,False,annotation-00018129|annotation-00018130,,,,False,False,False,False,1,True,90,10,False,False,False,False,,152,6fd026ce8e8388c4,train
segment-b60e1b704763d648ede3,segment-b60e1b704763d648ede3-candidate-1,Wir hätten uns jedoch im Vorfeld bei den Lehrkräften informieren können.,181,47,5,2,3,14,in_scope,1,,,,,1,False,annotation-00020895|annotation-00020896,,,,False,False,False,False,1,True,72,10,False,False,False,False,,181,5e026b3c944c5d13,train
segment-b6157846de1e16ba3d33,segment-b6157846de1e16ba3d33-candidate-1,"Während der Experimente ist die LK durch die Reihen zu den Gruppen gelaufen und  
hat durch Rückfragen oder Hilfestellungen unterstützende Rückmeldungen gegeben,   was ebenfalls zur kognitiven Aktivierung gehört und somit positiv angesehen wird",218,33,3,2,4,12,in_scope,1,,,,,1,False,annotation-00022766|annotation-00022767,,,,False,False,False,False,1,True,244,10,False,False,False,False,,218,fd1a055c1ca13050,test
segment-b61be40269f18f529286,segment-b61be40269f18f529286-candidate-1,"Dahingehend haben die betroffenen Studierenden entweder den Abschnitt des Workshops unvollstän-dig gelesen oder aber es wäre notwendig gewesen, eine Abgabeerinnerung in das Forum zu posten",74,55,2,1,2,13,in_scope,1,,,,,1,False,annotation-00014353|annotation-00014354,,,,False,False,False,False,1,True,188,10,False,False,False,False,,74,45eb80c6912d4c20,dev
segment-b6a4918755c7375d6dfd,segment-b6a4918755c7375d6dfd-candidate-1,"Hier ist  
es empfehlenswert die Schritte zuvor mehrmals durchzugehen, dass diese sicher im  
Kopf verankert sind.",95,27,3,2,2,27,in_scope,1,,,,,1,False,annotation-00009618|annotation-00009619,,,,False,False,False,False,1,True,114,10,False,False,False,False,,95,2b1a36ed00f62e21,train
segment-b6c9ded916fdddb73fa2,segment-b6c9ded916fdddb73fa2-candidate-1,"Schüler, die an einem Experiment  
teilnehmen, müssen selbst aktiv werden und sind dadurch dazu angehalten, die  
Thematik auch tatsächlich selbst zu durchdenken.",219,37,3,2,4,7,in_scope,1,,,,,1,False,annotation-00022668|annotation-00022669,,,,False,False,False,False,1,True,162,10,False,False,False,False,,219,03fd173f4e9e83b6,train
segment-b6e7aaea680cd63f174b,segment-b6e7aaea680cd63f174b-candidate-1,Die Studierenden erhalten einen spielerischen Einblick in die Auswertung mit dem Kontext zur Identifizierung bestimmter Personen anhand einer DNA-Analyse,184,2,1,1,4,9,in_scope,1,,,,,1,False,annotation-00021418,,,,False,False,False,False,1,True,153,10,False,False,False,False,,184,3faf840a033c018d,train
segment-b7119cc871c41bad4d54,segment-b7119cc871c41bad4d54-candidate-1,"Gerade, weil ein geringes Vorwissen vorhanden war, hätte man eventuell ein Dominospiel mit diversen Schwiergkeitsgraden erstellen können",190,9,1,2,4,25,in_scope,1,,,,,1,False,annotation-00024122|annotation-00024123,,,,False,False,False,False,1,True,136,10,False,False,False,False,,190,db87b4c42c40c536,train
segment-b74cddfe326ed7d28e3a,segment-b74cddfe326ed7d28e3a-candidate-1,"Die Ergebnisse legen nahe,  dass Lehrkräfte mit Migrationshintergrund eine Vorbildfunktion für Schülerinnen und Schüler 
mit Migrationshintergrund haben.",162,43,3,2,3,24,in_scope,1,,,,,1,False,annotation-00017536|annotation-00017537,,,,False,False,False,False,1,True,153,10,False,False,False,False,,162,ef200883f78ba4bc,train
segment-b7669c25d5058d009d41,segment-b7669c25d5058d009d41-candidate-1,"Durch die Einteilung der Gruppen und teilweise Vorgabe  
der Experimentabläufe wird vermieden, dass die Schülerinnen und Schüler kognitiv Reflexive Unterrichtspraxis SoSe23 Elisa Sicorello  
4682190  Kürzel: ELCO18 
überfordert werden (Roth et al., 2015, S.27)",216,16,3,2,4,34,in_scope,1,,,,,1,False,annotation-00022963|annotation-00022964,,,,False,False,False,False,1,True,260,10,False,False,False,False,,216,7c587cc9ab214913,train
segment-b787d108b11d8b5fcb8c,segment-b787d108b11d8b5fcb8c-candidate-1,"aut des  
Kompetenzmodells zur Erkenntnisgewinnung von Mayer (2007) gibt es dabei vier  
Teilkompetenzen. 1. Die Frage formulieren 2. Hypothesen generieren 3. Experimente  
planen und 4. Daten interpretieren und auswerten",218,33,3,2,4,23,in_scope,1,,,,,1,False,annotation-00022787|annotation-00022788,,,,False,False,False,False,1,True,221,10,False,False,False,False,,218,fd1a055c1ca13050,test
segment-b78dba31cc17f1101f6e,segment-b78dba31cc17f1101f6e-candidate-1,"In den praktischen Phasen konnte beobachtet werden, dass die SchülerInnen den   Erklärungen und der Anleitung der Lehrpersonen gut folgen konnten, und sie haben   die einzelnen Schritte größtenteils ohne Probleme eigenständig durchgeführt.",90,7,3,2,2,74,in_scope,1,,,,,1,False,annotation-00010579|annotation-00010580,,,,False,False,False,False,1,True,239,10,False,False,False,False,,90,6fd026ce8e8388c4,train
segment-b7f6967cdd7337db3e6b,segment-b7f6967cdd7337db3e6b-candidate-1,"Diese  
Kooperation fördert das aktive Lernen, da in der Auseinandersetzung mit vielfältigen  
Meinungen über mehr Alternativen zu entscheiden ist, als beim individuellen Lernen  
oder Frontalunterricht (vgl. Huber, 2015).",158,33,3,2,3,14,in_scope,1,,,,,1,False,annotation-00017737|annotation-00017738,,,,False,False,False,False,1,True,222,10,False,False,False,False,,158,fd1a055c1ca13050,test
segment-b7fd5b3e8d36c996c6d0,segment-b7fd5b3e8d36c996c6d0-candidate-1,"Die  
Arbeitsblätter waren insgesamt sehr textlastig und enthielten sehr viele Informationen,   wodurch sie wenig motivierend für die SuS waren.",39,40,3,2,1,48,in_scope,1,,,,,1,False,annotation-00001104|annotation-00001105,,,,False,False,False,False,1,True,144,10,False,False,False,False,,39,cf54d4a96848c26d,test
segment-b81085344cd5463f7d4c,segment-b81085344cd5463f7d4c-candidate-1,"Hierdurch erfolgt die kognitive Aktivierung der Schüler*innen, die dazu aufgefordert  
wurden, einen Versuch zu Einflussfaktoren auf die Fotosynthese zu planen,   durchzuführen und am Ende zu präsentieren.",217,27,3,2,4,16,in_scope,1,,,,,1,False,annotation-00022823|annotation-00022824,,,,False,False,False,False,1,True,205,10,False,False,False,False,,217,2b1a36ed00f62e21,train
segment-b82e4af50193a62ed1fc,segment-b82e4af50193a62ed1fc-candidate-1,Es wird der Lungen- und Körperkreislauf mit Fokus auf den   Sauerstofftransport thematisiert.,31,7,3,2,1,30,in_scope,1,,,,,1,False,annotation-00002077|annotation-00002078,,,,False,False,False,False,1,True,93,10,False,False,False,False,,31,6fd026ce8e8388c4,train
segment-b844001522528c12bf57,segment-b844001522528c12bf57-candidate-1,"n  
meiner Lehrerinnen-Rolle ist es ein Anliegen für mich, dass die Schülerinnen und Schüler  
Freude am Lernen haben und sie sich für die vermittelten Inhalte begeistern können",151,3,3,2,3,33,in_scope,1,,,,,1,False,annotation-00018203|annotation-00018204,,,,False,False,False,False,1,True,177,10,False,False,False,False,,151,9efb7a7c3e8b6377,train
segment-b845c82468d7968584e2,segment-b845c82468d7968584e2-candidate-1,Dabei lässt die Lehrkraft alle Ideen zu Wort kommen,43,26,4,2,1,21,in_scope,1,,,,,1,False,annotation-00003038,,,,False,False,False,False,1,True,51,10,False,False,False,False,,43,d9e814e2d3def543,train
segment-b867ea41dbf0ce1627ae,segment-b867ea41dbf0ce1627ae-candidate-1,"Dass dieses gelungen ist, kann dadurch bestätigt werden, dass es eine rege  
SchülerInnenbeteiligung gab bei der Frage danach, wer der Täter sein könnte.",91,8,3,2,2,10,in_scope,1,,,,,1,False,annotation-00010302|annotation-00010303,,,,False,False,False,False,1,True,153,10,False,False,False,False,,91,010765bfd40e73e6,train
segment-b88ae6cf887abfb39d83,segment-b88ae6cf887abfb39d83-candidate-1,Dies 	umfasst 	die 	prozessbezogenen 	Kompetenzen Erkenntnisgewinnung und Kommunikation,206,5,2,2,4,57,in_scope,1,,,,,1,False,annotation-00024817,,,,False,False,False,False,1,True,87,10,False,False,False,False,,206,cd38e7c2d4a56e90,train
segment-b8c2f39399896993c097,segment-b8c2f39399896993c097-candidate-1,"Diese wurde von mir in der Rolle als Lehrperson angeleitet. Meine  
Aufgabe bestand darin, die PCR gemeinsam mit den Lernenden anzusetzen",155,14,3,2,3,6,in_scope,1,,,,,1,False,annotation-00017865|annotation-00017866,,,,False,False,False,False,1,True,137,10,False,False,False,False,,155,7b4ac7e6dba86acb,dev
segment-b8ddd04ec409ead7a09a,segment-b8ddd04ec409ead7a09a-candidate-1,"Ein Experiment besteht immer aus den Teilen Problem bzw. beobachtetes Phänomen, Fragestellung, Hypothese, Planung, Durchführung und Datenerhebung, Auswertung der Daten und hierdurch der Bestätigung oder Widerlegung der Hypothese.",208,41,2,2,4,31,in_scope,1,,,,,1,False,annotation-00025004|annotation-00025005,,,,False,False,False,False,1,True,229,10,False,False,False,False,,208,4b146d61ab8738ab,train
segment-b8e599d2670aad5a29f4,segment-b8e599d2670aad5a29f4-candidate-1,"Zudem sieht der Bildungsplan der  
Sekundarstufe 1 im Fach Biologie vor, dass SchülerInnen einen Einblick in Berufe  
bekommen sollen",101,54,3,2,2,79,in_scope,1,,,,,1,False,annotation-00009052|annotation-00009053,,,,False,False,False,False,1,True,133,10,False,False,False,False,,101,ed2e1db7eb20f852,train
segment-b921275b9265782db904,segment-b921275b9265782db904-candidate-1,"Während des Mikroskopierens haben wir Hilfestellung gegeben und Fragen beantwortet. Wir hätten während der Präsentation und am Ende nochmal nach Fragen fragen können, um diese anzustoßen.",79,44,2,1,2,47,in_scope,1,,,,,1,False,annotation-00014211|annotation-00014212,,,,False,False,False,False,1,True,187,10,False,False,False,False,,79,d6edc4c7955d78b1,train
segment-b928901c67c5322385d0,segment-b928901c67c5322385d0-candidate-1,"Viele der SchülerInnen sind meistens  
noch in Gespräche mit ihren NebensitzerInnen und sind dabei nicht konzentriert, wenn die  
Lehrkraft vorne die nächsten Arbeitsschritte erklärt",163,54,3,2,3,5,in_scope,1,,,,,1,False,annotation-00017549|annotation-00017550,,,,False,False,False,False,1,True,182,10,False,False,False,False,,163,ed2e1db7eb20f852,train
segment-b9355d7613527923f304,segment-b9355d7613527923f304-candidate-1,"Fachdidaktisch hat vermutlich die Reduktion auf den 
wesentlichen Kern stattgefunden, damit sich die Schüler*innen die Inhalte aneignen  
können.",29,27,3,2,1,35,in_scope,1,,,,,1,False,annotation-00001515|annotation-00001516,,,,False,False,False,False,1,True,145,10,False,False,False,False,,29,2b1a36ed00f62e21,train
segment-b95c1d80deede8583c29,segment-b95c1d80deede8583c29-candidate-1,"Wäre dieser zu lange, dann könnten einige der SchülerInnen Motivation verlieren  
aufzupassen",223,54,3,2,4,58,in_scope,1,,,,,1,False,annotation-00022110|annotation-00022111,,,,False,False,False,False,1,True,93,10,False,False,False,False,,223,ed2e1db7eb20f852,train
segment-b98129ffd10a679a631e,segment-b98129ffd10a679a631e-candidate-1,Es wird das   Thema als Ganzes eingeführt.,31,7,3,2,1,38,in_scope,1,,,,,1,False,annotation-00002089|annotation-00002090,,,,False,False,False,False,1,True,42,10,False,False,False,False,,31,6fd026ce8e8388c4,train
segment-b9833516365b5f26c22c,segment-b9833516365b5f26c22c-candidate-1,Zur kognitiven Aktivierung wurde wurden gebotene Lernanlässe gegeben,184,2,1,1,4,4,in_scope,1,,,,,1,False,annotation-00021409,,,,False,False,False,False,1,True,68,10,False,False,False,False,,184,3faf840a033c018d,train
segment-b9c0c592d31166b48698,segment-b9c0c592d31166b48698-candidate-1,"Somit  
wurden die drei Dimensionen des naturwissenschaftlichen Arbeitens (learning science,  learning about science und doing science) nach Hodson D, 1993 berücksichtigt.",220,39,3,2,4,40,in_scope,1,,,,,1,False,annotation-00022617|annotation-00022618,,,,False,False,False,False,1,True,171,10,False,False,False,False,,220,8471822e1d4ebecc,train
segment-b9d709d78ae1373a6727,segment-b9d709d78ae1373a6727-candidate-1,"Die unterschiedlichen Aspekte, die auf den Ausdrucken dargestellt waren, sollten den Studierenden verschiedene Bereiche der Gendiagnostik in Erinnerung rufen und somit möglichst viele mentale Anknüpfungspunkte schaffen",102,4,4,2,2,5,in_scope,1,,,,,1,False,annotation-00011569,,,,False,False,False,False,1,True,218,10,False,False,False,False,,102,734cce279690eadc,test
segment-ba00b50c6a9183b53711,segment-ba00b50c6a9183b53711-candidate-1,"Vor diesem Hintergrund ist der gewählte Einstieg ebenfalls gut  
geeignet, da die anschließend durchgeführten Arbeitsschritte schließlich zur Lösung des  
anfangs vorgestellten Problems und damit zur Auflösung des Mordfalls beitragen.",151,3,3,2,3,24,in_scope,1,,,,,1,False,annotation-00018187|annotation-00018188,,,,False,False,False,False,1,True,234,10,False,False,False,False,,151,9efb7a7c3e8b6377,train
segment-ba2a491bde39aff6401b,segment-ba2a491bde39aff6401b-candidate-1,"In diesem Fall wäre es zielführender 
gewesen, wenn die „Expertengruppe“, das bedeutet die Gruppe, die das jeweilige Experiment 
durchgeführt hat, selbst die Fragen beantwortet und sich die Lehrerin etwas zurücknimmt und  
nur „im Notfall einspringt.“",221,40,3,2,4,60,in_scope,1,,,,,1,False,annotation-00022504|annotation-00022505,,,,False,False,False,False,1,True,251,10,False,False,False,False,,221,cf54d4a96848c26d,test
segment-ba385a6be9929775118e,segment-ba385a6be9929775118e-candidate-1,"Man hätte   schwächeren SchülerInnen weiterhin unterstützen können, indem man ihnen das   Material oder eine Fragestellung vorgibt.",212,7,3,2,4,68,in_scope,1,,,,,1,False,annotation-00023518|annotation-00023519,,,,False,False,False,False,1,True,131,10,False,False,False,False,,212,6fd026ce8e8388c4,train
segment-ba3ca8d0880494e7ab95,segment-ba3ca8d0880494e7ab95-candidate-1,"ie Lehrkraft sollte die Beiträge der Lernenden wertschätzen, Ihnen Geduld und Empathie entgegenbringen und konstruktiv mit Fehlern umgehen.",18,21,2,1,1,15,in_scope,1,,,,,1,False,annotation-00005651|annotation-00005652,,,,False,False,False,False,1,True,139,10,False,False,False,False,,18,8153a465245aa4f5,train
segment-ba7d58dc75b99a477001,segment-ba7d58dc75b99a477001-candidate-1,"Ein weiteres Hauptmerkmal in der Erstellung des Workshops war es, die lernenden angemessen kognitiv zu aktivieren",61,2,1,1,2,58,in_scope,1,,,,,1,False,annotation-00007974,,,,False,False,False,False,1,True,113,10,False,False,False,False,,61,3faf840a033c018d,train
segment-ba96e83b17f3f15e06e0,segment-ba96e83b17f3f15e06e0-candidate-1,"Durch das Quizz konnte neben der Aktivierung der Klasse eine Art Lernstandkontrolle erfolgen, dass die Lehrkräfte die Klasse davor nicht kannten, war dies wichtig, um zu sehen, was die Klasse schon weiß, außerdem konnte auf diese Weiße die Klasse theoretisch in Hinblick auf Wissen, welches für den Versuch nötig war, auf einen gleichen Stand gebracht werden",117,23,5,2,2,20,in_scope,1,,,,,1,False,annotation-00016625|annotation-00016626,,,,False,False,False,False,1,True,358,10,False,False,False,False,,117,3999525a81ce4095,dev
segment-bab3710ce93f6f11824f,segment-bab3710ce93f6f11824f-candidate-1,"Es wird zwar ein reales Objekt  
(Dextro-Energy) in den Unterricht integriert, jedoch ist dieses nicht passend gewählt und der  
Zusammenhang ist nicht ersichtlich",33,10,3,2,1,59,in_scope,1,,,,,1,False,annotation-00001912|annotation-00001913,,,,False,False,False,False,1,True,163,10,False,False,False,False,,33,c98254afde32e9a1,train
segment-bab7a52c953bfcc28c56,segment-bab7a52c953bfcc28c56-candidate-1,"Dadurch konnten die Lehrenden individuell auf die Fragen und Bedürfnisse der 
Studierenden eingehen.",184,2,1,1,4,27,in_scope,1,,,,,1,False,annotation-00021447,,,,False,False,False,False,1,True,100,10,False,False,False,False,,184,3faf840a033c018d,train
segment-bac5d41a27c0553b1429,segment-bac5d41a27c0553b1429-candidate-1,Hierbei hätten beispielsweise unterschiedliche Körperpositionen aufgezeigt werden können und sie diese das Thromboserisiko erhöhen können,32,8,3,2,1,39,in_scope,1,,,,,1,False,annotation-00002018|annotation-00002019,,,,False,False,False,False,1,True,137,10,False,False,False,False,,32,010765bfd40e73e6,train
segment-bae178f12bc801f6a179,segment-bae178f12bc801f6a179-candidate-1,"Die Lehrperson  
hatte so die Möglichkeit nochmals Fragen zu stellen, was die jeweiligen Gruppen sich  
bei ihrem Entwurf gedacht haben und so bestand zusätzlich die Möglichkeit, dass  
Mitschüler*innen aus anderen Gruppen nochmals nachfragen konnten",215,14,3,2,4,58,in_scope,1,,,,,1,False,annotation-00023109|annotation-00023110,,,,False,False,False,False,1,True,250,10,False,False,False,False,,215,7b4ac7e6dba86acb,dev
segment-bae2402a7dc82f792534,segment-bae2402a7dc82f792534-candidate-1,"Allerdings  
hätte es hierfür mehr Zeit benötigt.",38,39,3,2,1,60,in_scope,1,,,,,1,False,annotation-00001275|annotation-00001276,,,,False,False,False,False,1,True,49,10,False,False,False,False,,38,8471822e1d4ebecc,train
segment-baf33f2432d82e8ad5c9,segment-baf33f2432d82e8ad5c9-candidate-1,"Eine Möglichkeit, um Fachbegriffe in der Kommunikation zwischen Lernenden zu etablieren, wäre ein Glossar, das mit jeder Unterrichtsstunde aktualisiert wird, um die Fachbegriffe in einem Gesamtzusammenhang benutzen und verstehen zu können",17,59,2,1,1,30,in_scope,1,,,,,1,False,annotation-00005507|annotation-00005508,,,,False,False,False,False,1,True,238,10,False,False,False,False,,17,0546bf8cb93fe335,train
segment-bafc46893f3014d92f3a,segment-bafc46893f3014d92f3a-candidate-1,"Zunächst erfolgte die kognitive  
Aktivierung der Schüler*innen",95,27,3,2,2,52,in_scope,1,,,,,1,False,annotation-00009663|annotation-00009664,,,,False,False,False,False,1,True,63,10,False,False,False,False,,95,2b1a36ed00f62e21,train
segment-bb04f407493b243e05f0,segment-bb04f407493b243e05f0-candidate-1,"Dies lässt sich dadurch begründen, dass die Farbe Rosa nicht gedeutet werden konnte (gleich zu Anfang der Sequenz)",190,9,1,2,4,36,in_scope,1,,,,,1,False,annotation-00024147|annotation-00024148,,,,False,False,False,False,1,True,114,10,False,False,False,False,,190,db87b4c42c40c536,train
segment-bb44dd12ad3ba49dc0df,segment-bb44dd12ad3ba49dc0df-candidate-1,"Somit mussten die Schüler und Schülerinnen sich  
nochmals mit ihren eigenen Ergebnissen auseinandersetzen und diese vielleicht  
auch reflektieren.",36,33,3,2,1,40,in_scope,1,,,,,1,False,annotation-00001445|annotation-00001446,,,,False,False,False,False,1,True,148,10,False,False,False,False,,36,fd1a055c1ca13050,test
segment-bb518a28bfb9da1824fe,segment-bb518a28bfb9da1824fe-candidate-1,"Daraus geht hervor, dass den Kindern der Zusammenhang zwischen den  
einzelnen Teilaspekten des Herz-Kreislauf-Systems noch nicht klar ist und sie teilweise  
große Verständnisprobleme in Hinblick auf den Blutfluss durch das Herz bzw. die  
Unterscheidung des Lungen- und Körperkreislaufs hatten",30,3,3,2,1,44,in_scope,1,,,,,1,False,annotation-00002264|annotation-00002265,,,,False,False,False,False,1,True,295,10,False,False,False,False,,30,9efb7a7c3e8b6377,train
segment-bb919c5a1ed8e2d5cff5,segment-bb919c5a1ed8e2d5cff5-candidate-1,"In der Pause habe ich mitbekommen, wie sich einige über die 
Schwierigkeiten beim Pipettieren, dem Beladen der Taschen, dem richtigen Umgang mit der Pipette (Pipettenspitze nicht vergessen) und dem genauen Arbeiten im Labor unterhalten und somit ausgetauscht haben",86,41,2,2,2,60,in_scope,1,,,,,1,False,annotation-00013189|annotation-00013190,,,,False,False,False,False,1,True,264,10,False,False,False,False,,86,4b146d61ab8738ab,train
segment-bb948ef4109ddcbd8121,segment-bb948ef4109ddcbd8121-candidate-1,"n dieser  
Unterrichtsphase war die Lehrkraft eher „dominant“ und der Unterricht war sehr auf sie  
fokussiert.",221,40,3,2,4,7,in_scope,1,,,,,1,False,annotation-00022400|annotation-00022401,,,,False,False,False,False,1,True,111,10,False,False,False,False,,221,cf54d4a96848c26d,test
segment-bc0351abd54005a314db,segment-bc0351abd54005a314db-candidate-1,"Das Vergleichen klappte bei den meisten, aber nicht allen Gruppen",86,41,2,2,2,19,in_scope,1,,,,,1,False,annotation-00013114,,,,False,False,False,False,1,True,65,10,False,False,False,False,,86,4b146d61ab8738ab,train
segment-bc52a123de8aa447af75,segment-bc52a123de8aa447af75-candidate-1,"Durch den mehrmaligen Austausch von  
den eigenen Ergebnissen mit dem Nebensitzer und Nebensitzerin, wurde zudem die  
Kommunikationsfähigkeit der Schüler und Schülerinnen gestärkt.",36,33,3,2,1,15,in_scope,1,,,,,1,False,annotation-00001393|annotation-00001394,,,,False,False,False,False,1,True,181,10,False,False,False,False,,36,fd1a055c1ca13050,test
segment-bc5e991610bf6456bf30,segment-bc5e991610bf6456bf30-candidate-1,"Des Weiteren wäre es sinnvoll gewesen, ein weiteres Webex-Meeting am Anfang der Woche anzusetzen, um Fragen vorab zur Organisation zu klären",61,2,1,1,2,33,in_scope,1,,,,,1,False,annotation-00007921,,,,False,False,False,False,1,True,140,10,False,False,False,False,,61,3faf840a033c018d,train
segment-bc8fd0df54a87a1bea82,segment-bc8fd0df54a87a1bea82-candidate-1,"onkret geht es darum zu verstehen, wie Traubenzucker in das Gehirn und die Muskeln gelangt.",35,16,3,2,1,6,in_scope,1,,,,,1,False,annotation-00001594|annotation-00001595,,,,False,False,False,False,1,True,91,10,False,False,False,False,,35,7c587cc9ab214913,train
segment-bcef63f964c17c517c06,segment-bcef63f964c17c517c06-candidate-1,"Reale Objekte werden zwar in die Unterrichtsstunde in Form von Dextro  
Energy miteinbezogen, sind aber eher irreführend, denn der Zusammenhang ist nicht 
ersichtlich.",34,14,3,2,1,94,in_scope,1,,,,,1,False,annotation-00001788|annotation-00001789,,,,False,False,False,False,1,True,167,10,False,False,False,False,,34,7b4ac7e6dba86acb,dev
segment-bd50ce7fa455b07e8524,segment-bd50ce7fa455b07e8524-candidate-1,"Diese Zusammenfassung schaffte eine  
Verbindung zwischen dem Anfang und dem Ende der Unterrichtsstunde und sorgte für  
erneute Klarheit und Struktur.",94,16,3,2,2,51,in_scope,1,,,,,1,False,annotation-00009856|annotation-00009857,,,,False,False,False,False,1,True,151,10,False,False,False,False,,94,7c587cc9ab214913,train
segment-bd6fbea311513be49c65,segment-bd6fbea311513be49c65-candidate-1,"In der Sicherungsphase stellen erneut einzelne Schüler:innen ihr Ergebnis vor, wodurch die  
Stundenfrage von den Schüler:innen und nicht von der Lehrkraft beantwortet wird.",33,10,3,2,1,44,in_scope,1,,,,,1,False,annotation-00001882|annotation-00001883,,,,False,False,False,False,1,True,173,10,False,False,False,False,,33,c98254afde32e9a1,train
segment-be052173a9a0734045ca,segment-be052173a9a0734045ca-candidate-1,"Den Einstieg in die Stunde zum HKS gestaltet die Lehrperson, indem sie ein reales Objekt,   nämlich „Dextro Energy“ Traubenzucker mitgebracht hat",34,14,3,2,1,6,in_scope,1,,,,,1,False,annotation-00001639|annotation-00001640,,,,False,False,False,False,1,True,145,10,False,False,False,False,,34,7b4ac7e6dba86acb,dev
segment-be4f37b04330e0851217,segment-be4f37b04330e0851217-candidate-1,In der Unterrichtsstunde selbst wurde keine Bewertung des Sachverhalts durchgeführt.,46,64,4,2,1,25,in_scope,1,,,,,1,False,annotation-00003490|annotation-00003491,,,,False,False,False,False,1,True,84,10,False,False,False,False,,46,deeae01663df14b2,train
segment-be5bfc48a5d42fa5acf3,segment-be5bfc48a5d42fa5acf3-candidate-1,"Außerdem wirkt sich  
das Experimentieren, bzw. das eigenständige Tun positiv auf die Motivation und das Interesse  
der SuS aus",221,40,3,2,4,31,in_scope,1,,,,,1,False,annotation-00022441|annotation-00022442,,,,False,False,False,False,1,True,128,10,False,False,False,False,,221,cf54d4a96848c26d,test
segment-be72de34772ed4cb6571,segment-be72de34772ed4cb6571-candidate-1,"Grundsätzlich ist in der beobachteten Unterrichtstunde aufgefallen, wie aufmerksam und  
konzertiert die SuS gearbeitet haben",221,40,3,2,4,74,in_scope,1,,,,,1,False,annotation-00022525|annotation-00022526,,,,False,False,False,False,1,True,125,10,False,False,False,False,,221,cf54d4a96848c26d,test
segment-bf0138e150240bb298f0,segment-bf0138e150240bb298f0-candidate-1,"Dies zeigt sich auch später in der  
Sicherung.",33,10,3,2,1,38,in_scope,1,,,,,1,False,annotation-00001874|annotation-00001875,,,,False,False,False,False,1,True,47,10,False,False,False,False,,33,c98254afde32e9a1,train
segment-bf849f262e0ede7a407c,segment-bf849f262e0ede7a407c-candidate-1,"Ziel des Unterrichts sollte daher die Weiterentwicklung und Veränderung von  
bestehenden Schülervorstellungen hin zur wissenschaftlichen Perspektive sein",39,40,3,2,1,29,in_scope,1,,,,,1,False,annotation-00001066,,,,False,False,False,False,1,True,154,10,False,False,False,False,,39,cf54d4a96848c26d,test
segment-bf94fdc058e8704fe1b0,segment-bf94fdc058e8704fe1b0-candidate-1,"Hierbei können die Schülerinnen und Schüler erkennen, wo noch Schwierigkeiten vorherrschen, und Erkenntnisse gewinnen, indem sie ihre eigenen Darstellungen erklären und Verbesserungsvorschläge machen.",35,16,3,2,1,16,in_scope,1,,,,,1,False,annotation-00001614|annotation-00001615,,,,False,False,False,False,1,True,200,10,False,False,False,False,,35,7c587cc9ab214913,train
segment-bfc249587a7c46633037,segment-bfc249587a7c46633037-candidate-1,Durch die Interaktion der Studierenden und Lehrenden wurde ein fachgemäßer Austausch gewährleistet,184,2,1,1,4,40,in_scope,1,,,,,1,False,annotation-00021472,,,,False,False,False,False,1,True,98,10,False,False,False,False,,184,3faf840a033c018d,train
segment-bfef34972f91c2161902,segment-bfef34972f91c2161902-candidate-1,"Am Ende nimmt die Lehrkraft dann nochmal Bezug auf den Einstieg. Außerdem ist zu erwähnen, dass zu erkennen ist, dass durch die Verwendung von Fachsprache seitens der Lehrkraft, die SuS diese angenommen und in ihren eigenen Sprachgebrauch übernommen haben.",43,26,4,2,1,60,in_scope,1,,,,,1,False,annotation-00003111|annotation-00003112,,,,False,False,False,False,1,True,256,10,False,False,False,False,,43,d9e814e2d3def543,train
segment-c042795018d50213246b,segment-c042795018d50213246b-candidate-1,"An manchen Stellen konnte beobachtet  
werden, dass das Hintergrundwissen durchaus hilfreich war und die Schüler*innen  
somit auch die einzelnen Schritte besser nachvollziehen konnten.",94,16,3,2,2,26,in_scope,1,,,,,1,False,annotation-00009811|annotation-00009812,,,,False,False,False,False,1,True,185,10,False,False,False,False,,94,7c587cc9ab214913,train
segment-c06ce790b9de6b39d650,segment-c06ce790b9de6b39d650-candidate-1,"Indem die Lehrkraft  
Verbindungen zwischen den Beobachtungen der Schülerinnen und Schüler und der damit  
verbundenen Bedeutung herstellt, wird zudem ein Bezug zu den Basiskonzepten hergestellt.",211,3,3,2,4,52,in_scope,1,,,,,1,False,annotation-00023675|annotation-00023676,,,,False,False,False,False,1,True,195,10,False,False,False,False,,211,9efb7a7c3e8b6377,train
segment-c0b69a0b3e55af597374,segment-c0b69a0b3e55af597374-candidate-1,"Die Korrektheit des Fachwissens wird am Ende der Stunde innerhalb der  
Ergebnissicherung durch die Lehrperson teilweise sichergestellt, indem sie bei der  
Vorstellung der neuen Zeichnungen nach Erklärungen des Ablaufs fragt und sich 
Sachverhalte auch nochmal erklären lässt, wenn sie Unsicherheiten bei Lernenden  
feststellt",29,27,3,2,1,45,in_scope,1,,,,,1,False,annotation-00001530|annotation-00001531,,,,False,False,False,False,1,True,328,10,False,False,False,False,,29,2b1a36ed00f62e21,train
segment-c14ec587440b372afcc7,segment-c14ec587440b372afcc7-candidate-1,"Auch  
für mich als Lehrperson ist es wichtig den Einstieg in eine Unterrichtsstunde sorgfältig zu  
planen, da ich selbst so ebenfalls motivierter bin in die Stunde bzw. eine neue Einheit zu  
starten.",151,3,3,2,3,30,in_scope,1,,,,,1,False,annotation-00018196|annotation-00018197,,,,False,False,False,False,1,True,202,10,False,False,False,False,,151,9efb7a7c3e8b6377,train
segment-c18118e159683b1e28d1,segment-c18118e159683b1e28d1-candidate-1,Die Schüler:innen sollten begreifen dass die Polymerase-Chain-Reaction eine Reaktion ist und keine analytische Methode,86,41,2,2,2,5,in_scope,1,,,,,1,False,annotation-00013087,,,,False,False,False,False,1,True,118,10,False,False,False,False,,86,4b146d61ab8738ab,train
segment-c1a04aea176c71a0acfe,segment-c1a04aea176c71a0acfe-candidate-1,"Obwohl die Lehrkräfte didaktisch reduziert haben, wurden in den Input Phasen sehr viele  
Informationen und neue Fachbegriffe auf einmal vermittelt.",99,40,3,2,2,65,in_scope,1,,,,,1,False,annotation-00009166|annotation-00009167,,,,False,False,False,False,1,True,148,10,False,False,False,False,,99,cf54d4a96848c26d,test
segment-c1ce8feaa987c8609278,segment-c1ce8feaa987c8609278-candidate-1,"Dies könnte dadurch behoben werden, dass im Voraus die jeweiligen Arbeitsphasen besser kommuniziert und direkt anhand der Arbeitsblätter erklärt und demonstriert werden.",110,28,5,1,2,28,in_scope,1,,,,,1,False,annotation-00014974,,,,False,False,False,False,1,True,169,10,False,False,False,False,,110,66113b8d0b6fb170,test
segment-c1de4ec05bc2fc9bc4b8,segment-c1de4ec05bc2fc9bc4b8-candidate-1,"Anschließend führten die  
SchülerInnen die Herstellung des benötigten Agarose-Gels selbstständig durch",91,8,3,2,2,28,in_scope,1,,,,,1,False,annotation-00010335|annotation-00010336,,,,False,False,False,False,1,True,103,10,False,False,False,False,,91,010765bfd40e73e6,train
segment-c2241e42b556fa0b1815,segment-c2241e42b556fa0b1815-candidate-1,"Am Ende der Stunde fand von der Lehrkraft induziert nochmals ein Rückblick auf den  
Einstieg der Stunde statt, womit sie ebenfalls nochmal Raum für Rückfragen  
gegeben hat und eine weitere Vertiefung bzw. Schülerinteresse und Differenzierung  
durch offene Fragen stattfand.",36,33,3,2,1,44,in_scope,1,,,,,1,False,annotation-00001456|annotation-00001457,,,,False,False,False,False,1,True,276,10,False,False,False,False,,36,fd1a055c1ca13050,test
segment-c23dfd906cc4665100e0,segment-c23dfd906cc4665100e0-candidate-1,"Allerdings wirkte das Workshop-Mitglied sehr nervös und verhaspelte sich bei  
der Erklärung der Arbeitsschritte",92,10,3,2,2,73,in_scope,1,,,,,1,False,annotation-00010220|annotation-00010221,,,,False,False,False,False,1,True,112,10,False,False,False,False,,92,c98254afde32e9a1,train
segment-c25137ee6258e3b12e6f,segment-c25137ee6258e3b12e6f-candidate-1,Die Lehrerin fast dabei mündlich nochmal die Vorstellungen zusammen und verbesserte diese gegebenenfalls.,7,9,1,2,1,36,in_scope,1,,,,,1,False,annotation-00000535|annotation-00000536,,,,False,False,False,False,1,True,105,10,False,False,False,False,,7,db87b4c42c40c536,train
segment-c2bb4ad84d6c72828f7c,segment-c2bb4ad84d6c72828f7c-candidate-1,"Durch die kognitive Aktivierung konnte beobachtet werden,   dass die Motivation und das Interesse der Schüler*innen an dem  
Unterrichtsgegenstand geweckt wurde",94,16,3,2,2,19,in_scope,1,,,,,1,False,annotation-00009799|annotation-00009800,,,,False,False,False,False,1,True,160,10,False,False,False,False,,94,7c587cc9ab214913,train
segment-c2e6773f9c50076bd773,segment-c2e6773f9c50076bd773-candidate-1,"Ich habe mich  dann nicht getraut diese Gruppe zu ermahnen, da die Lehrerin dort saß.",152,7,3,2,3,23,in_scope,1,,,,,1,False,annotation-00018092|annotation-00018093,,,,False,False,False,False,1,True,85,10,False,False,False,False,,152,6fd026ce8e8388c4,train
segment-c30fb09d64f53d9c8513,segment-c30fb09d64f53d9c8513-candidate-1,"Dabei wurden sie ermutigt, ihre Ergebnisse und Schlussfolgerungen zu  
begründen.",94,16,3,2,2,54,in_scope,1,,,,,1,False,annotation-00009862|annotation-00009863,,,,False,False,False,False,1,True,81,10,False,False,False,False,,94,7c587cc9ab214913,train
segment-c31ed9586f081a49e2b3,segment-c31ed9586f081a49e2b3-candidate-1,"Die Problemlösekompetenz der SuS wird in dieser Stunde nur 
dahin gehend gefordert, dass sie nach Arbeitsanweisungen den Weg des Blutes im Körper auf  
einem Blatt selbst und ohne andere Hilfsmittel einzeichnen sollen.",34,14,3,2,1,18,in_scope,1,,,,,1,False,annotation-00001657|annotation-00001658,,,,False,False,False,False,1,True,218,10,False,False,False,False,,34,7b4ac7e6dba86acb,dev
segment-c36cf0220d8c914350d0,segment-c36cf0220d8c914350d0-candidate-1,"Durch die freie Wahl der Gruppen besteht ebenfalls die Gefahr, dass sich leistungsschwache und leistungsstarke Gruppen bilden.",120,47,5,2,2,50,in_scope,1,,,,,1,False,annotation-00015927|annotation-00015928,,,,False,False,False,False,1,True,126,10,False,False,False,False,,120,5e026b3c944c5d13,train
segment-c3a9c4ed2294ebad7df3,segment-c3a9c4ed2294ebad7df3-candidate-1,"So können leistungsschwache  
Schüler*innen oder Schüler*innen mit sprachlicher Barriere den Anweisungen  
ebenfalls folgen.",95,27,3,2,2,36,in_scope,1,,,,,1,False,annotation-00009633|annotation-00009634,,,,False,False,False,False,1,True,124,10,False,False,False,False,,95,2b1a36ed00f62e21,train
segment-c403c068ea13fda0c668,segment-c403c068ea13fda0c668-candidate-1,"Dadurch verstanden die SuS relativ schnell, um was es in der Stunde gehen sollte.",8,17,1,2,1,59,in_scope,1,,,,,1,False,annotation-00000668|annotation-00000669,,,,False,False,False,False,1,True,81,10,False,False,False,False,,8,423489dd4b4c0912,train
segment-c41e5c5c3e1adfeff3c0,segment-c41e5c5c3e1adfeff3c0-candidate-1,"Die verbindlichen Bildungsstandards des Kultusministeriums verzeichnen Experimente als  
grundlegendes Verfahren für den Erwerb von Kompetenzen im Bereich  
„Erkenntnisgewinnung“.",221,40,3,2,4,20,in_scope,1,,,,,1,False,annotation-00022423|annotation-00022424,,,,False,False,False,False,1,True,179,10,False,False,False,False,,221,cf54d4a96848c26d,test
segment-c47ef91c90a3e832874e,segment-c47ef91c90a3e832874e-candidate-1,"Möglicherweise könnten Tippkarten oder  
Formulierungshilfen für Forschungsfragen, Hypothesen sowie die Planung und Durchführung  
eines Experiments verwendet werden.",216,16,3,2,4,47,in_scope,1,,,,,1,False,annotation-00022982|annotation-00022983,,,,False,False,False,False,1,True,166,10,False,False,False,False,,216,7c587cc9ab214913,train
segment-c484701be0135b448491,segment-c484701be0135b448491-candidate-1,"Die meisten SuS kennen das Arbeiten im Labor und das Aufklären von Verbrechen  
aus Film und Fernsehen sowie aus Büchern.",99,40,3,2,2,23,in_scope,1,,,,,1,False,annotation-00009088|annotation-00009089,,,,False,False,False,False,1,True,121,10,False,False,False,False,,99,cf54d4a96848c26d,test
segment-c49a877e169f3b4f75b2,segment-c49a877e169f3b4f75b2-candidate-1,"Hier findet die  
Bewertungskompetenz statt, indem sich SchülerInnen zu dem Präsentierten äußern",41,54,3,2,1,52,in_scope,1,,,,,1,False,annotation-00000918|annotation-00000919,,,,False,False,False,False,1,True,96,10,False,False,False,False,,41,ed2e1db7eb20f852,train
segment-c545bcf810d0e093eb5e,segment-c545bcf810d0e093eb5e-candidate-1,"Diese Methode ermöglichte es den Schüler:innen, ihr Wissen aktiv zu aktivieren,   zu ordnen und zu verknüpfen, indem sie in Kleingruppen zusammenarbeiteten und sich  
austauschten.",92,10,3,2,2,54,in_scope,1,,,,,1,False,annotation-00010188|annotation-00010189,,,,False,False,False,False,1,True,180,10,False,False,False,False,,92,c98254afde32e9a1,train
segment-c5636d17e39056c8bb5b,segment-c5636d17e39056c8bb5b-candidate-1,Jedoch wurden diese durch die vorgegebene Skizze etwas eingeschränkt.,24,5,2,2,1,39,in_scope,1,,,,,1,False,annotation-00004044|annotation-00004045,,,,False,False,False,False,1,True,69,10,False,False,False,False,,24,cd38e7c2d4a56e90,train
segment-c5e135c5975baa9df8c2,segment-c5e135c5975baa9df8c2-candidate-1,"Neben der Vorbereitung verlief auch das Gießen der Gele  
überwiegend ohne Probleme, was ebenfalls darauf schließen lässt, dass die Erklärung  
zum Ablauf strukturiert und für die Schüler*innen nachvollziehbar erfolgte",157,27,3,2,3,6,in_scope,1,,,,,1,False,annotation-00017755|annotation-00017756,,,,False,False,False,False,1,True,218,10,False,False,False,False,,157,2b1a36ed00f62e21,train
segment-c5e20606499b6bfec959,segment-c5e20606499b6bfec959-candidate-1,"Die einzelnen Teilaspekte, wie beispielsweise der Aufbau des  
Herzens oder der Blutbahnen hätte in vorangegangenen Unterrichtsstunden vertieft behandelt  
werden können.",39,40,3,2,1,60,in_scope,1,,,,,1,False,annotation-00001126|annotation-00001127,,,,False,False,False,False,1,True,170,10,False,False,False,False,,39,cf54d4a96848c26d,test
segment-c5f22017991464ebf02c,segment-c5f22017991464ebf02c-candidate-1,"Um hier Dopplungen und Streitigkeiten  
zu vermeiden, bietet sich hier natürlich aus meiner Sicht die Möglichkeit, die Themen  
zuzulosen oder sie als Lehrperson zu vergeben",215,14,3,2,4,45,in_scope,1,,,,,1,False,annotation-00023082|annotation-00023083,,,,False,False,False,False,1,True,173,10,False,False,False,False,,215,7b4ac7e6dba86acb,dev
segment-c60ee189b58b123252c8,segment-c60ee189b58b123252c8-candidate-1,"Da die Schülerinnen und Schüler aber in Gruppen gearbeitet   haben konnten sie sich gegenseitig unterstützen und so wurde über die soziale   Kooperation differenziert (Vgl. Labudde, 2019, pp. 214, 218)",212,7,3,2,4,65,in_scope,1,,,,,1,False,annotation-00023515|annotation-00023516,,,,False,False,False,False,1,True,201,10,False,False,False,False,,212,6fd026ce8e8388c4,train
segment-c63ae327f24c7f009f49,segment-c63ae327f24c7f009f49-candidate-1,"Unsere Autorität wurde untergraben, was die Gefahr hatte, dass die   SchülerInnen nicht auf unsere Anweisungen hören und uns generell nicht ernst   nehmen",152,7,3,2,3,33,in_scope,1,,,,,1,False,annotation-00018110|annotation-00018111,,,,False,False,False,False,1,True,154,10,False,False,False,False,,152,6fd026ce8e8388c4,train
segment-c655f3903b36615ad398,segment-c655f3903b36615ad398-candidate-1,"Für den Fall, dass die  
Schritte unabhängig von der gegeben Situation noch nicht klar im Kopf verankert  
waren, ist es empfehlenswert, die Unterrichtsstunde mitsamt aller Abläufe vor dem  
Workshop mehrmals durchzugehen, wodurch es zur Festigung dieser kommt",157,27,3,2,3,16,in_scope,1,,,,,1,False,annotation-00017776|annotation-00017777,,,,False,False,False,False,1,True,260,10,False,False,False,False,,157,2b1a36ed00f62e21,train
segment-c69d9c43db630e35415f,segment-c69d9c43db630e35415f-candidate-1,"Dadurch konnten sie ihr erworbenes Wissen erneut  
wiederholen und vertiefen, während gleichzeitig ihre kritischen Denkfähigkeiten  
gefördert wurden.",94,16,3,2,2,60,in_scope,1,,,,,1,False,annotation-00009875|annotation-00009876,,,,False,False,False,False,1,True,150,10,False,False,False,False,,94,7c587cc9ab214913,train
segment-c6a440f820c266c68195,segment-c6a440f820c266c68195-candidate-1,"Ein  
weiterer Grund kann in er besonderen Herausforderung der unbekannten Klasse und Janine Mahler Code: jabi27 RUPM SoSe23 
4679957 
des anspruchsvolleren Unterrichts im Labor zu finden sein",157,27,3,2,3,14,in_scope,1,,,,,1,False,annotation-00017773|annotation-00017774,,,,False,False,False,False,1,True,192,10,False,False,False,False,,157,2b1a36ed00f62e21,train
segment-c6a9fbe95c9685915f84,segment-c6a9fbe95c9685915f84-candidate-1,"Dies fördert das kritische Denken, die Beobachtungsgabe sowie die  
Problemlösungsfähigkeiten.",219,37,3,2,4,11,in_scope,1,,,,,1,False,annotation-00022674|annotation-00022675,,,,False,False,False,False,1,True,94,10,False,False,False,False,,219,03fd173f4e9e83b6,train
segment-c6ab6cda1aab7f5a70a1,segment-c6ab6cda1aab7f5a70a1-candidate-1,"Die Studierenden mussten als abschließende Aufgabe noch eine Zeichnung ihrer mikroskopierten Blattober- oder Unterseite zeichnen. Zudem wäre es noch anschaulicher gewesen eventuell noch ein dreidimensionales Blattmodell dabei zu haben, um bestimmte Struktur-Funktionszusammenhänge noch genauer zu erklären.",79,44,2,1,2,39,in_scope,1,,,,,1,False,annotation-00014195|annotation-00014196,,,,False,False,False,False,1,True,306,10,False,False,False,False,,79,d6edc4c7955d78b1,train
segment-c6e4b7de41c5ed6635be,segment-c6e4b7de41c5ed6635be-candidate-1,"Die Sicherstellung  
der effektiven Zeitnutzung wurde durch vorab geplante Arbeits- und Zeitschritte gewährleistet  
und sind durch einen Tafelaufschrieb auch während der gesamten Unterrichtsstunde für die  
Schülerinnen und Schüler erkennbar",98,39,3,2,2,14,in_scope,1,,,,,1,False,annotation-00009240|annotation-00009241,,,,False,False,False,False,1,True,242,10,False,False,False,False,,98,8471822e1d4ebecc,train
segment-c72b560ce7d2630c4ded,segment-c72b560ce7d2630c4ded-candidate-1,"Eine Reflexion mit den Schüler*innen direkt nach der Erkenntnisgewinnung könnte einen bedeutsamen Einblick in das Verständnis und mögliche noch bestehende Fehlvorstellungen geben und somit einen guten Ansatzpunkt darstellen, um auf diese einzugehen",231,28,5,1,4,12,in_scope,1,,,,,1,False,annotation-00027709|annotation-00027710,,,,False,False,False,False,1,True,248,10,False,False,False,False,,231,66113b8d0b6fb170,test
segment-c740f937f2a650a140a0,segment-c740f937f2a650a140a0-candidate-1,"Bei der   Präsentation der Ergebnisse konnte man außerdem gut den respektvollen Umgang  sehen: es war ruhig, die Lernenden haben sich gegenseitig zugehört und sich nicht   gegenseitig unterbrochen.",212,7,3,2,4,17,in_scope,1,,,,,1,False,annotation-00023428|annotation-00023429,,,,False,False,False,False,1,True,197,10,False,False,False,False,,212,6fd026ce8e8388c4,train
segment-c7569fa1336002a8d4ef,segment-c7569fa1336002a8d4ef-candidate-1,"Auch hat die Lehrerin verschieden Blätter als Unterrichtsmaterial 
dabei, was sie gekonnt als Hilfestellung für die SuS einsetzt.",222,43,3,2,4,19,in_scope,1,,,,,1,False,annotation-00022204|annotation-00022205,,,,False,False,False,False,1,True,129,10,False,False,False,False,,222,ef200883f78ba4bc,train
segment-c79224bfbf0cfbe53939,segment-c79224bfbf0cfbe53939-candidate-1,"Ab und zu waren die einzelnen Schritte nicht prägnant und klar genug formuliert,   aber durch ein kurzes Widerholen der einzelnen Schritte konnten alle Unklarheiten   schnell beseitigt werden.",90,7,3,2,2,76,in_scope,1,,,,,1,False,annotation-00010582|annotation-00010583,,,,False,False,False,False,1,True,192,10,False,False,False,False,,90,6fd026ce8e8388c4,train
segment-c7df987e30602504ee1c,segment-c7df987e30602504ee1c-candidate-1,Durch das Anknüpfen an das vorrausgehende Thema Zellatmung wurde die Verknüpfung der Organisationsebenen bis zum Herz und der Lunge geschaffen.,47,6,5,1,1,12,in_scope,1,,,,,1,False,annotation-00006114|annotation-00006115,,,,False,False,False,False,1,True,143,10,False,False,False,False,,47,97ee8f2854716d8e,train
segment-c7f0e6e91ff76ba5578b,segment-c7f0e6e91ff76ba5578b-candidate-1,"Hier wurde der Inhalt nicht elementarisiert und   nur auf die für das Fach und die Lernenden elementaren Sachverhalte reduziert (Vgl.   Lehner, 2020, p. 16), sondern im Gegenteil sogar eher vertieft.",212,7,3,2,4,52,in_scope,1,,,,,1,False,annotation-00023491|annotation-00023492,,,,False,False,False,False,1,True,199,10,False,False,False,False,,212,6fd026ce8e8388c4,train
segment-c7f596baed62803d3e01,segment-c7f596baed62803d3e01-candidate-1,"Positiv anzumerken  
ist, dass sich bereits zu Beginn des Workshops ein positives Sozialklima und ein  
respektvoller Umgang miteinander zu beobachten war, sodass gute Bedingungen für  
erfolgreiches und langfristiges Lernen der Schüler*innen gegeben waren.",95,27,3,2,2,16,in_scope,1,,,,,1,False,annotation-00009597|annotation-00009598,,,,False,False,False,False,1,True,257,10,False,False,False,False,,95,2b1a36ed00f62e21,train
segment-c8779ec9fdf5ed39bd84,segment-c8779ec9fdf5ed39bd84-candidate-1,Um die fachwissen-,150,61,2,2,3,29,in_scope,1,,,,,1,False,annotation-00018886|annotation-00018887,,,,False,False,False,False,1,True,18,10,False,False,False,False,,150,fc0d3d4da2709c9b,train
segment-c87b432dec9ac094eb1e,segment-c87b432dec9ac094eb1e-candidate-1,"Ein sinnvoller Einstieg und  
eine Problemstellung zu Beginn der Stunde sowie das Erarbeiten einer Lösung mittels  
abwechslungsreicher Methodik hätte vermutlich zu einer anderen und eventuell  
besseren Dynamik verholfen.",38,39,3,2,1,71,in_scope,1,,,,,1,False,annotation-00001296|annotation-00001297,,,,False,False,False,False,1,True,222,10,False,False,False,False,,38,8471822e1d4ebecc,train
segment-c87ed8e5eb6066d1691d,segment-c87ed8e5eb6066d1691d-candidate-1,"Diese Art der mündlichen Sicherung im Unterricht unterstreicht ein transparentes Lerngeschehnis, bei dem alle Beteiligten automatisch eingeladen sind mitzudenken",186,30,1,1,4,36,in_scope,1,,,,,1,False,annotation-00021391,,,,False,False,False,False,1,True,161,10,False,False,False,False,,186,94dd5be7b479f16e,train
segment-c89aa758cb70719f5c68,segment-c89aa758cb70719f5c68-candidate-1,"Die Workshop-Person erklärte das  
Bandenmuster und das Lesen so sorgfältig, dass die Schüler später innerhalb der  
Gruppe den Täter ohne Probleme identifizieren konnten",93,14,3,2,2,103,in_scope,1,,,,,1,False,annotation-00010078|annotation-00010079,,,,False,False,False,False,1,True,170,10,False,False,False,False,,93,7b4ac7e6dba86acb,dev
segment-c8ad1282eb415b814a33,segment-c8ad1282eb415b814a33-candidate-1,Sie gesteht den Kindern zu Spaß am Lernen/ Forschen zu haben und bewerkstelligt dies ohne den Rahmen des Versuches zu verlassen.,209,46,2,2,4,34,in_scope,1,,,,,1,False,annotation-00024473|annotation-00024474,,,,False,False,False,False,1,True,128,10,False,False,False,False,,209,8490512266eabf51,dev
segment-c8ad754186597c1d8cda,segment-c8ad754186597c1d8cda-candidate-1,"Ein Vorteil des Arbeitsblattes  
besteht darin, dass die Schüler:innen jederzeit darauf zurückgreifen können, um das Gelernte  
zu wiederholen.",92,10,3,2,2,70,in_scope,1,,,,,1,False,annotation-00010214|annotation-00010215,,,,False,False,False,False,1,True,143,10,False,False,False,False,,92,c98254afde32e9a1,train
segment-c8cf654930bda7c30836,segment-c8cf654930bda7c30836-candidate-1,"m Verlauf des Workshops stellte sich  
heraus, dass einige Schüler*innen die deutsche Sprache nur schwer verstanden,   weshalb die Inhalte des Videos für sie zu schwer waren und nur wenig Input  
mitnehmen konnten.",95,27,3,2,2,67,in_scope,1,,,,,1,False,annotation-00009687|annotation-00009688,,,,False,False,False,False,1,True,214,10,False,False,False,False,,95,2b1a36ed00f62e21,train
segment-c8ec648b87360e7d04dc,segment-c8ec648b87360e7d04dc-candidate-1,"Der Klasse wurde  
außerdem ausreichend Zeit eingeräumt, um die Techniken für die Laborarbeit, wie das  
Pipettieren und das Einfüllen der Proben in Gele, zu üben.",97,37,3,2,2,23,in_scope,1,,,,,1,False,annotation-00009386|annotation-00009387,,,,False,False,False,False,1,True,163,10,False,False,False,False,,97,03fd173f4e9e83b6,train
segment-c8f0f7fd3a205890293d,segment-c8f0f7fd3a205890293d-candidate-1,"Sie geht auf Fragen ein und zeigt durch das Rumlaufen während der Gruppenarbeit  
ihre Präsenz",214,10,3,2,4,47,in_scope,1,,,,,1,False,annotation-00023228|annotation-00023229,,,,False,False,False,False,1,True,94,10,False,False,False,False,,214,c98254afde32e9a1,train
segment-c9000510c49e420bdfe8,segment-c9000510c49e420bdfe8-candidate-1,"Im Anschluss an die Erarbeitungsphase erstellen die Schülerinnen und Schüler Zeichnungen, die dann im Plenum besprochen werden",35,16,3,2,1,14,in_scope,1,,,,,1,False,annotation-00001611|annotation-00001612,,,,False,False,False,False,1,True,126,10,False,False,False,False,,35,7c587cc9ab214913,train
segment-c93f3621b2c905f771de,segment-c93f3621b2c905f771de-candidate-1,"In den Übungsphasen hatten die Studierenden die Aufgabe sich mit den  
Arbeitsweisen der Lernenden auseinander zu setzen und hatten die Möglichkeit die  
Schülerinnen und Schüler auf Fehler hinzuweisen.",98,39,3,2,2,34,in_scope,1,,,,,1,False,annotation-00009277,,,,False,False,False,False,1,True,202,10,False,False,False,False,,98,8471822e1d4ebecc,train
segment-c96b5fb19bbedfa3021d,segment-c96b5fb19bbedfa3021d-candidate-1,"Es folgte eine Darstellung des relevanten Fachwissens durch  
zwei Lehrpersonen",91,8,3,2,2,52,in_scope,1,,,,,1,False,annotation-00010374|annotation-00010375,,,,False,False,False,False,1,True,79,10,False,False,False,False,,91,010765bfd40e73e6,train
segment-c9ae681be7a6c1bd8303,segment-c9ae681be7a6c1bd8303-candidate-1,"Die Lehrpersonen hätten anstatt der Frage „Hat sich schon jemand überlegt eine  
Ausbildung bei der Polizei anzufangen?“ daher weglassen können und dies mit der  
nächsten Frage „Was ist die Aufgabe von Polizisten?“ verbinden sollen",101,54,3,2,2,15,in_scope,1,,,,,1,False,annotation-00008925|annotation-00008926,,,,False,False,False,False,1,True,232,10,False,False,False,False,,101,ed2e1db7eb20f852,train
segment-c9c451c3af53dccd0cad,segment-c9c451c3af53dccd0cad-candidate-1,Dies ist daher eine gute Möglichkeit zur Ergebnissicherung,221,40,3,2,4,51,in_scope,1,,,,,1,False,annotation-00022486|annotation-00022487,,,,False,False,False,False,1,True,58,10,False,False,False,False,,221,cf54d4a96848c26d,test
segment-c9d03b3e7f5d1fcfb323,segment-c9d03b3e7f5d1fcfb323-candidate-1,"Da nur einzelne SchülerInnen ihre Zeichnungen vorstellen, haben nicht  
alle SchülerInnen eine Rückmeldung zu ihrer zweiten Zeichnung bekommen",30,3,3,2,1,51,in_scope,1,,,,,1,False,annotation-00002282|annotation-00002283,,,,False,False,False,False,1,True,142,10,False,False,False,False,,30,9efb7a7c3e8b6377,train
segment-ca11be25882807107356,segment-ca11be25882807107356-candidate-1,"Alternative Methoden für die Erkenntnisgewinnung: 
- Animationen und Modelle zur Verdeutlichung (können das Verständnis   erleichtern)  - Versuche zum Gasaustausch 
- Kohlenstoffdioxid-Nachweis in der Ausatemluft",31,7,3,2,1,62,in_scope,1,,,,,1,False,annotation-00002148|annotation-00002149,,,,False,False,False,False,1,True,212,10,False,False,False,False,,31,6fd026ce8e8388c4,train
segment-ca321086b5786bc5b696,segment-ca321086b5786bc5b696-candidate-1,"Dazu stellte sie den SuS die Frage, ob sie benennen können, was sie sehen, ob sie es schon mal zu sich genommen haben und für was es überhaupt genutzt wird",48,24,5,1,1,13,in_scope,1,,,,,1,False,annotation-00006365,,,,False,False,False,False,1,True,155,10,False,False,False,False,,48,e303475eaa710a89,train
segment-ca44800a06b834e15bb8,segment-ca44800a06b834e15bb8-candidate-1,"Hier sollten sich die  
Schüler*innen kurz mit ihrer/ihrem Sitznachbar*in besprechen und dann der  
Workshop-Person mitteilen.",93,14,3,2,2,46,in_scope,1,,,,,1,False,annotation-00009974|annotation-00009975,,,,False,False,False,False,1,True,126,10,False,False,False,False,,93,7b4ac7e6dba86acb,dev
segment-ca60b1f9c6ebb03adf92,segment-ca60b1f9c6ebb03adf92-candidate-1,Als Einstieg wurde ein Mordfall gewählt.,120,47,5,2,2,52,in_scope,1,,,,,1,False,annotation-00015932,,,,False,False,False,False,1,True,40,10,False,False,False,False,,120,5e026b3c944c5d13,train
segment-ca69800fa2af7b01472d,segment-ca69800fa2af7b01472d-candidate-1,"Der Umgang miteinander war  
angenehm und respektvoll.",97,37,3,2,2,6,in_scope,1,,,,,1,False,annotation-00009359|annotation-00009360,,,,False,False,False,False,1,True,54,10,False,False,False,False,,97,03fd173f4e9e83b6,train
segment-ca6e62318e1eda2d0c55,segment-ca6e62318e1eda2d0c55-candidate-1,"Da der fachliche Input für die Unterrichtszeit zu groß war ist über eine didaktische  
Reduktion nachzudenken",39,40,3,2,1,58,in_scope,1,,,,,1,False,annotation-00001123|annotation-00001124,,,,False,False,False,False,1,True,109,10,False,False,False,False,,39,cf54d4a96848c26d,test
segment-ca8fe13c418ea8c96819,segment-ca8fe13c418ea8c96819-candidate-1,Das Prinzip war aus didaktischer Sicht gut gewählt und durch das geforderte Aufstehen/Sitzenbleiben war die Klasse sichtlich dabei und motiviert nachzudenken.,117,23,5,2,2,13,in_scope,1,,,,,1,False,annotation-00016609,,,,False,False,False,False,1,True,158,10,False,False,False,False,,117,3999525a81ce4095,dev
segment-caa1f5a2d86404ce80e1,segment-caa1f5a2d86404ce80e1-candidate-1,"Hier wäre es besser  
gewesen die aufgeworfenen Fragen im Plenum zu diskutieren und die gesamte Klasse  
miteinzubeziehen.",38,39,3,2,1,45,in_scope,1,,,,,1,False,annotation-00001246|annotation-00001247,,,,False,False,False,False,1,True,122,10,False,False,False,False,,38,8471822e1d4ebecc,train
segment-caa20bea1b66e115ae2b,segment-caa20bea1b66e115ae2b-candidate-1,"Trotz der Frontalphase, die nur einen geringen 
Teil der Stunde einnahm, kann man in dieser Phase Stunde noch positiv hervorheben, dass 
ein zusammenfassendes Video gezeigt wurde.",100,43,3,2,2,72,in_scope,1,,,,,1,False,annotation-00008873|annotation-00008874,,,,False,False,False,False,1,True,179,10,False,False,False,False,,100,ef200883f78ba4bc,train
segment-cab306a13c67efa6ca6d,segment-cab306a13c67efa6ca6d-candidate-1,"Dies ist den Lehrpersonen durch die Geschichte mit dem Labor  
der Kriminalpolizei gelungen.",101,54,3,2,2,81,in_scope,1,,,,,1,False,annotation-00009055|annotation-00009056,,,,False,False,False,False,1,True,92,10,False,False,False,False,,101,ed2e1db7eb20f852,train
segment-cb016e48c6520081b91c,segment-cb016e48c6520081b91c-candidate-1,"Es wäre wünschenswert, mehr Schülerinnen und Schüler  
einzubeziehen, um die Aufmerksamkeit hochzuhalten.",216,16,3,2,4,11,in_scope,1,,,,,1,False,annotation-00022922|annotation-00022923,,,,False,False,False,False,1,True,105,10,False,False,False,False,,216,7c587cc9ab214913,train
segment-cb116e06a8f1bf31dad5,segment-cb116e06a8f1bf31dad5-candidate-1,"Ziel dabei war vor allem, die relevanten fachlichen  
Aspekte schülergerecht darzustellen.",91,8,3,2,2,59,in_scope,1,,,,,1,False,annotation-00010386|annotation-00010387,,,,False,False,False,False,1,True,90,10,False,False,False,False,,91,010765bfd40e73e6,train
segment-cb34d95251c2bcb2e691,segment-cb34d95251c2bcb2e691-candidate-1,"Dies  
deshalb, da einige Schüler*innen mit sprachlichen Barrieren oder anderen  
Hintergründen Schwierigkeiten bei der Bearbeitung der Aufgabe haben können, wenn  
diese lediglich mündlich im Plenum besprochen wurde",217,27,3,2,4,37,in_scope,1,,,,,1,False,annotation-00022860|annotation-00022861,,,,False,False,False,False,1,True,216,10,False,False,False,False,,217,2b1a36ed00f62e21,train
segment-cb6dd1c0ad3ebc3e66a0,segment-cb6dd1c0ad3ebc3e66a0-candidate-1,"Konstruktive Unterstützung konnte während der gesamten Stunde, ausgehend von den  
Studierenden, beobachtet werden.",98,39,3,2,2,50,in_scope,1,,,,,1,False,annotation-00009304|annotation-00009305,,,,False,False,False,False,1,True,115,10,False,False,False,False,,98,8471822e1d4ebecc,train
segment-cbe196f4c73a51bb9dd0,segment-cbe196f4c73a51bb9dd0-candidate-1,Es handelt sich hierbei um eine leistungsstarke Gymnasialklasse in denen 15 SchülerInnen unterrichtet werden.,7,9,1,2,1,10,in_scope,1,,,,,1,False,annotation-00000465|annotation-00000466,,,,False,False,False,False,1,True,109,10,False,False,False,False,,7,db87b4c42c40c536,train
segment-cc3ce8d7e534b11273bb,segment-cc3ce8d7e534b11273bb-candidate-1,"Dadurch wird das Denken angeregt und die Aufmerksamkeit  
bleibt erhalten",214,10,3,2,4,9,in_scope,1,,,,,1,False,annotation-00023154|annotation-00023155,,,,False,False,False,False,1,True,73,10,False,False,False,False,,214,c98254afde32e9a1,train
segment-cc64b5a618e179d72f52,segment-cc64b5a618e179d72f52-candidate-1,"Zum anderen benötigten sie ihr bereits erlerntes Wissen über die Aufnahme von Nahrungsmittel, dem Verdauungsprozess und die Aufnahme der Nährstoffe ins Blut.",48,24,5,1,1,16,in_scope,1,,,,,1,False,annotation-00006371|annotation-00006372,,,,False,False,False,False,1,True,157,10,False,False,False,False,,48,e303475eaa710a89,train
segment-ccbc2f83a953a9c65170,segment-ccbc2f83a953a9c65170-candidate-1,"Die Bewertungskompetenz wurde in  
dieser Unterrichtsstunde ebenfalls kaum bis gar nicht gefördert.",30,3,3,2,1,77,in_scope,1,,,,,1,False,annotation-00002325|annotation-00002326,,,,False,False,False,False,1,True,99,10,False,False,False,False,,30,9efb7a7c3e8b6377,train
segment-ccca8a1840a3aa555cc0,segment-ccca8a1840a3aa555cc0-candidate-1,"Dies war wiederum möglich, da zuvor ein bestimmter Pufferzeitraum einkalkuliert wurde.",110,28,5,1,2,22,in_scope,1,,,,,1,False,annotation-00014958|annotation-00014959,,,,False,False,False,False,1,True,86,10,False,False,False,False,,110,66113b8d0b6fb170,test
segment-ccd51cdfa63b0f577450,segment-ccd51cdfa63b0f577450-candidate-1,"Im Bereich der Erkenntnisgewinnung wurde in dieser Unterrichtssunde durch das Vergleichen der Ergebnisse mit dem Nachbarn und dem Plenum daran gearbeitet, andere Vorstellungen zu erschließen und diese Vorstellungen mit seiner Eigenen zu vergleichen.",47,6,5,1,1,38,in_scope,1,,,,,1,False,annotation-00006173|annotation-00006174,,,,False,False,False,False,1,True,249,10,False,False,False,False,,47,97ee8f2854716d8e,train
segment-cceee1eb28a81de0d04a,segment-cceee1eb28a81de0d04a-candidate-1,"Das Lehrerkollegium bildet 
nicht mehr unserer Gesellschaft ab, sondern nur noch eine kleine Gruppe, gut ausgebildeter 
Personen aus der Mehrheitsgesellschaft.",162,43,3,2,3,12,in_scope,1,,,,,1,False,annotation-00017518|annotation-00017519,,,,False,False,False,False,1,True,159,10,False,False,False,False,,162,ef200883f78ba4bc,train
segment-cd1e27f6fd3bf896334b,segment-cd1e27f6fd3bf896334b-candidate-1,"Allerdings kann es dabei passieren, dass die SuS DInge übersehen und ihnen dadurch Grundlagen entgehen",42,4,4,2,1,63,in_scope,1,,,,,1,False,annotation-00002978,,,,False,False,False,False,1,True,102,10,False,False,False,False,,42,734cce279690eadc,test
segment-cd47debe252a616d05fb,segment-cd47debe252a616d05fb-candidate-1,"Während die Schülerinnen und Schüler ihre Experimente durchführen läuft die   Lehrerin durch das Zimmer und unterstützt die Gruppen, falls sie Fragen haben oder   Hilfe benötigen.",212,7,3,2,4,38,in_scope,1,,,,,1,False,annotation-00023466|annotation-00023467,,,,False,False,False,False,1,True,179,10,False,False,False,False,,212,6fd026ce8e8388c4,train
segment-cd50b60f5327686b219c,segment-cd50b60f5327686b219c-candidate-1,"Die wissenschaftliche 
Herangehensweise wird trainiert und weckt ihr das Interesse der Schüler*innen wodurch auch ein Interesse für eine spätere berufliche Perspektive entstehen kann.",122,57,5,2,2,64,in_scope,1,,,,,1,False,annotation-00016311|annotation-00016312,,,,False,False,False,False,1,True,183,10,False,False,False,False,,122,d1fbfe5e3fb609be,train
segment-cd5b8281755cc73bca75,segment-cd5b8281755cc73bca75-candidate-1,"Das Thema der Unterrichtsstunde ist insgesamt von großer Bedeutung, da es für jedes Kind relevant ist den eigenen Körper und dessen Funktionsweisen zu verstehen",2,30,1,1,1,44,in_scope,1,,,,,1,False,annotation-00002422,,,,False,False,False,False,1,True,160,10,False,False,False,False,,2,94dd5be7b479f16e,train
segment-cd91a103867895b337e2,segment-cd91a103867895b337e2-candidate-1,"Die anderen Gruppen äußerten sich wenig zu den vorgestellten Modellen, wodurch wir als Workshopdurchführer Rückfragen und Anmerkungen machen mussten.",129,17,1,2,3,15,in_scope,1,,,,,1,False,annotation-00018434|annotation-00018435,,,,False,False,False,False,1,True,149,10,False,False,False,False,,129,423489dd4b4c0912,train
segment-cda7a5ad56ed3b4d8c97,segment-cda7a5ad56ed3b4d8c97-candidate-1,"Eine Klärung der bedeutsamsten Begrifflichkeiten bei der  
Nennung wäre hier eventuell sinnvoll",41,54,3,2,1,60,in_scope,1,,,,,1,False,annotation-00000933|annotation-00000934,,,,False,False,False,False,1,True,95,10,False,False,False,False,,41,ed2e1db7eb20f852,train
segment-cdc1a3b4e55680542053,segment-cdc1a3b4e55680542053-candidate-1,"Von der Klasse wurde am Ende mitgeteilt, dass sie die Inhalte teilweise nur schwer   oder gar nicht verstanden haben",90,7,3,2,2,59,in_scope,1,,,,,1,False,annotation-00010550|annotation-00010551,,,,False,False,False,False,1,True,116,10,False,False,False,False,,90,6fd026ce8e8388c4,train
segment-cdd3b2c60ffefb9e9b52,segment-cdd3b2c60ffefb9e9b52-candidate-1,"Dies hilft sowohl  
den Schüler*innen als auch der Lehrperson selbst.",95,27,3,2,2,42,in_scope,1,,,,,1,False,annotation-00009645|annotation-00009646,,,,False,False,False,False,1,True,69,10,False,False,False,False,,95,2b1a36ed00f62e21,train
segment-ce0576647528fdf74893,segment-ce0576647528fdf74893-candidate-1,"Aus eigenen Beobachtungen zu Schülerexperimenten kann ich  
wiedergeben, dass SchülerInnen, die sich mit einem Experiment überfordert fühlen, in einer  
solchen Gruppenarbeit untergehen können und sich zurückziehen",213,8,3,2,4,36,in_scope,1,,,,,1,False,annotation-00023338|annotation-00023339,,,,False,False,False,False,1,True,214,10,False,False,False,False,,213,010765bfd40e73e6,train
segment-ce1b97182be4c4f0daa0,segment-ce1b97182be4c4f0daa0-candidate-1,"Möglicherweise wäre hier der Einsatz einer Dokumentenkamera sinnvoll gewesen, damit die  
Abbildungen in einer entsprechenden Größe gezeigt werden können und alle SuS dem  
Unterricht folgen können.",39,40,3,2,1,40,in_scope,1,,,,,1,False,annotation-00001084|annotation-00001085,,,,False,False,False,False,1,True,198,10,False,False,False,False,,39,cf54d4a96848c26d,test
segment-ce1f7b404f586b2e442a,segment-ce1f7b404f586b2e442a-candidate-1,"Um das Verständnis der einzelnen Arbeitsschritte zu fördern, hätte ebenfalls ein  
Versuchsprotokoll ausgegeben werden können.",89,3,3,2,2,58,in_scope,1,,,,,1,False,annotation-00010765|annotation-00010766,,,,False,False,False,False,1,True,126,10,False,False,False,False,,89,9efb7a7c3e8b6377,train
segment-ce5e0e281c2c0e40ed0d,segment-ce5e0e281c2c0e40ed0d-candidate-1,"Vor allem bei der Vorstellung der  
Tatverdächtigten war die Aufmerksamkeit der Schüler*innen besonders groß.",94,16,3,2,2,21,in_scope,1,,,,,1,False,annotation-00009802|annotation-00009803,,,,False,False,False,False,1,True,109,10,False,False,False,False,,94,7c587cc9ab214913,train
segment-ce92a33608e14f47b5ef,segment-ce92a33608e14f47b5ef-candidate-1,"Zudem wird dadurch ebenfalls an das Vorwissen der Lernenden 
angeknüpft, sie würden kognitiv aktiviert werden und der Wissensstand der Schüler*innen 
würde für die Lehrperson ersichtlich werden",100,43,3,2,2,70,in_scope,1,,,,,1,False,annotation-00008870|annotation-00008871,,,,False,False,False,False,1,True,193,10,False,False,False,False,,100,ef200883f78ba4bc,train
segment-cea77212602f62b9eafa,segment-cea77212602f62b9eafa-candidate-1,"Die Beobachtungen zeigen, dass die Schüler:innen sehr viel Motivation und Interesse während der ganzen Unterrichtsstunde zeigen.",148,41,2,2,3,29,in_scope,1,,,,,1,False,annotation-00019454|annotation-00019455,,,,False,False,False,False,1,True,128,10,False,False,False,False,,148,4b146d61ab8738ab,train
segment-ceb17cbd731de8406c70,segment-ceb17cbd731de8406c70-candidate-1,"Der  
Umgang miteinander war angenehm und respektvoll.",37,37,3,2,1,7,in_scope,1,,,,,1,False,annotation-00001311|annotation-00001312,,,,False,False,False,False,1,True,54,10,False,False,False,False,,37,03fd173f4e9e83b6,train
segment-ceb27f015acc64be7978,segment-ceb27f015acc64be7978-candidate-1,"Wenn aber so eine Methode gewählt  
wird, dass die SuS erst einmal ihre Vorstellungen ausleben dürfen, muss eine klare Phase  
folgen, die diese Vorstellungen aufarbeitet, in welcher über diese Vorstellungen genau  
gesprochen wird und diese dann zu diesem Zeitpunkt verbessert/ berichtigt werden",34,14,3,2,1,33,in_scope,1,,,,,1,False,annotation-00001685|annotation-00001686,,,,False,False,False,False,1,True,296,10,False,False,False,False,,34,7b4ac7e6dba86acb,dev
segment-cef085a4ea65bb7a7fb8,segment-cef085a4ea65bb7a7fb8-candidate-1,"Dies ist aber nicht optimal durchdacht, denn auf allen vier ABs sind wichtige Bestandteile für  
das HKS.",34,14,3,2,1,82,in_scope,1,,,,,1,False,annotation-00001767|annotation-00001768,,,,False,False,False,False,1,True,105,10,False,False,False,False,,34,7b4ac7e6dba86acb,dev
segment-cf3a7b48308fd3f6e295,segment-cf3a7b48308fd3f6e295-candidate-1,"Sie hat einen Alltagsbezug herstellen können und die SchülerInnen  
wurden kognitiv aktiviert",41,54,3,2,1,36,in_scope,1,,,,,1,False,annotation-00000891|annotation-00000892,,,,False,False,False,False,1,True,93,10,False,False,False,False,,41,ed2e1db7eb20f852,train
segment-cf3f9e474ea340579309,segment-cf3f9e474ea340579309-candidate-1,"Fazit: Die Stunde wirkte Runde und die Schüler*innen zeigten Interesse und waren 
motiviert am arbeiten.",40,43,3,2,1,40,in_scope,1,,,,,1,False,annotation-00000821|annotation-00000822,,,,False,False,False,False,1,True,104,10,False,False,False,False,,40,ef200883f78ba4bc,train
segment-cf53441a1f9e8fefb165,segment-cf53441a1f9e8fefb165-candidate-1,"Das situative Interesse ist in dieser Stunde notwendig, da es dazu führt, dass Schüler:innen eher, häufiger und länger Problemlösungen angehen (Voltmeter & Rheinberg, 1998).",148,41,2,2,3,20,in_scope,1,,,,,1,False,annotation-00019433|annotation-00019434,,,,False,False,False,False,1,True,173,10,False,False,False,False,,148,4b146d61ab8738ab,train
segment-cf56725e6dcd4af27c28,segment-cf56725e6dcd4af27c28-candidate-1,"Der Lehrkraft ist es gelungen, durch eine klare Struktur ihres Unterrichts und individuelle  
Unterstützung ihre Lernziele zu erreichen und die SuS vor allem im Kompetenzbereich  
Experimentieren effektiv und nachhaltig zu fördern.",221,40,3,2,4,81,in_scope,1,,,,,1,False,annotation-00022537|annotation-00022538,,,,False,False,False,False,1,True,231,10,False,False,False,False,,221,cf54d4a96848c26d,test
segment-cfa05c44fcaf5cdc5152,segment-cfa05c44fcaf5cdc5152-candidate-1,"Zu Beginn der praktischen Arbeitsschritte war es wichtig, dass die Lehrperson den  
Schüler*innen das nötige Hintergrundwissen über die verwendeten Methoden und Geräte  
vermittelte",156,16,3,2,3,21,in_scope,1,,,,,1,False,annotation-00017815|annotation-00017816,,,,False,False,False,False,1,True,181,10,False,False,False,False,,156,7c587cc9ab214913,train
segment-cfa219239b5873fbf61c,segment-cfa219239b5873fbf61c-candidate-1,"Dies hätte man durch kurze und klare Anweisungen, die im   Vorfeld formuliert wurden, vermeiden können und so für ein besseres und   schnelleres Verständnis sorgen können.",90,7,3,2,2,78,in_scope,1,,,,,1,False,annotation-00010585|annotation-00010586,,,,False,False,False,False,1,True,171,10,False,False,False,False,,90,6fd026ce8e8388c4,train
segment-cfcda338d9b9f5008a74,segment-cfcda338d9b9f5008a74-candidate-1,Sie haben konzentriert in ihren Gruppen   gearbeitet und sich bei den Präsentationen gegenseitig zugehört.,212,7,3,2,4,15,in_scope,1,,,,,1,False,annotation-00023425|annotation-00023426,,,,False,False,False,False,1,True,106,10,False,False,False,False,,212,6fd026ce8e8388c4,train
segment-d0020bba61ed6cbe17a6,segment-d0020bba61ed6cbe17a6-candidate-1,"Eine weitere Problematik, welche während des Workshops zum Vorschein kam, war die Verwendung und Richtigkeit der Bestimmungsschlüssel.",107,6,5,1,2,12,in_scope,1,,,,,1,False,annotation-00015379|annotation-00015380,,,,False,False,False,False,1,True,134,10,False,False,False,False,,107,97ee8f2854716d8e,train
segment-d01c968d711de56b6273,segment-d01c968d711de56b6273-candidate-1,"Durch die Online-Lehre muss darauf geachtet werden, sämtliche Vorgänge und Aufträge optimal und durchdacht zu formulieren und visualisieren",61,2,1,1,2,25,in_scope,1,,,,,1,False,annotation-00007907,,,,False,False,False,False,1,True,139,10,False,False,False,False,,61,3faf840a033c018d,train
segment-d07b2a42742112b506d4,segment-d07b2a42742112b506d4-candidate-1,Dabei können Schüler*innen ganz individuell je nach Lernvoraussetzung das Thema erschließen.,47,6,5,1,1,21,in_scope,1,,,,,1,False,annotation-00006133|annotation-00006134,,,,False,False,False,False,1,True,92,10,False,False,False,False,,47,97ee8f2854716d8e,train
segment-d0ad843a709f383359a0,segment-d0ad843a709f383359a0-candidate-1,"Da der Fokus des Workshops nicht auf der Theorie zur  
DNA lag, wurde diese auch nur kurz angeschnitten.",93,14,3,2,2,48,in_scope,1,,,,,1,False,annotation-00009977|annotation-00009978,,,,False,False,False,False,1,True,104,10,False,False,False,False,,93,7b4ac7e6dba86acb,dev
segment-d11b95aaa5a581c20d3e,segment-d11b95aaa5a581c20d3e-candidate-1,"Positiv anzumerken ist, dass die Lehrperson in der gesamten Unterrichtsstunde mit  
vorunterrichtlichen Vorstellungen der Schüler*innen arbeitet, indem sie die Lernenden  
ihre Vorstellungen des Blutflusses aufzeichnen und nach fachlichem Input  
überarbeiten lässt.",29,27,3,2,1,30,in_scope,1,,,,,1,False,annotation-00001507|annotation-00001508,,,,False,False,False,False,1,True,266,10,False,False,False,False,,29,2b1a36ed00f62e21,train
segment-d148cfda1d15ae45bd4d,segment-d148cfda1d15ae45bd4d-candidate-1,". Dies wurde durch Bemerkungen der  
SchülerInnen wie „Disco“ unterstützt.",101,54,3,2,2,56,in_scope,1,,,,,1,False,annotation-00009007|annotation-00009008,,,,False,False,False,False,1,True,74,10,False,False,False,False,,101,ed2e1db7eb20f852,train
segment-d18e9c07fdeb41235b81,segment-d18e9c07fdeb41235b81-candidate-1,"Meine Bedenken bezüglich der späten der Aufklärung über  
die Sinnhaftigkeit der Arbeitsschritte ging leider in der Gruppe unter",159,37,3,2,3,21,in_scope,1,,,,,1,False,annotation-00017707|annotation-00017708,,,,False,False,False,False,1,True,128,10,False,False,False,False,,159,03fd173f4e9e83b6,train
segment-d199f70912ac8e93e852,segment-d199f70912ac8e93e852-candidate-1,"Eine Anfertigung auf einem Plakat mit mehr Platz  
hätte ich hierbei gelungener gefunden oder die anfangs angesprochene Google-Präsentation.",220,39,3,2,4,59,in_scope,1,,,,,1,False,annotation-00022647|annotation-00022648,,,,False,False,False,False,1,True,140,10,False,False,False,False,,220,8471822e1d4ebecc,train
segment-d2093a6cdf63fd4e682e,segment-d2093a6cdf63fd4e682e-candidate-1,"Regeln, die während des Workshops galten, wurden ebenfalls zu Beginn  
deutlich gemacht und durch Sätze wie „die Pipetten sind sehr teuer“ begründet",95,27,3,2,2,46,in_scope,1,,,,,1,False,annotation-00009654|annotation-00009655,,,,False,False,False,False,1,True,148,10,False,False,False,False,,95,2b1a36ed00f62e21,train
segment-d217006db2a6d1aa053b,segment-d217006db2a6d1aa053b-candidate-1,"Die kognitive Aktivierung und Aktivierung der Problemlösefähigkeit wurden durch das 
Vorstellen des „Mordfalls in der Disco“ erreicht",100,43,3,2,2,19,in_scope,1,,,,,1,False,annotation-00008765|annotation-00008766,,,,False,False,False,False,1,True,133,10,False,False,False,False,,100,ef200883f78ba4bc,train
segment-d21730001182badad160,segment-d21730001182badad160-candidate-1,"Wenn 
nicht richtig pipettiert wird, kann dies zur Folge haben, dass die Ergebnisse verfälscht werden 
beziehungsweise am Ende kein Ergebnis zustande kommt",100,43,3,2,2,43,in_scope,1,,,,,1,False,annotation-00008813|annotation-00008814,,,,False,False,False,False,1,True,155,10,False,False,False,False,,100,ef200883f78ba4bc,train
segment-d2391e92fbecdbb5c38c,segment-d2391e92fbecdbb5c38c-candidate-1,"Nach der Pause kehrten die Schüler:innen konzentrierter und ruhiger zurück und verfolgten  
aufmerksam die Inhalte, die von den Workshop-Mitgliedern präsentiert wurden.",92,10,3,2,2,85,in_scope,1,,,,,1,False,annotation-00010246|annotation-00010247,,,,False,False,False,False,1,True,168,10,False,False,False,False,,92,c98254afde32e9a1,train
segment-d2b0928401bdafad6d7d,segment-d2b0928401bdafad6d7d-candidate-1,"Da das Fachwissen mittels Stationsarbeit vermittelt wurde, wobei die Schüler*Innen eigenständig entscheiden konnten welche Stationen sie bearbeiten möchten und welche nicht, war es mit den relativ kurzen Ausschnitten schwierig einzuordnen, ob das Thema von den Schüler*Innen ganzheitlich verstanden wurde",26,41,2,2,1,22,in_scope,1,,,,,1,False,annotation-00004271,,,,False,False,False,False,1,True,304,10,False,False,False,False,,26,4b146d61ab8738ab,train
segment-d2cd1c2d9742dc897bb6,segment-d2cd1c2d9742dc897bb6-candidate-1,Außerdem fand ein Austausch am Ende der Stunde über die Ergebnisse statt.,121,51,5,2,2,76,in_scope,1,,,,,1,False,annotation-00016157|annotation-00016158,,,,False,False,False,False,1,True,73,10,False,False,False,False,,121,0e3a4017f81e8c8c,train
segment-d308c218e6cd30244d22,segment-d308c218e6cd30244d22-candidate-1,Die SuS können über die Zeichnungen und Problemstellen diskutieren,53,56,5,1,1,30,in_scope,1,,,,,1,False,annotation-00006270|annotation-00006271,,,,False,False,False,False,1,True,66,10,False,False,False,False,,53,39eda616cf7b1aaa,dev
segment-d341d1b8e0999f4c6773,segment-d341d1b8e0999f4c6773-candidate-1,"Im Lehrerberuf ist es Notwendig, eine gewisse Flexibilität und einhergehende Spontanität aufweisen zu können, um auf verschiedene Situationen angemessen reagieren zu können",61,2,1,1,2,30,in_scope,1,,,,,1,False,annotation-00007915,,,,False,False,False,False,1,True,172,10,False,False,False,False,,61,3faf840a033c018d,train
segment-d399c2aab7766b132655,segment-d399c2aab7766b132655-candidate-1,"Die verschiedenen Arbeitsphasen waren angemessen lang, und es wurde ausreichend  
Zeit für die Schülerantworten und Fragen genommen",97,37,3,2,2,4,in_scope,1,,,,,1,False,annotation-00009356|annotation-00009357,,,,False,False,False,False,1,True,131,10,False,False,False,False,,97,03fd173f4e9e83b6,train
segment-d3bfd7ed151a16f5c823,segment-d3bfd7ed151a16f5c823-candidate-1,"Alternativ 
hätte man die Abfrage könnte mit einem Tool (z.B. Mentimeter) gemacht werden, an die Tafel 
geschrieben oder mit Karten abgefragt werden",100,43,3,2,2,25,in_scope,1,,,,,1,False,annotation-00008777,,,,False,False,False,False,1,True,148,10,False,False,False,False,,100,ef200883f78ba4bc,train
segment-d3ebded8914a3e15ea7f,segment-d3ebded8914a3e15ea7f-candidate-1,"Insgesamt war es eine  
gelungene Unterrichtstunde, die den SuS sichtbar Freude bereitet hat.",99,40,3,2,2,87,in_scope,1,,,,,1,False,annotation-00009216|annotation-00009217,,,,False,False,False,False,1,True,93,10,False,False,False,False,,99,cf54d4a96848c26d,test
segment-d426f9f9f4b4d0411e1d,segment-d426f9f9f4b4d0411e1d-candidate-1,"Durch das eigene Angießen des Gels und die Pipettierübungen  
gewinnen die SchülerInnen einen Einblick in die Grundzüge der Molekularbiologie: Sie  
entdecken, dass das molekularbiologische Arbeiten ein genaues und exaktes Arbeiten  
beinhaltet",91,8,3,2,2,38,in_scope,1,,,,,1,False,annotation-00010353|annotation-00010354,,,,False,False,False,False,1,True,244,10,False,False,False,False,,91,010765bfd40e73e6,train
segment-d45c4281189bb21c88ff,segment-d45c4281189bb21c88ff-candidate-1,"Dennoch läuft diese Phase relativ strukturiert ab,   was sich durch keine chaotischen Zwischenrufe der SchülerInnen äußert",223,54,3,2,4,14,in_scope,1,,,,,1,False,annotation-00022029|annotation-00022030,,,,False,False,False,False,1,True,122,10,False,False,False,False,,223,ed2e1db7eb20f852,train
segment-d46eb9e7e1a601b9a5cc,segment-d46eb9e7e1a601b9a5cc-candidate-1,"Die Lehrkräfte zeigten in der beobachteten Unterrichtsstunde ein stets freundlich wirkendes  
und wertschätzendes Auftreten und konnten dadurch ein zielorientiertes Arbeiten und Lernen  
mit den SuS ermöglichen.",99,40,3,2,2,80,in_scope,1,,,,,1,False,annotation-00009204|annotation-00009205,,,,False,False,False,False,1,True,211,10,False,False,False,False,,99,cf54d4a96848c26d,test
segment-d4aecb40ad66af6a1183,segment-d4aecb40ad66af6a1183-candidate-1,"Hierdurch ist von einer langfristigen  
Verankerung der Inhalte und einem umfangreichen Verständnis bei den Schüler*innen  
auszugehen",95,27,3,2,2,115,in_scope,1,,,,,1,False,annotation-00009761|annotation-00009762,,,,False,False,False,False,1,True,134,10,False,False,False,False,,95,2b1a36ed00f62e21,train
segment-d4c112c556cb15f5a91e,segment-d4c112c556cb15f5a91e-candidate-1,Die SuS hatten am Ende der Einheit den direkten visuellen Vergleich der anfänglichen Vorstellung die Zeichnung nach Bearbeitung der Arbeits- und Informationsblätter was zur Erkenntnis- und Fachwissensgewinnung beitrug,1,2,1,1,1,18,in_scope,1,,,,,1,False,annotation-00002463,,,,False,False,False,False,1,True,217,10,False,False,False,False,,1,3faf840a033c018d,train
segment-d4fcf88b1171aeef5431,segment-d4fcf88b1171aeef5431-candidate-1,"Ebenfalls sind differenzierte Hilfestellungen für mich  
unabdingbar.",217,27,3,2,4,61,in_scope,1,,,,,1,False,annotation-00022905|annotation-00022906,,,,False,False,False,False,1,True,69,10,False,False,False,False,,217,2b1a36ed00f62e21,train
segment-d4fe1aa2706157117db8,segment-d4fe1aa2706157117db8-candidate-1,"Es regte die SuS zum Nachdenken an über den Grund, wieso sie es nutzen und schaffte die Grundlage, um eine Frage für die Stunde zu entwickeln",48,24,5,1,1,31,in_scope,1,,,,,1,False,annotation-00006408,,,,False,False,False,False,1,True,141,10,False,False,False,False,,48,e303475eaa710a89,train
segment-d504a6a919a6880b643b,segment-d504a6a919a6880b643b-candidate-1,Man hätte innerhalb der Stunde noch konkreter auf ein Basiskonzept eingehen sollen.,24,5,2,2,1,15,in_scope,1,,,,,1,False,annotation-00003986|annotation-00003987,,,,False,False,False,False,1,True,83,10,False,False,False,False,,24,cd38e7c2d4a56e90,train
segment-d5788e49cb7eef5daf62,segment-d5788e49cb7eef5daf62-candidate-1,"Auch das Angebots-Nutzen-Modells (nach Helmke) weist darauf hin, dass die Qualität des Lehr-Lern-Materials und damit auch der Differenzierungsmöglichkeit von Lernmaterial, mit der Lernmotivation und der Anstrengungsbereitschaft der Schüler*innen (hier: Studierende) zusammenhängt bestimmte Lernangebote optimal zu nutzen und somit letztlich auch einen nachhaltigen Lernerfolg zu erzielen.",124,30,1,1,3,19,in_scope,1,,,,,1,False,annotation-00017110,,,,False,False,False,False,1,True,388,10,False,False,False,False,,124,94dd5be7b479f16e,train
segment-d58c5a740ce5939c94de,segment-d58c5a740ce5939c94de-candidate-1,"Bei der mündlichen Erklärung verhaspelte ich mich am Anfang und  
musste mich kurz sammeln, um einen neuen Ansatz zu finden, um die  
Vorgehensweise beim Ansetzen der PCR Schritt für Schritt nachvollziehbar zu  
erklären",155,14,3,2,3,12,in_scope,1,,,,,1,False,annotation-00017875|annotation-00017876,,,,False,False,False,False,1,True,220,10,False,False,False,False,,155,7b4ac7e6dba86acb,dev
segment-d5ae6b6352bd7285d892,segment-d5ae6b6352bd7285d892-candidate-1,"Ich nahm sehr spontan ein PCR- Rack mit den verschiedenen Flüssigkeiten  
von einem Tisch der Schüler*innen, zeigte es hoch und erklärte dabei, was als  
nächstes zu tun ist",155,14,3,2,3,13,in_scope,1,,,,,1,False,annotation-00017878|annotation-00017879,,,,False,False,False,False,1,True,173,10,False,False,False,False,,155,7b4ac7e6dba86acb,dev
segment-d5be6c2475bec81066b5,segment-d5be6c2475bec81066b5-candidate-1, Dabei wurden sie von den Lehrpersonen angeleitet: die Schritte wurden vorgemacht und erklärt und die SchülerInnen haben sie anschließend   selbstständig in ihren Gruppen durchgeführt.,90,7,3,2,2,68,in_scope,1,,,,,1,False,annotation-00010566|annotation-00010567,,,,False,False,False,False,1,True,183,10,False,False,False,False,,90,6fd026ce8e8388c4,train
segment-d5e033fcccca9411c16d,segment-d5e033fcccca9411c16d-candidate-1,Auch gab es keine wirklichen unterstützenden Rückmeldun,190,9,1,2,4,21,in_scope,1,,,,,1,False,annotation-00024114|annotation-00024115,,,,False,False,False,False,1,True,55,10,False,False,False,False,,190,db87b4c42c40c536,train
segment-d5e3117e28f429319999,segment-d5e3117e28f429319999-candidate-1,"Dieser Anspruch wäre unrealistisch und würde auf langer Sicht für mich selbst eventuell zu einem Verlust der 
Motivation führen 😊.",240,47,5,2,4,24,in_scope,1,,,,,1,False,annotation-00027993|annotation-00027994,,,,False,False,False,False,1,True,130,10,False,False,False,False,,240,5e026b3c944c5d13,train
segment-d5f95941cf40570f5c8d,segment-d5f95941cf40570f5c8d-candidate-1,"Somit hatte die Ausprägung des Interesses der Schüler*innen das Ziel, die 
Lernmotivation der Schüler*innen zu fördern und schlussendlich auch den Grundstein  
zu einem effektiven Lernergebnis zu legen (Gebhard et al., 2017)",93,14,3,2,2,19,in_scope,1,,,,,1,False,annotation-00009923|annotation-00009924,,,,False,False,False,False,1,True,224,10,False,False,False,False,,93,7b4ac7e6dba86acb,dev
segment-d66f54a2a0008903556c,segment-d66f54a2a0008903556c-candidate-1,Texte und Abbildungen passen   zusammen und die Abbildungen erleichtern das Verständnis der Texte.,31,7,3,2,1,66,in_scope,1,,,,,1,False,annotation-00002155|annotation-00002156,,,,False,False,False,False,1,True,98,10,False,False,False,False,,31,6fd026ce8e8388c4,train
segment-d6761b4667498701400b,segment-d6761b4667498701400b-candidate-1,"Die identifizierten „Problemstellen“ stellte folglich die Grundlage für die Erarbeitung in  
Form von Informationstexten dar.",30,3,3,2,1,31,in_scope,1,,,,,1,False,annotation-00002239|annotation-00002240,,,,False,False,False,False,1,True,125,10,False,False,False,False,,30,9efb7a7c3e8b6377,train
segment-d67c315ad31a730d7d43,segment-d67c315ad31a730d7d43-candidate-1,"Der Unterricht war sehr schülerorientiert, denn die Lehrkraft  
hat im Prinzip nur den Arbeitsauftrag erklärt und Zwischenfragen gestellt.",214,10,3,2,4,70,in_scope,1,,,,,1,False,annotation-00023270|annotation-00023271,,,,False,False,False,False,1,True,138,10,False,False,False,False,,214,c98254afde32e9a1,train
segment-d6990565bae9115d8244,segment-d6990565bae9115d8244-candidate-1,"Die Think-Pair-Share-Phasen trugen dazu bei, dass sich die  
Lernenden mit den Inhalten auseinandersetzen mussten",93,14,3,2,2,87,in_scope,1,,,,,1,False,annotation-00010045|annotation-00010046,,,,False,False,False,False,1,True,113,10,False,False,False,False,,93,7b4ac7e6dba86acb,dev
segment-d6cafe1e6a0febf40421,segment-d6cafe1e6a0febf40421-candidate-1,"Dies verdeutlicht die 
Schifflage im deutschen Bildungssystem",162,43,3,2,3,20,in_scope,1,,,,,1,False,annotation-00017530|annotation-00017531,,,,False,False,False,False,1,True,61,10,False,False,False,False,,162,ef200883f78ba4bc,train
segment-d701371df1e7173d8799,segment-d701371df1e7173d8799-candidate-1,"Da es sich aber um die siebte   Klasse der Sekundarstufe handelt, werden die Experimente wahrscheinlich auf   einem niedrigeren Niveau durchgeführt.",212,7,3,2,4,59,in_scope,1,,,,,1,False,annotation-00023503|annotation-00023504,,,,False,False,False,False,1,True,148,10,False,False,False,False,,212,6fd026ce8e8388c4,train
segment-d7074013003ce1f13da2,segment-d7074013003ce1f13da2-candidate-1,"Bildliche  
Darstellungen und Metaphern können den Schüler*innen beim Verstehen helfen.",95,27,3,2,2,107,in_scope,1,,,,,1,False,annotation-00009749|annotation-00009750,,,,False,False,False,False,1,True,87,10,False,False,False,False,,95,2b1a36ed00f62e21,train
segment-d71cc33e1cd05b589015,segment-d71cc33e1cd05b589015-candidate-1,"Dies zeigte sich daran, dass die SchülerInnen ohne große  
Schwierigkeiten und Hilfe durch die anderen Lehrpersonen die Arbeitsschritte  
durchgeführt haben",101,54,3,2,2,42,in_scope,1,,,,,1,False,annotation-00008976|annotation-00008977,,,,False,False,False,False,1,True,156,10,False,False,False,False,,101,ed2e1db7eb20f852,train
segment-d729030ff209c5eef7cf,segment-d729030ff209c5eef7cf-candidate-1,"Dass der gewählte  
Unterrichtseinstieg eine motivierende Wirkung hatte, wird durch die aktive Beteiligung der  
Schülerinnen und Schüler in der Diskussion um den potentiellen Täter deutlich.",89,3,3,2,2,13,in_scope,1,,,,,1,False,annotation-00010687|annotation-00010688,,,,False,False,False,False,1,True,191,10,False,False,False,False,,89,9efb7a7c3e8b6377,train
segment-d73b944fad20c7d58b21,segment-d73b944fad20c7d58b21-candidate-1,Hier gewinnen auch die einzelnen Lehrpersonen in ihrer Rolle alsVorbilder an Relevanz,162,43,3,2,3,8,in_scope,1,,,,,1,False,annotation-00017509|annotation-00017510,,,,False,False,False,False,1,True,85,10,False,False,False,False,,162,ef200883f78ba4bc,train
segment-d75ca5fe2bd623a0879f,segment-d75ca5fe2bd623a0879f-candidate-1,"Dies konnte man  
vor allem bei den Jungen in den hinteren Reihen beobachten.",38,39,3,2,1,43,in_scope,1,,,,,1,False,annotation-00001243|annotation-00001244,,,,False,False,False,False,1,True,77,10,False,False,False,False,,38,8471822e1d4ebecc,train
segment-d75ebe6e047b0a8f6bd0,segment-d75ebe6e047b0a8f6bd0-candidate-1,So konnte der Fokus   und der Kern des Inhalts zentriert werden.,74,55,2,1,2,74,in_scope,1,,,,,1,False,annotation-00014485|annotation-00014486,,,,False,False,False,False,1,True,64,10,False,False,False,False,,74,45eb80c6912d4c20,dev
segment-d768e1435907bdc881ed,segment-d768e1435907bdc881ed-candidate-1,"Dies ist zwar eine Art der kognitiven Aktivierung  
der Lernenden, dennoch kann bei einem Brainstorm meiner Meinung nach nie  
sichergestellt werden, ob man alle Lernenden zum Mitdenken anregen kann und ob  
man von allen die Aufmerksamkeit gewinnt.",215,14,3,2,4,12,in_scope,1,,,,,1,False,annotation-00023023|annotation-00023024,,,,False,False,False,False,1,True,249,10,False,False,False,False,,215,7b4ac7e6dba86acb,dev
segment-d787eb6900905fd253e9,segment-d787eb6900905fd253e9-candidate-1,"Um allerdings eine lange und intensive  
Auseinandersetzung mit einer Thematik oder einem Gegenstand zu erreichen, muss  
nach der Person-Gegenstands-Theorie Interesse erzeugt werden und im Optimalfall  
das situationale Interesse überwunden und zu einer längerfristigen Interesse  
aufgebaut werden (Schiffl & Weiglhofer, 2019).",215,14,3,2,4,14,in_scope,1,,,,,1,False,annotation-00023026|annotation-00023027,,,,False,False,False,False,1,True,329,10,False,False,False,False,,215,7b4ac7e6dba86acb,dev
segment-d7ca23a29b75c8b895df,segment-d7ca23a29b75c8b895df-candidate-1,"Dadurch wird ebenfalls zur  
Förderung der Kommunikationskompetenz der SchülerInnen beigetragen.",89,3,3,2,2,40,in_scope,1,,,,,1,False,annotation-00010735|annotation-00010736,,,,False,False,False,False,1,True,96,10,False,False,False,False,,89,9efb7a7c3e8b6377,train
segment-d81bc4bfd6e9e6de08e8,segment-d81bc4bfd6e9e6de08e8-candidate-1,Dies gelingt an dem einen Tag mehr als an dem anderen was auch in Ordnung ist.,240,47,5,2,4,26,in_scope,1,,,,,1,False,annotation-00027998|annotation-00027999,,,,False,False,False,False,1,True,78,10,False,False,False,False,,240,5e026b3c944c5d13,train
segment-d8433d6f590c05db7946,segment-d8433d6f590c05db7946-candidate-1,"Jedoch hat auch ein nicht geringer Teil von 21 Studierenden angegeben, dass sie es nicht einschätzen konnten, ob im Workshop darauf geachtet wurde, dass Basiskonzepte, Kernideen oder biologische Prinzipien immer wieder beachtet wurden",62,30,1,1,2,34,in_scope,1,,,,,1,False,annotation-00007817,,,,False,False,False,False,1,True,234,10,False,False,False,False,,62,94dd5be7b479f16e,train
segment-d87cd7cdc6bcac127f84,segment-d87cd7cdc6bcac127f84-candidate-1,"Die Stunde hatte für die Lernenden eine Alltagsrelevanz, da Pflanzen für den Menschen überlebenswichtig sind und diese die Fotosynthese bereiten müssen, um zu überleben.",241,51,5,2,4,44,in_scope,1,,,,,1,False,annotation-00028197|annotation-00028198,,,,False,False,False,False,1,True,169,10,False,False,False,False,,241,0e3a4017f81e8c8c,train
segment-d884e94fffcd6d7ee915,segment-d884e94fffcd6d7ee915-candidate-1,In Anschluss an den Input der DNA erfolgte die Vorbereitung der PCR,95,27,3,2,2,85,in_scope,1,,,,,1,False,annotation-00009713|annotation-00009714,,,,False,False,False,False,1,True,67,10,False,False,False,False,,95,2b1a36ed00f62e21,train
segment-d8a3b5e9ec8081f5569b,segment-d8a3b5e9ec8081f5569b-candidate-1,"Dies ist besonders wichtig, da die von den Schülerinnen und  
Schülern untersuchten Zusammenhänge teilweise sehr komplex sind",211,3,3,2,4,50,in_scope,1,,,,,1,False,annotation-00023672|annotation-00023673,,,,False,False,False,False,1,True,125,10,False,False,False,False,,211,9efb7a7c3e8b6377,train
segment-d8bb2d0f549eb1cab0a6,segment-d8bb2d0f549eb1cab0a6-candidate-1,"Die Inhalte wurden immer wieder mit den Organisationsebenen verknüpft (z.B. Zellen, Organe).",60,57,5,2,1,13,in_scope,1,,,,,1,False,annotation-00007126|annotation-00007127,,,,False,False,False,False,1,True,92,10,False,False,False,False,,60,d1fbfe5e3fb609be,train
segment-d8ea436e12f125912788,segment-d8ea436e12f125912788-candidate-1,"Nicht nur die Vernetzung durch die Basiskonzepte ist hierbei gut gelungen, auch eine Vernetzung von Organisationsebenen ist zu erkennen, da Anhand des Themas „Wo befindet sich die DNA?“ auf die diese eingegangen wird.",103,26,4,2,2,13,in_scope,1,,,,,1,False,annotation-00011734|annotation-00011735,,,,False,False,False,False,1,True,217,10,False,False,False,False,,103,d9e814e2d3def543,train
segment-d99d2b4880c53361ca44,segment-d99d2b4880c53361ca44-candidate-1,"n der folgenden Gruppenarbeitsphase erarbeiten die  
Lernenden dann eines der fünf Themen in den jeweiligen Gruppen",215,14,3,2,4,42,in_scope,1,,,,,1,False,annotation-00023078|annotation-00023079,,,,False,False,False,False,1,True,115,10,False,False,False,False,,215,7b4ac7e6dba86acb,dev
segment-d9b088088c83d164d3f1,segment-d9b088088c83d164d3f1-candidate-1,"n der Sicherung versucht sie dann aber auf das vorhandene  
Vorwissen einzugehen und dieses in die Sicherungsphase miteinzubauen",34,14,3,2,1,60,in_scope,1,,,,,1,False,annotation-00001731|annotation-00001732,,,,False,False,False,False,1,True,128,10,False,False,False,False,,34,7b4ac7e6dba86acb,dev
segment-d9ce7f217ad80d7e5d67,segment-d9ce7f217ad80d7e5d67-candidate-1,"Denn der 
richtige Umgang mit der Pipette ist elementar für den weiteren Unterrichtsverlauf.",100,43,3,2,2,42,in_scope,1,,,,,1,False,annotation-00008810|annotation-00008811,,,,False,False,False,False,1,True,92,10,False,False,False,False,,100,ef200883f78ba4bc,train
segment-da25937c49ecc255319b,segment-da25937c49ecc255319b-candidate-1,"Aufgrund des Einstiegs wurde für die Schüler*innen eine reale Situation  
dargestellt, welche an ihr Interesse anknüpft",95,27,3,2,2,12,in_scope,1,,,,,1,False,annotation-00009591|annotation-00009592,,,,False,False,False,False,1,True,119,10,False,False,False,False,,95,2b1a36ed00f62e21,train
segment-da5175937d6983625ad5,segment-da5175937d6983625ad5-candidate-1,Der Fokus des Workshops wurde auf das Durchführen biologischer Arbeitsweisen   und das Sammeln laborpraktischer Erfahrungen gelegt.,90,7,3,2,2,65,in_scope,1,,,,,1,False,annotation-00010560|annotation-00010561,,,,False,False,False,False,1,True,131,10,False,False,False,False,,90,6fd026ce8e8388c4,train
segment-da5e498bbf70ebdf88d2,segment-da5e498bbf70ebdf88d2-candidate-1,"Die Aufgabenstellung beinhaltete in der Gruppenarbeit eine kleine Exkursion in die Natur, um selbstständig ein Speicherorgan zu finden und zu Fotografieren",61,2,1,1,2,73,in_scope,1,,,,,1,False,annotation-00008001,,,,False,False,False,False,1,True,155,10,False,False,False,False,,61,3faf840a033c018d,train
segment-da736bf509f75c912894,segment-da736bf509f75c912894-candidate-1,"Die Experimente regen Denkprozesse an und führen zu Erkenntnissen bei den  
Schülerinnen und Schülern",216,16,3,2,4,32,in_scope,1,,,,,1,False,annotation-00022957|annotation-00022958,,,,False,False,False,False,1,True,101,10,False,False,False,False,,216,7c587cc9ab214913,train
segment-daa3f7e9a439a1f2dc16,segment-daa3f7e9a439a1f2dc16-candidate-1,"Die Gefahrenbelehrung und Regeln wurden sachlich und freundlich  
vorgetragen und zu den entscheidenden Zeitpunkten noch einmal wiederholt.",97,37,3,2,2,10,in_scope,1,,,,,1,False,annotation-00009365|annotation-00009366,,,,False,False,False,False,1,True,139,10,False,False,False,False,,97,03fd173f4e9e83b6,train
segment-daad57ac060189246791,segment-daad57ac060189246791-candidate-1,"Diese Form des Lernen hat innerhalb der  
Inputphase sehr gut funktioniert, da sehr viele richtige Antworten später genannt  
wurden.",158,33,3,2,3,16,in_scope,1,,,,,1,False,annotation-00017740|annotation-00017741,,,,False,False,False,False,1,True,133,10,False,False,False,False,,158,fd1a055c1ca13050,test
segment-dabf7b902645508e81e0,segment-dabf7b902645508e81e0-candidate-1,"Die Frage, warum und wann die SchülerInnen das Produkt schon  
einmal verwendet haben, soll den Alltagsbezug darstellen.",41,54,3,2,1,5,in_scope,1,,,,,1,False,annotation-00000833|annotation-00000834,,,,False,False,False,False,1,True,120,10,False,False,False,False,,41,ed2e1db7eb20f852,train
segment-db2acccc5f5fcb1f5cc7,segment-db2acccc5f5fcb1f5cc7-candidate-1,"Für mich als zukünftige Lehrerin wäre es  
hier wichtig den Schülerinnen und Schülern aufgeschlossen, freundlich und herzlich Name: Laura Hetzel 
Kürzel: labe02 Reflexion 3 12.07.2023 
gegenüberzustehen, da das meine Lehrerpersönlichkeit auch widerspiegelt",220,39,3,2,4,20,in_scope,1,,,,,1,False,annotation-00022579|annotation-00022580,,,,False,False,False,False,1,True,256,10,False,False,False,False,,220,8471822e1d4ebecc,train
segment-db4b4ed87565983adc77,segment-db4b4ed87565983adc77-candidate-1,"Dadurch konnte ein Alltagsbezug zur Thematik hergestellt werden, welches das Interesse an Speicherorganen positiv beeinflussen kann.",61,2,1,1,2,75,in_scope,1,,,,,1,False,annotation-00008003|annotation-00008004,,,,False,False,False,False,1,True,132,10,False,False,False,False,,61,3faf840a033c018d,train
segment-db56eef2d1c47fef9d8d,segment-db56eef2d1c47fef9d8d-candidate-1,"Hier wurde die Form von Lernen als eine Mischform von Instruktion und  
Konstruktion gewählt (Schiffl & Weiglhofer, 2019).",93,14,3,2,2,31,in_scope,1,,,,,1,False,annotation-00009947|annotation-00009948,,,,False,False,False,False,1,True,122,10,False,False,False,False,,93,7b4ac7e6dba86acb,dev
segment-db5f88e42e794628bf87,segment-db5f88e42e794628bf87-candidate-1,"Dennoch teile ich die Überzeugung, dass Basiskonzepte in jeder biologischen Thematik eine wichtige Rolle spielen und stets Bezug finden und nicht spezifisch angesprochen werden müssen",61,2,1,1,2,53,in_scope,1,,,,,1,False,annotation-00007964,,,,False,False,False,False,1,True,183,10,False,False,False,False,,61,3faf840a033c018d,train
segment-db63e699151f5397177d,segment-db63e699151f5397177d-candidate-1,"Dies hat zum einen das  
Zeitersparnis als großen Vorteil und zum anderen können so Lernschwächere mit  
stärkeren Lernenden gemischt werden, sodass gegenseitige Unterstützung innerhalb  
der Gruppe möglich ist.",215,14,3,2,4,40,in_scope,1,,,,,1,False,annotation-00023075|annotation-00023076,,,,False,False,False,False,1,True,211,10,False,False,False,False,,215,7b4ac7e6dba86acb,dev
segment-db77dcb64e70bb8bf826,segment-db77dcb64e70bb8bf826-candidate-1,"Haben viele der SchülerInnen die gleiche Fehlvorstellung, macht es für mich selbst  
auch Sinn, den geplanten Unterricht an dieser Stelle abzubrechen und an der  
Wissenslücke spontan anzuknüpfen.",223,54,3,2,4,73,in_scope,1,,,,,1,False,annotation-00022134|annotation-00022135,,,,False,False,False,False,1,True,196,10,False,False,False,False,,223,ed2e1db7eb20f852,train
segment-dbb759efbaebc4d66cfb,segment-dbb759efbaebc4d66cfb-candidate-1,"Führt man ein solches Vorgehen als Ritual ein, dann gibt dies den SchülerInnen einen sicheren Ablauf über  
eine Unterrichtsstunde. ",223,54,3,2,4,35,in_scope,1,,,,,1,False,annotation-00022068|annotation-00022069,,,,False,False,False,False,1,True,131,10,False,False,False,False,,223,ed2e1db7eb20f852,train
segment-dc28dc9d9989aeee3c09,segment-dc28dc9d9989aeee3c09-candidate-1,"Durch die dargestellte Unterrichtsstunde, die das Video darstellt, wird deutlich, dass  
sich die SchülerInnen und die Lehrkraft gegenseitig respektieren und wertschätzen.",223,54,3,2,4,37,in_scope,1,,,,,1,False,annotation-00022071|annotation-00022072,,,,False,False,False,False,1,True,171,10,False,False,False,False,,223,ed2e1db7eb20f852,train
segment-dc9586987804fe161f62,segment-dc9586987804fe161f62-candidate-1,"Allerdings hat dieser Einstieg die SchülerInnen aufgrund deren  
unveränderten Verhaltensweise kaum abgeholt.",101,54,3,2,2,7,in_scope,1,,,,,1,False,annotation-00008910|annotation-00008911,,,,False,False,False,False,1,True,109,10,False,False,False,False,,101,ed2e1db7eb20f852,train
segment-dd0b151682a0bdd8a0b5,segment-dd0b151682a0bdd8a0b5-candidate-1,"Um den Inhalt weiter zu vertiefen, wäre es sinnvoll gewesen, die Fragen, die die  
Lehrkraft in den Kleingruppen stellt, auf Tipp-Kärtchen oder Hilfekärtchen zu schreiben",214,10,3,2,4,49,in_scope,1,,,,,1,False,annotation-00023231|annotation-00023232,,,,False,False,False,False,1,True,170,10,False,False,False,False,,214,c98254afde32e9a1,train
segment-dd1b5acce1f9ae4fc9c7,segment-dd1b5acce1f9ae4fc9c7-candidate-1,"Allerdings setzt die  
gesamte Stunde sehr viel Vorwissen und eine hohe kognitive Kompetenz der  
SchülerInnen voraus.",30,3,3,2,1,63,in_scope,1,,,,,1,False,annotation-00002304|annotation-00002305,,,,False,False,False,False,1,True,118,10,False,False,False,False,,30,9efb7a7c3e8b6377,train
segment-dd1e311621c257b27d12,segment-dd1e311621c257b27d12-candidate-1,"Zudem würde es sich anbieten das Objekt durch die  
Sitzreihen zu geben oder durch die Reihen zu laufen, sodass auch die Schüler:innen in den  
hinteren Reihen das Objekt richtig sehen können",33,10,3,2,1,11,in_scope,1,,,,,1,False,annotation-00001824|annotation-00001825,,,,False,False,False,False,1,True,191,10,False,False,False,False,,33,c98254afde32e9a1,train
segment-dd2e4bc68d33c1c1ce73,segment-dd2e4bc68d33c1c1ce73-candidate-1,Es wird auch an das Vor-wissen und die Inhalte vorausgegangener Seminareinheiten angeknüpft.,74,55,2,1,2,88,in_scope,1,,,,,1,False,annotation-00014518|annotation-00014519,,,,False,False,False,False,1,True,92,10,False,False,False,False,,74,45eb80c6912d4c20,dev
segment-dd4e4fb7da307bc4f58f,segment-dd4e4fb7da307bc4f58f-candidate-1,"Modelle, wenn man die gezeichnete Darstellung nicht also solches zählen lässt, wurden ebenfalls nicht beobachtet.",24,5,2,2,1,34,in_scope,1,,,,,1,False,annotation-00004033|annotation-00004034,,,,False,False,False,False,1,True,113,10,False,False,False,False,,24,cd38e7c2d4a56e90,train
segment-dd5fcff6d0018fdfa085,segment-dd5fcff6d0018fdfa085-candidate-1,"Ein weitere Ursache dafür könnte sein, dass die Studierenden bisher noch kein fachdidaktisches Seminar bezüglich des Basiskonzepte besucht haben.",61,2,1,1,2,54,in_scope,1,,,,,1,False,annotation-00007966|annotation-00007967,,,,False,False,False,False,1,True,145,10,False,False,False,False,,61,3faf840a033c018d,train
segment-dd732b6b6bf08c29d221,segment-dd732b6b6bf08c29d221-candidate-1,"Der Tafelanschrieb war für mich wichtig,   denn ich wollte dadurch sicherstellen, dass die Schüler:innen die einzelnen Schritte zu jeder  
Zeit nachlesen können.",154,10,3,2,3,20,in_scope,1,,,,,1,False,annotation-00017979|annotation-00017980,,,,False,False,False,False,1,True,161,10,False,False,False,False,,154,c98254afde32e9a1,train
segment-dd9a100db26a3a306671,segment-dd9a100db26a3a306671-candidate-1,"Die Gruppe  
konzentrierte sich darauf, dass im Workshop eher praxisnahe Ziele wie beispielsweise  
das Sammeln von laborpraktischen Erfahrungen und das Erproben von  
naturwissenschaftlichen Methoden und Arbeitsweisen erfüllt wurden und versuchte  
dabei theoretische Inhalte so kurz wie möglich zu halten.",93,14,3,2,2,7,in_scope,1,,,,,1,False,annotation-00009902|annotation-00009903,,,,False,False,False,False,1,True,307,10,False,False,False,False,,93,7b4ac7e6dba86acb,dev
segment-dd9b7825bbdeec3cefea,segment-dd9b7825bbdeec3cefea-candidate-1,"Die  
Schüler:innen erhielten ein Arbeitsblatt, das sie mithilfe eines Videos ausfüllen sollten.",92,10,3,2,2,58,in_scope,1,,,,,1,False,annotation-00010194|annotation-00010195,,,,False,False,False,False,1,True,96,10,False,False,False,False,,92,c98254afde32e9a1,train
segment-ddaabec893659876ceaf,segment-ddaabec893659876ceaf-candidate-1,"Alle Schüler:innen erzielten das richtige Ergebnis, was zeigt, dass sie während des gesamten  
Workshops aufmerksam und sorgfältig mitgearbeitet hatten.",92,10,3,2,2,102,in_scope,1,,,,,1,False,annotation-00010280|annotation-00010281,,,,False,False,False,False,1,True,152,10,False,False,False,False,,92,c98254afde32e9a1,train
segment-ddd86a549ee42363c2c0,segment-ddd86a549ee42363c2c0-candidate-1,"Gut war, dass die Workshop-Person nach Erklärungen der Schülerschaft nochmal genauer und tiefgründiger  
nachgefragt hat",93,14,3,2,2,98,in_scope,1,,,,,1,False,annotation-00010069|annotation-00010070,,,,False,False,False,False,1,True,120,10,False,False,False,False,,93,7b4ac7e6dba86acb,dev
segment-ddeb1daaa5843d9068b2,segment-ddeb1daaa5843d9068b2-candidate-1,"Durch spielerisches Lernen wie zum Beispiel das Dominospiel oder Die Auflösung des Kriminalfalls wird die 
Lernbereitschaft verstärkt und fördert nachhaltiges Speichern neuer Informationen, da diese mit Emotionen gekoppelt wurden",184,2,1,1,4,23,in_scope,1,,,,,1,False,annotation-00021439,,,,False,False,False,False,1,True,229,10,False,False,False,False,,184,3faf840a033c018d,train
segment-de01397d96bbe7ad0639,segment-de01397d96bbe7ad0639-candidate-1,"Dadurch wird ihre Problemlösefähigkeit gefördert,   und ihr Vorwissen wird berücksichtigt",214,10,3,2,4,40,in_scope,1,,,,,1,False,annotation-00023216|annotation-00023217,,,,False,False,False,False,1,True,89,10,False,False,False,False,,214,c98254afde32e9a1,train
segment-dea1c4ddfb3aed792d36,segment-dea1c4ddfb3aed792d36-candidate-1,"So kann eine Lehrperson mit Migrationshintergrund 
positiven Einfluss auf den Bildungsverlauf von Schüler*innen mit Migrationshintergrund 
nehmen, wie die Studie von Dr. Lisa Sofie Höckle (2022) ergab.",162,43,3,2,3,22,in_scope,1,,,,,1,False,annotation-00017533|annotation-00017534,,,,False,False,False,False,1,True,201,10,False,False,False,False,,162,ef200883f78ba4bc,train
segment-dea2bb2c146163c233b4,segment-dea2bb2c146163c233b4-candidate-1,"Auch ist es fraglich wieviel Grundlagenwissen über das HKS vorhanden sein muss, damit die Schüler*Innen reflektieren können, welche Wissenslücken und Fehlvorstellungen sie haben",26,41,2,2,1,37,in_scope,1,,,,,1,False,annotation-00004301|annotation-00004302,,,,False,False,False,False,1,True,177,10,False,False,False,False,,26,4b146d61ab8738ab,train
segment-debc77da4b9aa9d8f3f3,segment-debc77da4b9aa9d8f3f3-candidate-1,"Um das Interesse der SchülerInnen aufzugreifen und sie direkt miteinzubinden,   sollten sie Vermutungen anstellen, wer ihrer Meinung nach der Täter oder die Täterin   ist und begründen, warum sie diese Vermutung haben.",90,7,3,2,2,19,in_scope,1,,,,,1,False,annotation-00010470|annotation-00010471,,,,False,False,False,False,1,True,218,10,False,False,False,False,,90,6fd026ce8e8388c4,train
segment-decbdc0a6425d08fc096,segment-decbdc0a6425d08fc096-candidate-1,"Diese Art der Präsentation erscheint zunächst  
gewinnbringend, da die Ergebnisse veranschaulicht werden und besprochen werden",213,8,3,2,4,47,in_scope,1,,,,,1,False,annotation-00023355|annotation-00023356,,,,False,False,False,False,1,True,126,10,False,False,False,False,,213,010765bfd40e73e6,train
segment-df60f1696838e06dd320,segment-df60f1696838e06dd320-candidate-1,Die SuS teilten ihr Vorwissen darüber mit und haben es mit dem vorherigen Thema Verdauung verbunden,8,17,1,2,1,22,in_scope,1,,,,,1,False,annotation-00000562|annotation-00000563,,,,False,False,False,False,1,True,99,10,False,False,False,False,,8,423489dd4b4c0912,train
segment-df842bb44d63234e6484,segment-df842bb44d63234e6484-candidate-1,"Das Vorwissen der SuS wird auffällig zu dem Einstiegsgegenstand sehr  
intensiv berücksichtigt.",34,14,3,2,1,52,in_scope,1,,,,,1,False,annotation-00001718,,,,False,False,False,False,1,True,95,10,False,False,False,False,,34,7b4ac7e6dba86acb,dev
segment-df9c4b765c91e9166629,segment-df9c4b765c91e9166629-candidate-1,"Auch mussten die Schülerinnen und Schüler ihre Antworten begründen, zum Beispiel als sie gesagt haben, wer für sie der Täter ist.",121,51,5,2,2,77,in_scope,1,,,,,1,False,annotation-00016160|annotation-00016161,,,,False,False,False,False,1,True,129,10,False,False,False,False,,121,0e3a4017f81e8c8c,train
segment-dfa8a2ea6ceb42e41675,segment-dfa8a2ea6ceb42e41675-candidate-1,"Die Schüler*innen sollten praktisch Arbeiten und  
lernen, sorgfältig mit der Gerätschaft umzugehen.",94,16,3,2,2,5,in_scope,1,,,,,1,False,annotation-00009773|annotation-00009774,,,,False,False,False,False,1,True,100,10,False,False,False,False,,94,7c587cc9ab214913,train
segment-dfe04fef6369de694afc,segment-dfe04fef6369de694afc-candidate-1,"Zudem greifen die Lehrpersonen  
alltagssprachliche Begriffe der SchülerInnen in vielen Situationen auf und ergänzen  
beziehungsweise ersetzen diese durch die korrekten Fachbegriffe",89,3,3,2,2,38,in_scope,1,,,,,1,False,annotation-00010732|annotation-00010733,,,,False,False,False,False,1,True,182,10,False,False,False,False,,89,9efb7a7c3e8b6377,train
segment-e02cde498fc0250e62bf,segment-e02cde498fc0250e62bf-candidate-1,"Anhand der Videosequenz kann ich  
nicht erkennen, ob dies bereits besprochen wurde aber mit Entstehung der Frage lässt sich  
darauf schließen, dass dies nicht der Fall war.",220,39,3,2,4,34,in_scope,1,,,,,1,False,annotation-00022605|annotation-00022606,,,,False,False,False,False,1,True,174,10,False,False,False,False,,220,8471822e1d4ebecc,train
segment-e048997a32ad42ad5105,segment-e048997a32ad42ad5105-candidate-1,"Für leistungsschwächere Schüler*innen wäre  
es wünschenswert gewesen, dass sie zusätzliche Unterstützungsmaßnahmen in Form  
eines Arbeitsblatts mit einer Anleitung, einem Skript zum Nachlesen des  
Arbeitsauftrags oder Tipps zur Umsetzung der Aufgabenstellung erhalten hätten",217,27,3,2,4,35,in_scope,1,,,,,1,False,annotation-00022857|annotation-00022858,,,,False,False,False,False,1,True,277,10,False,False,False,False,,217,2b1a36ed00f62e21,train
segment-e07b1bf6bb00f39e99ce,segment-e07b1bf6bb00f39e99ce-candidate-1,"Insgesamt erweckte die Klasse nach einiger Zeit den Eindruck,   dass das Video über ihre Aufnahmekapazität hinaus ging",95,27,3,2,2,69,in_scope,1,,,,,1,False,annotation-00009689|annotation-00009690,,,,False,False,False,False,1,True,118,10,False,False,False,False,,95,2b1a36ed00f62e21,train
segment-e0aac0ca91dce4190cbc,segment-e0aac0ca91dce4190cbc-candidate-1,"Der Einstieg mit Hilfe der Dextrose zeigte ein erhöhtes Interesse am Thema, da viele SuS den Traubenzucker schon mal selbst zu sich genommen haben und von ihren eigenen Erfahrungen damit berichten konnten",48,24,5,1,1,29,in_scope,1,,,,,1,False,annotation-00006406,,,,False,False,False,False,1,True,204,10,False,False,False,False,,48,e303475eaa710a89,train
segment-e0b229202a5a56e1c700,segment-e0b229202a5a56e1c700-candidate-1,"Ein weiterer positiver Aspekt, der oft währen der zweiten Videosequenz beobachtet werden konnte, ist der, dass die Lehrerin die Lernende oft unterstützende Rückmeldungen gegeben hat.",207,20,2,2,4,28,in_scope,1,,,,,1,False,annotation-00024896|annotation-00024897,,,,False,False,False,False,1,True,182,10,False,False,False,False,,207,5257a952b667ebc3,train
segment-e0b9f606026f8c2e6ac2,segment-e0b9f606026f8c2e6ac2-candidate-1,"Dieser Gefahr entgegnet sie aber geschickt, indem die Schüler*innen sich mit  
den anderen Präsentationen im Nachgang auch auseinandersetzen und darüber  
diskutieren müssen.",215,14,3,2,4,74,in_scope,1,,,,,1,False,annotation-00023139|annotation-00023140,,,,False,False,False,False,1,True,174,10,False,False,False,False,,215,7b4ac7e6dba86acb,dev
segment-e16620db31dab00c85de,segment-e16620db31dab00c85de-candidate-1,"Zwar tat dies die Lehrkraft, indem sie stichwortartig die Begriffe sammelte und den Ablauf mit Part 1 und Part 2 kennzeichnete,",230,24,5,1,4,26,in_scope,1,,,,,1,False,annotation-00027638,,,,False,False,False,False,1,True,127,10,False,False,False,False,,230,e303475eaa710a89,train
segment-e1723255b19ea382a11d,segment-e1723255b19ea382a11d-candidate-1,"Ein derartiges Vorgehen erscheint ist nur dann angebracht, wenn auch alle anderen formulierten Fragen als legitim und
„beantwortenswert“ gewürdigt werden. Was leider nicht der Fall war",18,21,2,1,1,38,in_scope,1,,,,,1,False,annotation-00005709,,,,False,False,False,False,1,True,184,10,False,False,False,False,,18,8153a465245aa4f5,train
segment-e174c94d526652b7af63,segment-e174c94d526652b7af63-candidate-1,"Es wurde zwar darauf geachtet, die Sicht der lernenden stets im Hinterkopf zu behalten, dennoch sollte zukünftig die Hauptintention der eigenen Lehre besser kommuniziert werden und aus verstärkter Ansicht der Lernenden generiert werden",61,2,1,1,2,51,in_scope,1,,,,,1,False,annotation-00007960,,,,False,False,False,False,1,True,235,10,False,False,False,False,,61,3faf840a033c018d,train
segment-e19079671b4da45b62ac,segment-e19079671b4da45b62ac-candidate-1,"Dabei wird das Lernen in diesem Kontext eingebunden. Zudem kommt immer wieder der Alltagsbezug hinzu, da die PCR als solches aufgrund der Corona-Pandemie bereits ein Begriff gewesen ist (Spörhase et al., 2012).",84,5,2,2,2,35,in_scope,1,,,,,1,False,annotation-00012876,,,,False,False,False,False,1,True,210,10,False,False,False,False,,84,cd38e7c2d4a56e90,train
segment-e1bb9e43d9f100943aff,segment-e1bb9e43d9f100943aff-candidate-1,"Hier könnte jedoch noch auf ein sauberes, strukturiertes  
Tafelbild geachtet werden.",221,40,3,2,4,15,in_scope,1,,,,,1,False,annotation-00022414|annotation-00022415,,,,False,False,False,False,1,True,85,10,False,False,False,False,,221,cf54d4a96848c26d,test
segment-e1e3d8bd23a2195690aa,segment-e1e3d8bd23a2195690aa-candidate-1,"Obwohl klare Instruktionen  
im Rahmen dieser Unterrichtseinheit wichtig für den Ablauf und das Verständnis der  
Schülerinnen und Schüler sind, hätte der Input durch die Lehrkräfte an manchen Stellen  
möglicherweise etwas reduziert werden können.",89,3,3,2,2,30,in_scope,1,,,,,1,False,annotation-00010717|annotation-00010718,,,,False,False,False,False,1,True,248,10,False,False,False,False,,89,9efb7a7c3e8b6377,train
segment-e213cf2f18e666d5fc04,segment-e213cf2f18e666d5fc04-candidate-1,Zusätzlich hätte ein Versuchsprotokoll eingesetzt werden können,91,8,3,2,2,44,in_scope,1,,,,,1,False,annotation-00010362|annotation-00010363,,,,False,False,False,False,1,True,63,10,False,False,False,False,,91,010765bfd40e73e6,train
segment-e23a8018bd1e26a7665f,segment-e23a8018bd1e26a7665f-candidate-1,"Bei der Präsentation haben die SuS ihre, auf DIN-A4-Blatt festgehaltenen,   Zeichnungen hochgehoben.",39,40,3,2,1,36,in_scope,1,,,,,1,False,annotation-00001075|annotation-00001076,,,,False,False,False,False,1,True,100,10,False,False,False,False,,39,cf54d4a96848c26d,test
segment-e24bb6293f2d94f3d3bd,segment-e24bb6293f2d94f3d3bd-candidate-1,"Auch hier wäre es sinnvoll gewesen, die  
Gelelektrophorese anhand eines Arbeitsblattes zu behandeln, um größere  
Verständnisprobleme zu vermeiden.",93,14,3,2,2,101,in_scope,1,,,,,1,False,annotation-00010075|annotation-00010076,,,,False,False,False,False,1,True,148,10,False,False,False,False,,93,7b4ac7e6dba86acb,dev
segment-e277b6c696883aba6cd7,segment-e277b6c696883aba6cd7-candidate-1,"So hatte sie Zeit sich ein Überblick zu  
verschaffen und die Lernenden konnten sich direkt am Anfang einbringen und schon  
Fragen mit in den Unterricht integrieren",36,33,3,2,1,7,in_scope,1,,,,,1,False,annotation-00001377|annotation-00001378,,,,False,False,False,False,1,True,165,10,False,False,False,False,,36,fd1a055c1ca13050,test
segment-e2a47633bb2144a64ad3,segment-e2a47633bb2144a64ad3-candidate-1,"Am Anfang des Workshops wurde der Klasse ein Mordfall präsentiert, womit die SuS 
einen besseren und interessanten Einstieg zu dem molekularbiologischen Thema 
bekommen haben.",96,33,3,2,2,5,in_scope,1,,,,,1,False,annotation-00009459|annotation-00009460,,,,False,False,False,False,1,True,175,10,False,False,False,False,,96,fd1a055c1ca13050,test
segment-e2c8fbf47ffc039ac95a,segment-e2c8fbf47ffc039ac95a-candidate-1,Der Workshop „Speicherorgane“ beinhaltete die Basiskonzepte „Struktur und Funktion“ als eines der Hauptmerkmale.,61,2,1,1,2,37,in_scope,1,,,,,1,False,annotation-00007929|annotation-00007930,,,,False,False,False,False,1,True,112,10,False,False,False,False,,61,3faf840a033c018d,train
segment-e2d6e189abcd56e14d8d,segment-e2d6e189abcd56e14d8d-candidate-1,Diese Informationen wurden sinnvoll aufgearbeitet und durch Grafiken unterstützt,60,57,5,2,1,30,in_scope,1,,,,,1,False,annotation-00007156|annotation-00007157,,,,False,False,False,False,1,True,80,10,False,False,False,False,,60,d1fbfe5e3fb609be,train
segment-e2f575c09f5b0b1c5809,segment-e2f575c09f5b0b1c5809-candidate-1,Das Anwenden der biologischen Arbeitsweisen gehört zu dem Kompetenzbereich   Erkenntnisgewinnung und ist somit Teil der von der Kultusministerkonferenz   beschriebenen Bildungsstandards.,90,7,3,2,2,71,in_scope,1,,,,,1,False,annotation-00010573|annotation-00010574,,,,False,False,False,False,1,True,186,10,False,False,False,False,,90,6fd026ce8e8388c4,train
segment-e32bca9ba951737a581e,segment-e32bca9ba951737a581e-candidate-1,"Entweder konnten die Studierenden die 
Fragen aus fachwissenschaftlicher Sicht nicht beantworten, die Zeit für das Nachdenken war zu kurz oder die Distanz, die bei der online-Lehre vorliegt, begünstigt das „Sich-nicht-angesprochen-fühlen“.",191,17,1,2,4,16,in_scope,1,,,,,1,False,annotation-00024176|annotation-00024177,,,,False,False,False,False,1,True,239,10,False,False,False,False,,191,423489dd4b4c0912,train
segment-e33a24e694bf8f3dddd2,segment-e33a24e694bf8f3dddd2-candidate-1,"

SuS waren stets in der Lage Frage zu stellen -",27,46,2,2,1,24,in_scope,1,,,,,1,False,annotation-00003657,,,,False,False,False,False,1,True,46,10,False,False,False,False,,27,8490512266eabf51,dev
segment-e35bf73a097e633230fd,segment-e35bf73a097e633230fd-candidate-1,"Man sieht auch, dass die Lehrerin hohen 
Wert auf die Fachwissenschaft legt",222,43,3,2,4,25,in_scope,1,,,,,1,False,annotation-00022213|annotation-00022214,,,,False,False,False,False,1,True,75,10,False,False,False,False,,222,ef200883f78ba4bc,train
segment-e3a0a88bcd5f4cd4cedc,segment-e3a0a88bcd5f4cd4cedc-candidate-1,"Die Fachsprache  
wird hin und wieder eingesetzt und bei der Ergebnissicherung von der Lehrperson  
erwarte",29,27,3,2,1,67,in_scope,1,,,,,1,False,annotation-00001566|annotation-00001567,,,,False,False,False,False,1,True,107,10,False,False,False,False,,29,2b1a36ed00f62e21,train
segment-e3e694f4e4aff58ce5c5,segment-e3e694f4e4aff58ce5c5-candidate-1,"Die Übungsgelegenheiten waren zum Teil kognitiv aktivierend,",121,51,5,2,2,33,in_scope,1,,,,,1,False,annotation-00016045|annotation-00016046,,,,False,False,False,False,1,True,60,10,False,False,False,False,,121,0e3a4017f81e8c8c,train
segment-e3ea3ef45640570a5831,segment-e3ea3ef45640570a5831-candidate-1,"Hätte die Lehrperson ein akustisches Signal als Ritual bereits in der Klasse eingeführt, dann  
wäre vermutlich auch schneller Ruhe eingekehrt und die Lehrperson hätte dadurch eher  
wieder mit ihrem Inhalt weitermachen können als es in der Stunde der Fall gewesen war.",163,54,3,2,3,30,in_scope,1,,,,,1,False,annotation-00017594|annotation-00017595,,,,False,False,False,False,1,True,269,10,False,False,False,False,,163,ed2e1db7eb20f852,train
segment-e40e6061042cf323f46f,segment-e40e6061042cf323f46f-candidate-1,"nsgesamt war zu beobachten, dass alle Schritte bis zum Input der DNA klar und  
strukturiert waren, wodurch Schüler*innen dem Ablauf des Workshops gut folgen  
konnten.",95,27,3,2,2,45,in_scope,1,,,,,1,False,annotation-00009652|annotation-00009653,,,,False,False,False,False,1,True,168,10,False,False,False,False,,95,2b1a36ed00f62e21,train
segment-e44479ea7e0864c94914,segment-e44479ea7e0864c94914-candidate-1,"Ebenfalls positiv zu bewerten  
ist, dass ein sammeln und ausstellen verschiedener Lösungswege stattgefunden hat,   sodass daraus Erkenntnisse gewonnen werden konnten, darüber diskutiert und die  
eigene Lösung überarbeitet werden konnte.",29,27,3,2,1,62,in_scope,1,,,,,1,False,annotation-00001557|annotation-00001558,,,,False,False,False,False,1,True,238,10,False,False,False,False,,29,2b1a36ed00f62e21,train
segment-e449b6241bfa9a562ab4,segment-e449b6241bfa9a562ab4-candidate-1,"Hierbei mussten sie die Lehrkräfte beobachten, während diese das Arbeiten mit Pipetten, das Beladen der Taschen im Gelkissen etc. vorstellten und dies nachmachen",86,41,2,2,2,14,in_scope,1,,,,,1,False,annotation-00013104,,,,False,False,False,False,1,True,161,10,False,False,False,False,,86,4b146d61ab8738ab,train
segment-e45737188b0fd156c7e8,segment-e45737188b0fd156c7e8-candidate-1,Insbesondere in Durchgang 2 wurde diese proaktive Haltung gegenüber diesen zwei Gruppen sehr deutlich.,171,24,5,1,3,7,in_scope,1,,,,,1,False,annotation-00020480|annotation-00020481|annotation-00020705|annotation-00020706,,,,False,False,False,False,1,True,102,10,False,False,False,False,,171,e303475eaa710a89,train
segment-e46da29d27e9ab149887,segment-e46da29d27e9ab149887-candidate-1,"Wissenschaftliche Arbeitstechniken haben im Rahmen dieser Unterrichtsstunde eher  
weniger zum Erkenntnisgewinn beigetragen.",30,3,3,2,1,71,in_scope,1,,,,,1,False,annotation-00002316|annotation-00002317,,,,False,False,False,False,1,True,124,10,False,False,False,False,,30,9efb7a7c3e8b6377,train
segment-e480de5cecffb30923b3,segment-e480de5cecffb30923b3-candidate-1,"Als die SuS die  
Lösungswege ihrer Zeichnungen präsentieren, gibt es nur wenig Diskussion darüber und die LP  
geht nur sehr oberflächlich darauf ein",34,14,3,2,1,62,in_scope,1,,,,,1,False,annotation-00001733|annotation-00001734,,,,False,False,False,False,1,True,150,10,False,False,False,False,,34,7b4ac7e6dba86acb,dev
segment-e514b5dfa24b122312e8,segment-e514b5dfa24b122312e8-candidate-1,"So konnte jede/r SuS seinen/ihren eigenen  
Vorstellungen nachgehen und diesen freien Lauf lassen",34,14,3,2,1,31,in_scope,1,,,,,1,False,annotation-00001682|annotation-00001683,,,,False,False,False,False,1,True,97,10,False,False,False,False,,34,7b4ac7e6dba86acb,dev
segment-e52a4f479c71f96065e8,segment-e52a4f479c71f96065e8-candidate-1,"ch hätte dies  
genauso gemacht, da es den SchülerInnen dadurch leichter fällt bei anderen  
Gruppen zu folgen.",223,54,3,2,4,89,in_scope,1,,,,,1,False,annotation-00022162|annotation-00022163,,,,False,False,False,False,1,True,111,10,False,False,False,False,,223,ed2e1db7eb20f852,train
segment-e52cc7665ab0e0eecec0,segment-e52cc7665ab0e0eecec0-candidate-1,"ufkommende Fragen, die in der nächsten Stunde besprechen werden sollten, konnten die SuS am Ende der Stunde stellen.",8,17,1,2,1,40,in_scope,1,,,,,1,False,annotation-00000602|annotation-00000603,,,,False,False,False,False,1,True,116,10,False,False,False,False,,8,423489dd4b4c0912,train
segment-e559605c4d12016b3490,segment-e559605c4d12016b3490-candidate-1,"Insgesamt wurden den Schüler:innen in dem Workshop verschiedene Lernanlässe geboten,   und das Nachfragen der Workshop-Mitglieder regte sie zum Problemlösen und Nachdenken  
an.",92,10,3,2,2,104,in_scope,1,,,,,1,False,annotation-00010283|annotation-00010284,,,,False,False,False,False,1,True,177,10,False,False,False,False,,92,c98254afde32e9a1,train
segment-e5604ea6b6bae077d8a2,segment-e5604ea6b6bae077d8a2-candidate-1,"Durch die Aktivierung des Vorwissens der Inhalte aus vergangenen  
Stunden, kommt es zur Wiederholung dieser und damit langfristig zur Festigung des  
Wissens.",29,27,3,2,1,16,in_scope,1,,,,,1,False,annotation-00001483|annotation-00001484,,,,False,False,False,False,1,True,159,10,False,False,False,False,,29,2b1a36ed00f62e21,train
segment-e595826d1c04068c7b97,segment-e595826d1c04068c7b97-candidate-1,Insgesamt ging die Unterrichtstunde über 2h.,99,40,3,2,2,68,in_scope,1,,,,,1,False,annotation-00009177|annotation-00009178,,,,False,False,False,False,1,True,44,10,False,False,False,False,,99,cf54d4a96848c26d,test
segment-e5f3e509b798febed6e9,segment-e5f3e509b798febed6e9-candidate-1,"Für mich war das Klassenmanagement, die  
Aufgabe und das Gesamtpaket gut und es scheint, anhand des Wissenszuwachs der  
Schülerinnen und Schüler, auch erfolgreich gewesen zu sein",220,39,3,2,4,64,in_scope,1,,,,,1,False,annotation-00022656|annotation-00022657,,,,False,False,False,False,1,True,180,10,False,False,False,False,,220,8471822e1d4ebecc,train
segment-e6390710ac5851b6cc36,segment-e6390710ac5851b6cc36-candidate-1,"Durch das Einzeichnen vom Weg des Blutes und dem darauffolgenden 
Präsentieren von Beispielen, werden verschiedene SchülerInnenvorstellungen  
berücksichtig.",41,54,3,2,1,48,in_scope,1,,,,,1,False,annotation-00000912|annotation-00000913,,,,False,False,False,False,1,True,157,10,False,False,False,False,,41,ed2e1db7eb20f852,train
segment-e65d72e0677598543558,segment-e65d72e0677598543558-candidate-1,"Alles in allem war es eine sehr spannend zu beobachtende Unterrichtsstunde, mit einem  
Experiment, das ich in dieser Form nicht kannte",220,39,3,2,4,62,in_scope,1,,,,,1,False,annotation-00022653|annotation-00022654,,,,False,False,False,False,1,True,135,10,False,False,False,False,,220,8471822e1d4ebecc,train
segment-e662ae65ac7f3edc9303,segment-e662ae65ac7f3edc9303-candidate-1,"Da die Klassenstufen 9, 11 und 12 angegeben sind, sprich Schüler:innen im Alter von 13 bis 18 Jahren ist allein durch diese Altersspanne ganz klar eine hohe Heterogenität gegeben.",208,41,2,2,4,14,in_scope,1,,,,,1,False,annotation-00024964|annotation-00024965,,,,False,False,False,False,1,True,179,10,False,False,False,False,,208,4b146d61ab8738ab,train
segment-e675c63e3381763c85d9,segment-e675c63e3381763c85d9-candidate-1,"Ein Workshop-Mitglied erklärte die Anweisungen schrittweise und anschaulich an der vorderen Tafel, sodass  
alle Schüler:innen sie sehen und verstehen konnten",92,10,3,2,2,29,in_scope,1,,,,,1,False,annotation-00010140|annotation-00010141,,,,False,False,False,False,1,True,158,10,False,False,False,False,,92,c98254afde32e9a1,train
segment-e67bf5c383a5b01e4155,segment-e67bf5c383a5b01e4155-candidate-1,"Das aufmerksame Zuhören könnte bedeuten, dass der Einstieg interessant  
und ansprechend für die Schülerinnen und Schüler war",151,3,3,2,3,17,in_scope,1,,,,,1,False,annotation-00018172|annotation-00018173,,,,False,False,False,False,1,True,125,10,False,False,False,False,,151,9efb7a7c3e8b6377,train
segment-e6bdedfafeee05492507,segment-e6bdedfafeee05492507-candidate-1,"In der Erarbeitungsphase, wenn die SuS die ABs  
für sich bearbeiten sollen, agiert die LP jedoch mit zunehmender individueller unterstützender  
Rückmeldung und hilft den SuS bei auftretenden Schwierigkeiten.",34,14,3,2,1,28,in_scope,1,,,,,1,False,annotation-00001676|annotation-00001677,,,,False,False,False,False,1,True,209,10,False,False,False,False,,34,7b4ac7e6dba86acb,dev
segment-e6c5e9cc33ba223dc509,segment-e6c5e9cc33ba223dc509-candidate-1,"Zudem hätte die Lehrkraft den Unterrichtseistieg „spannender“ 
gestalten können, um das Interesse der SuS noch mehr zu wecken",39,40,3,2,1,12,in_scope,1,,,,,1,False,annotation-00001039|annotation-00001040,,,,False,False,False,False,1,True,125,10,False,False,False,False,,39,cf54d4a96848c26d,test
segment-e6f5d14e069cdc7da4b5,segment-e6f5d14e069cdc7da4b5-candidate-1,"In dieser Unterrichtsphase ist negativ aufgefallen, dass die Lehrkraft die Schülervorträge  
teilweise unterbricht, Sätze beendet oder Ergebnisse vorwegnimmt",221,40,3,2,4,58,in_scope,1,,,,,1,False,annotation-00022498|annotation-00022499,,,,False,False,False,False,1,True,157,10,False,False,False,False,,221,cf54d4a96848c26d,test
segment-e6fd9dde85883cdd8588,segment-e6fd9dde85883cdd8588-candidate-1,und hat durch die Erschließung der Informationen zur Förderung der Kommunikationskompetenz beigetragen.,14,15,2,1,1,29,in_scope,1,,,,,1,False,annotation-00004657,,,,False,False,False,False,1,True,103,10,False,False,False,False,,14,01e178cb42e13d88,train
segment-e702477018970d150290,segment-e702477018970d150290-candidate-1,"Sie bewegt sich aktiv durch den Klassenraum und 
vermittelt eine gewisse Präsenz",40,43,3,2,1,12,in_scope,1,,,,,1,False,annotation-00000751|annotation-00000752,,,,False,False,False,False,1,True,80,10,False,False,False,False,,40,ef200883f78ba4bc,train
segment-e771704d4ae8445755b5,segment-e771704d4ae8445755b5-candidate-1,"Ihre Fragen ermöglichen es den Schülerinnen  
und Schülern, eigenständig Lösungswege zu formulieren und ihre Beobachtungen zu  
verbalisieren.",216,16,3,2,4,30,in_scope,1,,,,,1,False,annotation-00022954|annotation-00022955,,,,False,False,False,False,1,True,142,10,False,False,False,False,,216,7c587cc9ab214913,train
segment-e7cd0cc1e431cef46bb7,segment-e7cd0cc1e431cef46bb7-candidate-1,"Die Besprechung  
des Arbeitsblattes ist gut gelungen, wodurch die Lehrperson sicherstellen kann, dass  
die Schüler*innen die wichtigsten Inhalte verstanden haben.",95,27,3,2,2,79,in_scope,1,,,,,1,False,annotation-00009704|annotation-00009705,,,,False,False,False,False,1,True,164,10,False,False,False,False,,95,2b1a36ed00f62e21,train
segment-e7ce6cdacd9cc24bab96,segment-e7ce6cdacd9cc24bab96-candidate-1,"Zum einen zu Beginn der Stunde als das Vorwissen der Schüler*innen erfragt und richtiggestellt wurde (00:04:00-00:11:47), zum anderen beim Teil der Wissensvermittlung „Nice to know“ 
(00:39:19-01:12:00), bei dem verschiedene relevante Aspekte der Mikrobiologie wie der genetische Fingerabdruck, die STRs sowie die Arbeitsweise der Gelelektrophorese didaktisch reduziert thematisiert wurden.",122,57,5,2,2,4,in_scope,1,,,,,1,False,annotation-00016171|annotation-00016172,,,,False,False,False,False,1,True,390,10,False,False,False,False,,122,d1fbfe5e3fb609be,train
segment-e804501cd4ac14bf5cea,segment-e804501cd4ac14bf5cea-candidate-1,"Das gewählte Niveau der Aufgaben war der Schulklasse  
angemessen",97,37,3,2,2,8,in_scope,1,,,,,1,False,annotation-00009362|annotation-00009363,,,,False,False,False,False,1,True,65,10,False,False,False,False,,97,03fd173f4e9e83b6,train
segment-e86009bfe8808503fc8a,segment-e86009bfe8808503fc8a-candidate-1,"Das Einfühlen der  
Jugendlichen in den Fall und die damit verbundene Spannung und Motivation sollte darüber  
hinaus noch dafür sorgen, dass die Lernenden die doch sehr neue Situation, also die Arbeit im  
Labor, mehrere Studierende als Lehrpersonen, die aufgestellten Kameras und Mikrofone  
ausblenden können.",160,39,3,2,3,18,in_scope,1,,,,,1,False,annotation-00017667|annotation-00017668,,,,False,False,False,False,1,True,312,10,False,False,False,False,,160,8471822e1d4ebecc,train
segment-e86e37321d5e02f008b4,segment-e86e37321d5e02f008b4-candidate-1,"Durch das ganze Video hinweg geben die beiden Studierenden ihren Kommillitonen*innen sowohl angemessenes Feedback bzgl. der Antworten, die gegeben werden, als auch konstruktive Unterstützung, wenn die Frage nicht verstanden wurde bzw. es zu lange dauert, bis auf die Frage geantwortet wird.",186,30,1,1,4,22,in_scope,1,,,,,1,False,annotation-00021358,,,,False,False,False,False,1,True,290,10,False,False,False,False,,186,94dd5be7b479f16e,train
segment-e8705866e034b3ae5421,segment-e8705866e034b3ae5421-candidate-1,"Dies diente zum einen zur Auffrischung von elementaren Inhalten, welche auch für die Durchführung des Versuches notwendig waren und zum anderen als Aktivierung der Lernenden (aufstehen / hinsetzten).",120,47,5,2,2,20,in_scope,1,,,,,1,False,annotation-00015851,,,,False,False,False,False,1,True,199,10,False,False,False,False,,120,5e026b3c944c5d13,train
segment-e8cdb2b2a31201b6c403,segment-e8cdb2b2a31201b6c403-candidate-1,"Sie bieten für lernschwache und unmotivierte SchülerInnen eine gute Gelegenheit  
sich zurückzuziehen und passiv am Unterricht teilzunehmen.",213,8,3,2,4,66,in_scope,1,,,,,1,False,annotation-00023385|annotation-00023386,,,,False,False,False,False,1,True,140,10,False,False,False,False,,213,010765bfd40e73e6,train
segment-e8d0f3c76b7c0b9cef42,segment-e8d0f3c76b7c0b9cef42-candidate-1,"Zudem kommt hinzu, dass die Student*innen zu Hause über keinen Zugang zu den meisten dieser Objekte verfügen, was einen zusätzlichen Anreiz bieten kann",110,28,5,1,2,39,in_scope,1,,,,,1,False,annotation-00015002,,,,False,False,False,False,1,True,151,10,False,False,False,False,,110,66113b8d0b6fb170,test
segment-e92cc7468437f4da6f68,segment-e92cc7468437f4da6f68-candidate-1,"Sinnvoll wäre es beispielsweise gewesen  
beim Erklären des Herzens mit Vorhöfen und Kammer, beispielsweise ein Realmodell  
einzusetzen",41,54,3,2,1,89,in_scope,1,,,,,1,False,annotation-00000991|annotation-00000992,,,,False,False,False,False,1,True,136,10,False,False,False,False,,41,ed2e1db7eb20f852,train
segment-e9552a8d4fc1839d0ea7,segment-e9552a8d4fc1839d0ea7-candidate-1,"In den praktischen Arbeitsphasen sind die Lehrkräfte durch das Zimmer gegangen und haben  
die einzelnen Gruppen an ihren Tischen unterstützt.",99,40,3,2,2,44,in_scope,1,,,,,1,False,annotation-00009130|annotation-00009131,,,,False,False,False,False,1,True,142,10,False,False,False,False,,99,cf54d4a96848c26d,test
segment-e969303a4e3b90283c6a,segment-e969303a4e3b90283c6a-candidate-1,"Allerdings muss man hierbei bedenken, dass dies sehr anspruchsvoll wäre und für einige Lernenden auch nicht machbar gewesen wäre.",240,47,5,2,4,56,in_scope,1,,,,,1,False,annotation-00028069|annotation-00028070,,,,False,False,False,False,1,True,129,10,False,False,False,False,,240,5e026b3c944c5d13,train
segment-e9939984ca315f756b9b,segment-e9939984ca315f756b9b-candidate-1,"Ein Workshop-Mitglied  
instruierte die Schüler*innen Schritt für Schrit",93,14,3,2,2,25,in_scope,1,,,,,1,False,annotation-00009935|annotation-00009936,,,,False,False,False,False,1,True,72,10,False,False,False,False,,93,7b4ac7e6dba86acb,dev
segment-e9a7f6f3650de50abbdf,segment-e9a7f6f3650de50abbdf-candidate-1,Des Öfteren stand sie bei den einzelnen Gruppen und konnte die Schüler:innen mit gezielten Fragen dazu bringen ihr vorgehen selbstständig und mit Fachwissenschaftlicher Korrektheit zu beschreiben,236,23,5,2,4,26,in_scope,1,,,,,1,False,annotation-00028450|annotation-00028451,,,,False,False,False,False,1,True,195,10,False,False,False,False,,236,3999525a81ce4095,dev
segment-e9abae8620218da5e1d5,segment-e9abae8620218da5e1d5-candidate-1,"Aus Lehrersicht wurden die definierten Ziele der Unterrichtsstunde erfüllt: Die  
SchülerInnen haben einen Einblick in die Molekularbiologie gewonnen und haben einige 
molekularbiologischen Arbeitsweisen durchgeführt",91,8,3,2,2,87,in_scope,1,,,,,1,False,annotation-00010431|annotation-00010432,,,,False,False,False,False,1,True,216,10,False,False,False,False,,91,010765bfd40e73e6,train
segment-e9b1280a8fcdd17e3539,segment-e9b1280a8fcdd17e3539-candidate-1,"Auch Name: Laura Hetzel 
Kürzel: labe02 Reflexion 3 12.07.2023 
in dieser Phase stellte die Lehrerin gezielte Nachfragen, die sich auf das Experiment und/oder  
die Ergebnisse bezogen und die Schülerinnen und Schüler zum darüber nachdenken  
anzuregen",220,39,3,2,4,50,in_scope,1,,,,,1,False,annotation-00022632|annotation-00022633,,,,False,False,False,False,1,True,251,10,False,False,False,False,,220,8471822e1d4ebecc,train
segment-e9e3429465a26b0b6e55,segment-e9e3429465a26b0b6e55-candidate-1,"Zum fachdidaktischen Wissen kann gesagt werden, dass sich die Lehrkraft nicht wirklich den Nachfragen der SchülerInnen stellt.",7,9,1,2,1,31,in_scope,1,,,,,1,False,annotation-00000519|annotation-00000520,,,,False,False,False,False,1,True,126,10,False,False,False,False,,7,db87b4c42c40c536,train
segment-e9fd416e146ea4a86246,segment-e9fd416e146ea4a86246-candidate-1,"Nachdem die Beschreibung aller Verdächtigen  
abgeschlossen war, durften die Schüler*innen vermuten, wer der Täter gewesen sein  
könnte.",95,27,3,2,2,10,in_scope,1,,,,,1,False,annotation-00009588|annotation-00009589,,,,False,False,False,False,1,True,137,10,False,False,False,False,,95,2b1a36ed00f62e21,train
segment-ea02dac5b52dfec82b1f,segment-ea02dac5b52dfec82b1f-candidate-1,"Das hat mir gezeigt, dass die Studierenden sich zum Teil nicht ausgiebig mit   dem eingestellten Material auseinandergesetzt haben und zum anderen wenig motiviert und gewillt waren,   die Aufgaben zu bearbeiten.",74,55,2,1,2,44,in_scope,1,,,,,1,False,annotation-00014418|annotation-00014419,,,,False,False,False,False,1,True,211,10,False,False,False,False,,74,45eb80c6912d4c20,dev
segment-ea02efb9c65c06743838,segment-ea02efb9c65c06743838-candidate-1,"Der Auftrag von den SuS bestand daraus, dass die SuS als Arbeitsgruppe eine der  
fünf Variablen, die zuvor an der Tafel gesammelt wurden, auswählen und anhand  
diesen den weiteren Arbeitsauftrag ausfüllen.",215,14,3,2,4,23,in_scope,1,,,,,1,False,annotation-00023044|annotation-00023045,,,,False,False,False,False,1,True,207,10,False,False,False,False,,215,7b4ac7e6dba86acb,dev
segment-ea1fd5d989963020be53,segment-ea1fd5d989963020be53-candidate-1,"Jedoch gelang es der  
Lehrkraft in dieser Phase, sowie in allen weiteren Plenumsphasen, ein gutes Lehrer-SuS-Gespräch zu führen, bei welchem sie viele SuS miteinbeziehen und zum Nachdenken anregen 
konnte.",39,40,3,2,1,14,in_scope,1,,,,,1,False,annotation-00001042|annotation-00001043,,,,False,False,False,False,1,True,206,10,False,False,False,False,,39,cf54d4a96848c26d,test
segment-ea4a024f48047256050a,segment-ea4a024f48047256050a-candidate-1,"Gleiches lässt sich zur  
Schaffung eines positiven Sozialklimas sagen, was nicht aktiv im Unterricht zu  
beobachten, jedoch immerzu spürbar war.",217,27,3,2,4,28,in_scope,1,,,,,1,False,annotation-00022844|annotation-00022845,,,,False,False,False,False,1,True,146,10,False,False,False,False,,217,2b1a36ed00f62e21,train
segment-ea56da691cc1283cfa14,segment-ea56da691cc1283cfa14-candidate-1,"Gebotene Lernanlässe bezogen sich  
hauptsächlich auf die Durchführung des Versuches und die Anwendung der hierfür  
nötigen Materialien.",97,37,3,2,2,19,in_scope,1,,,,,1,False,annotation-00009380|annotation-00009381,,,,False,False,False,False,1,True,137,10,False,False,False,False,,97,03fd173f4e9e83b6,train
segment-ea7ee5eb6b8286179ab8,segment-ea7ee5eb6b8286179ab8-candidate-1,"Eine horizontale  
Vernetzung findet in der Unterrichtsstunde nicht statt",33,10,3,2,1,52,in_scope,1,,,,,1,False,annotation-00001897|annotation-00001898,,,,False,False,False,False,1,True,73,10,False,False,False,False,,33,c98254afde32e9a1,train
segment-eaaee9bdd58c7d88f20f,segment-eaaee9bdd58c7d88f20f-candidate-1,"Die  
Lehrerin steigt mit der Frage ein „Welche Variablen können die Photosyntheserate  
beeinflussen?“ und lädt die Klasse dazu ein die Ideen brainzustormen.",215,14,3,2,4,9,in_scope,1,,,,,1,False,annotation-00023017|annotation-00023018,,,,False,False,False,False,1,True,158,10,False,False,False,False,,215,7b4ac7e6dba86acb,dev
segment-eaba25f248cb1a6e145b,segment-eaba25f248cb1a6e145b-candidate-1,"Die Lehrkraft  
hätte die einzelnen Bestandteile wie Aufbau des Herzens oder Adern in vorherigen  
Stunden bereits besprechen sollen, bevor das Blut als Transportmittel zusätzlich  
noch erwähnt wird.",41,54,3,2,1,105,in_scope,1,,,,,1,False,annotation-00001018|annotation-00001019,,,,False,False,False,False,1,True,200,10,False,False,False,False,,41,ed2e1db7eb20f852,train
segment-eabfa5b60c3f7a603396,segment-eabfa5b60c3f7a603396-candidate-1,"Thema der Stunde war der 
Genetische Fingerabdruck.",100,43,3,2,2,12,in_scope,1,,,,,1,False,annotation-00008750|annotation-00008751,,,,False,False,False,False,1,True,51,10,False,False,False,False,,100,ef200883f78ba4bc,train
segment-eac5bfcab86efa3c4dec,segment-eac5bfcab86efa3c4dec-candidate-1,Solche kleinen Späße konnte man öfters beobachten. Auch seitens der Lehrerin.,240,47,5,2,4,36,in_scope,1,,,,,1,False,annotation-00028017|annotation-00028018,,,,False,False,False,False,1,True,77,10,False,False,False,False,,240,5e026b3c944c5d13,train
segment-eacd634de8727442ab3e,segment-eacd634de8727442ab3e-candidate-1,Am Tag des Workshops ist der Strom in Gebäude 2 ausgefallen.,152,7,3,2,3,4,in_scope,1,,,,,1,False,annotation-00018050|annotation-00018051,,,,False,False,False,False,1,True,60,10,False,False,False,False,,152,6fd026ce8e8388c4,train
segment-eb0ee6fe40794820a493,segment-eb0ee6fe40794820a493-candidate-1,"Durch  
die Begründung konnten die Schüler*innen diese nachvollziehen und auf einen  
regelkonformen Umgang achten.",95,27,3,2,2,49,in_scope,1,,,,,1,False,annotation-00009657|annotation-00009658,,,,False,False,False,False,1,True,115,10,False,False,False,False,,95,2b1a36ed00f62e21,train
segment-eb4882a0e5a0c90cd386,segment-eb4882a0e5a0c90cd386-candidate-1,"Um sprachliche Barrieren zu überwinden, würde es helfen,   wenn die Arbeitsschritte einmal gezeigt werden",154,10,3,2,3,30,in_scope,1,,,,,1,False,annotation-00017994|annotation-00017995,,,,False,False,False,False,1,True,105,10,False,False,False,False,,154,c98254afde32e9a1,train
segment-eb76d71359f91b75b1c2,segment-eb76d71359f91b75b1c2-candidate-1,"Dabei fällt positiv auf,   dass die Lehrkräfte im Unterrichtsgespräch verschiedene Operatoren (z.B. zusammenfassen,   nennen/angeben, beschreiben, etc.) einsetzen, um die Schülerinnen und Schüler zu  
aktivieren.",89,3,3,2,2,55,in_scope,1,,,,,1,False,annotation-00010760|annotation-00010761,,,,False,False,False,False,1,True,212,10,False,False,False,False,,89,9efb7a7c3e8b6377,train
segment-eb949d232cd014707cc9,segment-eb949d232cd014707cc9-candidate-1,"Ich denke, dass dies eher zu noch 
mehr Verwirrung bei den Schüler:innen und auch bei mir selbst geführt hat, da die Klasse  
immer unruhiger wurde",154,10,3,2,3,15,in_scope,1,,,,,1,False,annotation-00017970|annotation-00017971,,,,False,False,False,False,1,True,147,10,False,False,False,False,,154,c98254afde32e9a1,train
segment-eba7340ed7027272f130,segment-eba7340ed7027272f130-candidate-1,"Dies deshalb, da Schüler*innen zum Mitdenken und Nachdenken  
angeregt werden und das Problem für die Lernenden nicht als „all zu konstruiert“ wirkt.",29,27,3,2,1,20,in_scope,1,,,,,1,False,annotation-00001489|annotation-00001490,,,,False,False,False,False,1,True,149,10,False,False,False,False,,29,2b1a36ed00f62e21,train
segment-ebbc2b1b750e9a2efbbc,segment-ebbc2b1b750e9a2efbbc-candidate-1,Die Lernenden erhielten umgehend Feedback durch die Tutoren,184,2,1,1,4,26,in_scope,1,,,,,1,False,annotation-00021445,,,,False,False,False,False,1,True,59,10,False,False,False,False,,184,3faf840a033c018d,train
segment-ebdde283013384165825,segment-ebdde283013384165825-candidate-1,"Die Lehrkraft versucht auf ein Fachwissen der SchülerInnen zurückzugreifen, indem sie gezielt die letzte Unterrichtsstunde (Zellatmung)/ andere Themenkomplexe miteinbezieht",7,9,1,2,1,24,in_scope,1,,,,,1,False,annotation-00000498|annotation-00000499,,,,False,False,False,False,1,True,172,10,False,False,False,False,,7,db87b4c42c40c536,train
segment-ebf1541451bdbc8145b6,segment-ebf1541451bdbc8145b6-candidate-1,"Denn immer wieder  
kommen neue Aufgaben dazu, wodurch die LaborantInnen keine Vorbereitungen  
treffen müssen sondern sich mit bestimmten Aufgaben wie beispielsweise dem Aufklären eines Mörders beschäftigen müssen",101,54,3,2,2,73,in_scope,1,,,,,1,False,annotation-00009043|annotation-00009044,,,,False,False,False,False,1,True,214,10,False,False,False,False,,101,ed2e1db7eb20f852,train
segment-ec04faac030ecc1e1c06,segment-ec04faac030ecc1e1c06-candidate-1,"Sie ging herum, um sicherzustellen, dass alle  
Schülerinnen aktiv teilnahmen, die richtigen Schritte durchführten und bei Bedarf Fragen  
stellen konnten",156,16,3,2,3,35,in_scope,1,,,,,1,False,annotation-00017839|annotation-00017840,,,,False,False,False,False,1,True,154,10,False,False,False,False,,156,7c587cc9ab214913,train
segment-ec7de34eeb9d8b813d30,segment-ec7de34eeb9d8b813d30-candidate-1,"Besser wäre hier gewesen die Schülerinnen und Schüler in  
Tischgruppen (bestehend aus dem Nebensitzenden) gehen zu lassen, ihnen circa fünf  
Minuten Zeit zu geben und pro Tischgruppe eine Frage zu notieren.",38,39,3,2,1,64,in_scope,1,,,,,1,False,annotation-00001281|annotation-00001282,,,,False,False,False,False,1,True,208,10,False,False,False,False,,38,8471822e1d4ebecc,train
segment-ecccbfd381f9525e889a,segment-ecccbfd381f9525e889a-candidate-1,"Die ausgesuchten Modelle mussten nicht, aber konnten an der PH ausgeliehen werden.",69,17,1,2,2,8,in_scope,1,,,,,1,False,annotation-00011444|annotation-00011445,,,,False,False,False,False,1,True,82,10,False,False,False,False,,69,423489dd4b4c0912,train
segment-ed08c280839ca1f21162,segment-ed08c280839ca1f21162-candidate-1,"Der Kontext des Mordfalls wurde gewählt, da Geschichten aus der Kriminalistik meist großen  
Zuspruch erfahren und Menschen aus allen Altersklassen begeistern.",151,3,3,2,3,8,in_scope,1,,,,,1,False,annotation-00018154|annotation-00018155,,,,False,False,False,False,1,True,159,10,False,False,False,False,,151,9efb7a7c3e8b6377,train
segment-ed1abe396e74d2097a6c,segment-ed1abe396e74d2097a6c-candidate-1,"Zudem wird dadurch das Vorwissen  
zu den Einflussfaktoren auf die Photosynthese berücksichtigt und in die Unterrichtsstunde  
eingebunden",211,3,3,2,4,10,in_scope,1,,,,,1,False,annotation-00023602|annotation-00023603,,,,False,False,False,False,1,True,138,10,False,False,False,False,,211,9efb7a7c3e8b6377,train
segment-ed830cecd32b5366f72d,segment-ed830cecd32b5366f72d-candidate-1,"Dies ist mir in vielen Klassen in Praktika aufgefallen, bei  
denen ich diese Methode bisher versucht habe, neu einzusetzen",163,54,3,2,3,13,in_scope,1,,,,,1,False,annotation-00017564|annotation-00017565,,,,False,False,False,False,1,True,123,10,False,False,False,False,,163,ed2e1db7eb20f852,train
segment-edb7c290f992e68b4c72,segment-edb7c290f992e68b4c72-candidate-1,Außerdem hätte man den Weg der Nährstoffe im Blut anhand der Organisationsstufen präziser erklären können oder man nutz dies für die anschließenden Stunden.,24,5,2,2,1,16,in_scope,1,,,,,1,False,annotation-00003989|annotation-00003990,,,,False,False,False,False,1,True,156,10,False,False,False,False,,24,cd38e7c2d4a56e90,train
segment-edbec7746da6fd67c7e8,segment-edbec7746da6fd67c7e8-candidate-1,"Die Sprache im Unterricht  
war zu Beginn sehr einfach gehalten und wurde dann gegen Ende bei der Sicherung etwas  
komplexer und fachspezifischer.",34,14,3,2,1,102,in_scope,1,,,,,1,False,annotation-00001803|annotation-00001804,,,,False,False,False,False,1,True,147,10,False,False,False,False,,34,7b4ac7e6dba86acb,dev
segment-ee069b90487f90bbecc7,segment-ee069b90487f90bbecc7-candidate-1,"Durch den Austausch mit dem/der Partner:in und dem Markieren von Problemstellen, findet  
unter den Schüler:innen eine kleine Diskussion von Lösungswegen statt, wodurch auch die Celine Bollmann 21.04.2023 
cesa12  
Problemlösefähigkeit gefördert wird. ",33,10,3,2,1,26,in_scope,1,,,,,1,False,annotation-00001853|annotation-00001854,,,,False,False,False,False,1,True,251,10,False,False,False,False,,33,c98254afde32e9a1,train
segment-ee161a18bc6068eea1c6,segment-ee161a18bc6068eea1c6-candidate-1,"Somit musste die Lehrkraft die Problemfrage der Stunde  
selbst nennen, was zeigt, dass die kognitive Aktivierung falsch gewählt wurde.",33,10,3,2,1,17,in_scope,1,,,,,1,False,annotation-00001833|annotation-00001834,,,,False,False,False,False,1,True,135,10,False,False,False,False,,33,c98254afde32e9a1,train
segment-ee17b324bcb0b746b6f7,segment-ee17b324bcb0b746b6f7-candidate-1,"Wir hatten uns zum Ziel gesetzt, dass die Lesekompetenz der Schüler:innen hier keine Rolle spielen soll.",86,41,2,2,2,38,in_scope,1,,,,,1,False,annotation-00013144|annotation-00013145,,,,False,False,False,False,1,True,104,10,False,False,False,False,,86,4b146d61ab8738ab,train
segment-ee17c3374497c432858c,segment-ee17c3374497c432858c-candidate-1,"Diese  
Methode erscheint mir als geeignet, um sowohl das Vorwissen der SchülerInnen  
abzufragen als auch eine kognitive Aktivierung der Lernenden zu ermöglichen.",30,3,3,2,1,19,in_scope,1,,,,,1,False,annotation-00002215|annotation-00002216,,,,False,False,False,False,1,True,163,10,False,False,False,False,,30,9efb7a7c3e8b6377,train
segment-ee4f234b2e138de5d6b9,segment-ee4f234b2e138de5d6b9-candidate-1,"udem pflegt sie eine positive Fehlerkultur, wodurch sich  
die Schülerinnen und Schüler wohl fühlen und ihre Gedanken und Vermutungen offener  
teilen.",216,16,3,2,4,16,in_scope,1,,,,,1,False,annotation-00022929|annotation-00022930,,,,False,False,False,False,1,True,151,10,False,False,False,False,,216,7c587cc9ab214913,train
segment-ee56a62c776a6553c32b,segment-ee56a62c776a6553c32b-candidate-1,Zu den einzelnen Täterprofilen und der dazugehörigen DNA-Analyse könnten Bilder hinzugefügt werden,184,2,1,1,4,16,in_scope,1,,,,,1,False,annotation-00021428,,,,False,False,False,False,1,True,98,10,False,False,False,False,,184,3faf840a033c018d,train
segment-ee97a944eb3172f84fe1,segment-ee97a944eb3172f84fe1-candidate-1,"Die  
kurze Rekapitulation der bisher durchgeführten Arbeitsschritte sowie der Geschichte und das  
Aufgreifen der Spekulationen bezüglich der Täterin/des Täters spannte den Bogen zwischen  
Anfang und Ende der Unterrichtsstunde und schaffte erneute Klarheit und Struktur.",98,39,3,2,2,62,in_scope,1,,,,,1,False,annotation-00009329|annotation-00009330,,,,False,False,False,False,1,True,272,10,False,False,False,False,,98,8471822e1d4ebecc,train
segment-eeaf6bf68065941c1a50,segment-eeaf6bf68065941c1a50-candidate-1,So hatten die Lernenden die Möglichkeit sich erst   allein Gedanken zu machen und anschließend in ihrer Gruppe auszutauschen,90,7,3,2,2,104,in_scope,1,,,,,1,False,annotation-00010636|annotation-00010637,,,,False,False,False,False,1,True,124,10,False,False,False,False,,90,6fd026ce8e8388c4,train
segment-eebf99705fcff6bf568b,segment-eebf99705fcff6bf568b-candidate-1,"Es hätte sich  
angeboten zuvor die Problemfrage der Stunde erneut aufzugreifen und von einem  
Schüler/einer Schülerin beantworten zu lassen, denn eine richtige Lösung auf die Frage wurde  
bei der Sicherung nicht genannt.",33,10,3,2,1,74,in_scope,1,,,,,1,False,annotation-00001937|annotation-00001938,,,,False,False,False,False,1,True,223,10,False,False,False,False,,33,c98254afde32e9a1,train
segment-eee0413bc82073d550bd,segment-eee0413bc82073d550bd-candidate-1,"Insgesamt werden  
während der gesamten Unterrichtsstunde keine Differenzierungsangebote auf Grundlage der  
Lernervoraussetzungen gemacht.",211,3,3,2,4,34,in_scope,1,,,,,1,False,annotation-00023646|annotation-00023647,,,,False,False,False,False,1,True,139,10,False,False,False,False,,211,9efb7a7c3e8b6377,train
segment-ef0bdde591412f75b7a4,segment-ef0bdde591412f75b7a4-candidate-1,Zum einen ist die Diffusion beziehungsweise der Gasaustausch in der Lunge und in   den Kapillaren vorhanden.,31,7,3,2,1,21,in_scope,1,,,,,1,False,annotation-00002059|annotation-00002060,,,,False,False,False,False,1,True,108,10,False,False,False,False,,31,6fd026ce8e8388c4,train
segment-ef3dba3f1fad93da6b58,segment-ef3dba3f1fad93da6b58-candidate-1,"Hinzu kam die Problematik, dass die Zeichnungen sehr klein und oft mit Bleistift gezeichnet wurden und demnach kaum für die Studierenden an ihren Plätzen zu erkennen waren.",107,6,5,1,2,6,in_scope,1,,,,,1,False,annotation-00015363|annotation-00015364,,,,False,False,False,False,1,True,172,10,False,False,False,False,,107,97ee8f2854716d8e,train
segment-ef8b794601b5dde191d5,segment-ef8b794601b5dde191d5-candidate-1,"Die didaktische Aufarbeitung des theoretischen Inputs war schwierig, da wir die   Klasse nicht kannten und somit nicht wissen, ob und wenn ja wieviel Vorwissen die   SchülerInnen haben.",90,7,3,2,2,27,in_scope,1,,,,,1,False,annotation-00010488|annotation-00010489,,,,False,False,False,False,1,True,185,10,False,False,False,False,,90,6fd026ce8e8388c4,train
segment-ef90779b9c19da5f2019,segment-ef90779b9c19da5f2019-candidate-1,"Die Inhalte sind auf einer horizontalen Organisationsebene vernetzt, da das   Organsystem Herz-Kreislauf-System mit den einzelnen Bestandteilen behandelt wird.",31,7,3,2,1,28,in_scope,1,,,,,1,False,annotation-00002071|annotation-00002072,,,,False,False,False,False,1,True,159,10,False,False,False,False,,31,6fd026ce8e8388c4,train
segment-efd69b51727f15d413a2,segment-efd69b51727f15d413a2-candidate-1,"Somit  
waren die Schüler:innen von Beginn an motiviert und es herrschte ein positives Sozialklima,   wodurch gute Voraussetzungen für erfolgreiches Lernen geschaffen wurden",92,10,3,2,2,21,in_scope,1,,,,,1,False,annotation-00010125|annotation-00010126,,,,False,False,False,False,1,True,173,10,False,False,False,False,,92,c98254afde32e9a1,train
segment-efd7ca129bd88bb4b384,segment-efd7ca129bd88bb4b384-candidate-1,"Die Sachanalyse der Unterrichtsstunde zeigt, dass die Lehrperson über ein   fundiertes Fachwissen zum Herz-Kreislauf-System verfügt.",31,7,3,2,1,18,in_scope,1,,,,,1,False,annotation-00002053|annotation-00002054,,,,False,False,False,False,1,True,132,10,False,False,False,False,,31,6fd026ce8e8388c4,train
segment-f008efbe0a21ad4d8a07,segment-f008efbe0a21ad4d8a07-candidate-1,"In Bezug auf das fachdidaktische Wissen sind keine ersichtlichen  
Differenzierungsmöglichkeiten erkennbar.",216,16,3,2,4,45,in_scope,1,,,,,1,False,annotation-00022980|annotation-00022981,,,,False,False,False,False,1,True,107,10,False,False,False,False,,216,7c587cc9ab214913,train
segment-f05e9079d985cfc825c1,segment-f05e9079d985cfc825c1-candidate-1,"Daher bietet sich diese Methode gut an, um  
die SchülerInnen zu motivieren und alle SchülerInnen auf denselben Stand zu  
bringen",223,54,3,2,4,7,in_scope,1,,,,,1,False,annotation-00022017|annotation-00022018,,,,False,False,False,False,1,True,130,10,False,False,False,False,,223,ed2e1db7eb20f852,train
segment-f068e81118cc0f97fbaa,segment-f068e81118cc0f97fbaa-candidate-1,"Sie erklärt ihnen, dass sie eine Frage,   das Ziel und die unterstützenden Messdaten, die Begründung und die  
Schlussfolgerung auf einem Whiteboard festhalten sollen",215,14,3,2,4,25,in_scope,1,,,,,1,False,annotation-00023047|annotation-00023048,,,,False,False,False,False,1,True,166,10,False,False,False,False,,215,7b4ac7e6dba86acb,dev
segment-f08c5a34a3f07f484eed,segment-f08c5a34a3f07f484eed-candidate-1,"Aus der Videovignette wird ersichtlich, dass zuvor Forschungsfragen  
aufgestellt wurden, die durch die Experimente beantwortet werden sollten",213,8,3,2,4,44,in_scope,1,,,,,1,False,annotation-00023349|annotation-00023350,,,,False,False,False,False,1,True,142,10,False,False,False,False,,213,010765bfd40e73e6,train
segment-f0936ccf1e3b725a58dc,segment-f0936ccf1e3b725a58dc-candidate-1,"Die Lehrerin legt zu Beginn des Unterrichts klar dar, welche Erwartungen sie an die Gruppen  
hat und erläutert den Unterrichtsablauf.",216,16,3,2,4,3,in_scope,1,,,,,1,False,annotation-00022910|annotation-00022911,,,,False,False,False,False,1,True,134,10,False,False,False,False,,216,7c587cc9ab214913,train
segment-f0e4544c0ad17e0828a2,segment-f0e4544c0ad17e0828a2-candidate-1,"Da das thematisierte Stundenthema sehr  
kompakt durchgenommen wurde, ist es jedoch zentral, dass das thematisierte Fachwissen und  
die angewendeten Arbeitsweisen wiederholt werden und vor allem in Zusammenhang mit den  
Basiskonzepten de Biologie gebracht werden.",91,8,3,2,2,89,in_scope,1,,,,,1,False,annotation-00010434|annotation-00010435,,,,False,False,False,False,1,True,265,10,False,False,False,False,,91,010765bfd40e73e6,train
segment-f1075e2632e9da01234d,segment-f1075e2632e9da01234d-candidate-1,"s wird keine Modellkritik geübt, was besonders wichtig wäre, um zu verstehen, dass O2-reiches und O2-armes Blut im Körper nicht rot oder blau ist",35,16,3,2,1,20,in_scope,1,,,,,1,False,annotation-00001626|annotation-00001627,,,,False,False,False,False,1,True,145,10,False,False,False,False,,35,7c587cc9ab214913,train
segment-f11695acb45a972612ca,segment-f11695acb45a972612ca-candidate-1,"Das Workshop-Mitglied hat die  
Geschichte des Mordfalls sehr authentisch und fesselnd vorgestellt, sodass das Interesse und  
die Motivation der Schüler:innen von Anfang an geweckt war.",92,10,3,2,2,10,in_scope,1,,,,,1,False,annotation-00010107|annotation-00010108,,,,False,False,False,False,1,True,186,10,False,False,False,False,,92,c98254afde32e9a1,train
segment-f11f59098e4f31f0d685,segment-f11f59098e4f31f0d685-candidate-1,"Hierdurch war zu Janine Mahler Code: jabi27 RUPM SoSe23 
4679957 
4 
beobachten, dass die Schüler*innen die einzelnen Schritte der PCR verstehen und  
kennen lernen wollten",95,27,3,2,2,98,in_scope,1,,,,,1,False,annotation-00009734|annotation-00009735,,,,False,False,False,False,1,True,172,10,False,False,False,False,,95,2b1a36ed00f62e21,train
segment-f122d09234d495eabfb6,segment-f122d09234d495eabfb6-candidate-1,Menschen tendieren sich in solchen Situationen an Bekanntem und Gewohntem festzuhalten.,149,46,2,2,3,35,in_scope,1,,,,,1,False,annotation-00018985,,,,False,False,False,False,1,True,87,10,False,False,False,False,,149,8490512266eabf51,dev
segment-f19483747cf662ef9b8d,segment-f19483747cf662ef9b8d-candidate-1,"Zwar wurde der jeweilige Zeitrahmen vorab klar kommuniziert und durch das Ablaufen eines Timers für mehr Transparenz gesorgt, es konnte allerdings beobachtet werden, dass die jeweiligen Bearbeitungszeiten nach Ablauf des Timers um einige Minuten verlängert wurden, um mehr Arbeitszeit für weiteres Besprechen zu gewähren.",110,28,5,1,2,19,in_scope,1,,,,,1,False,annotation-00014955|annotation-00014956,,,,False,False,False,False,1,True,321,10,False,False,False,False,,110,66113b8d0b6fb170,test
segment-f1dda5cacd55e43a85e6,segment-f1dda5cacd55e43a85e6-candidate-1,"Vor allem in Bezug auf den verwirrenden Einstieg in das  
Stundenthema, aber auch allgemein kann nicht gewährleistet sein, dass sich alle  
SchülerInnen einschätzen können, wo sie noch Bedarf haben.",41,54,3,2,1,70,in_scope,1,,,,,1,False,annotation-00000951|annotation-00000952,,,,False,False,False,False,1,True,198,10,False,False,False,False,,41,ed2e1db7eb20f852,train
segment-f1ef45891d71fa961b9d,segment-f1ef45891d71fa961b9d-candidate-1,"Entscheidend für das Erlebnis war die Einbindung der Unterrichtsstunde in eine  
spannende Story",97,37,3,2,2,32,in_scope,1,,,,,1,False,annotation-00009401|annotation-00009402,,,,False,False,False,False,1,True,96,10,False,False,False,False,,97,03fd173f4e9e83b6,train
segment-f2199313587840cfeb7b,segment-f2199313587840cfeb7b-candidate-1,Durch den Kontext Mordfall wird das Interesse und die   Motivation der Schülerinnen erhöht.,90,7,3,2,2,17,in_scope,1,,,,,1,False,annotation-00010467|annotation-00010468,,,,False,False,False,False,1,True,91,10,False,False,False,False,,90,6fd026ce8e8388c4,train
segment-f261947253586b26f1b8,segment-f261947253586b26f1b8-candidate-1,"In der Gruppenarbeitsphase  
arbeiten alle Schüler:innen mit und es ist weiterhin ruhig und ein gutes Arbeitsklima",214,10,3,2,4,20,in_scope,1,,,,,1,False,annotation-00023176|annotation-00023177,,,,False,False,False,False,1,True,114,10,False,False,False,False,,214,c98254afde32e9a1,train
segment-f2ccf539d271679cae06,segment-f2ccf539d271679cae06-candidate-1,"Dazu gehört es auch für Ruhe zu sorgen, bevor man als Lehrkraft anfängt zu  
sprechen.",161,40,3,2,3,19,in_scope,1,,,,,1,False,annotation-00017625|annotation-00017626,,,,False,False,False,False,1,True,86,10,False,False,False,False,,161,cf54d4a96848c26d,test
segment-f2cff0d8c1b493062546,segment-f2cff0d8c1b493062546-candidate-1,"Mögliche Lösungswege wurden schon  
während der Erarbeitungsphase in der Gruppe und mit der Lehrerin kritisch  
diskutiert",219,37,3,2,4,28,in_scope,1,,,,,1,False,annotation-00022704|annotation-00022705,,,,False,False,False,False,1,True,122,10,False,False,False,False,,219,03fd173f4e9e83b6,train
segment-f2e712489f69a1f7fa50,segment-f2e712489f69a1f7fa50-candidate-1,"Die Lehrperson schaffte eine  
Verbindung zwischen dem Anfang und dem Ende der Unterrichtsstunde, indem sie eine kurze  
Zusammenfassung gab und so für Klarheit und Struktur sorgte.",156,16,3,2,3,39,in_scope,1,,,,,1,False,annotation-00017849|annotation-00017850,,,,False,False,False,False,1,True,181,10,False,False,False,False,,156,7c587cc9ab214913,train
segment-f374826f054ebf0baf51,segment-f374826f054ebf0baf51-candidate-1,"Andererseits stellt  
dies auch den Alltag der LaborantInnen im Polizeilabor dar",101,54,3,2,2,71,in_scope,1,,,,,1,False,annotation-00009040|annotation-00009041,,,,False,False,False,False,1,True,80,10,False,False,False,False,,101,ed2e1db7eb20f852,train
segment-f388b90aa26bf450a654,segment-f388b90aa26bf450a654-candidate-1,"Die Studierenden mussten im Vorhinein ein Video über Mikroskope schauen. Da würde ich jedoch noch mehr Möglichkeiten anbieten um ihr Wissen zu vertiefen, um dann beim Workshop ein möglichst gleiches Niveau zu haben.",79,44,2,1,2,26,in_scope,1,,,,,1,False,annotation-00014170|annotation-00014171,,,,False,False,False,False,1,True,215,10,False,False,False,False,,79,d6edc4c7955d78b1,train
segment-f38f40fb90bd88b6a89e,segment-f38f40fb90bd88b6a89e-candidate-1,"Einige markierte Problemstellen wurden der Klasse mitgeteilt, aber nicht alle von der Lehrerin korrigiert,",8,17,1,2,1,30,in_scope,1,,,,,1,False,annotation-00000580,,,,False,False,False,False,1,True,106,10,False,False,False,False,,8,423489dd4b4c0912,train
segment-f39f48cca29e85915df2,segment-f39f48cca29e85915df2-candidate-1,"Da die Phasen in den Gruppen eigenständig durchgeführt wurden, wurde die   Experimentierkompetenz der Lernenden gefördert.",212,7,3,2,4,96,in_scope,1,,,,,1,False,annotation-00023579|annotation-00023580,,,,False,False,False,False,1,True,122,10,False,False,False,False,,212,6fd026ce8e8388c4,train
segment-f3b81177aad02bb349f4,segment-f3b81177aad02bb349f4-candidate-1,"Jedoch wäre es hier wieder gewinnbringender gewesen, wenn auch dieser Vorgang  
gemeinsam mit Hilfe der Dokumentenkamera stattgefunden hätte, oder wenn für die  
Schüler*innen ein Arbeitsblatt mit einer Schritt-für-Schritt-Anleitung bereitgestellt  
worden wäre",93,14,3,2,2,80,in_scope,1,,,,,1,False,annotation-00010034|annotation-00010035,,,,False,False,False,False,1,True,261,10,False,False,False,False,,93,7b4ac7e6dba86acb,dev
segment-f3c17260165ebb8bd24d,segment-f3c17260165ebb8bd24d-candidate-1,"Die Schüler*Innen müssen sich also aufeinander verlassen können, um ans Ziel zu gelangen",26,41,2,2,1,29,in_scope,1,,,,,1,False,annotation-00004282,,,,False,False,False,False,1,True,88,10,False,False,False,False,,26,4b146d61ab8738ab,train
segment-f3cb63a71b3776bf1e12,segment-f3cb63a71b3776bf1e12-candidate-1,"Kaum bemerkt wird das zu späte Erscheinen eines Schülers zum  
Unterricht",223,54,3,2,4,43,in_scope,1,,,,,1,False,annotation-00022080|annotation-00022081,,,,False,False,False,False,1,True,73,10,False,False,False,False,,223,ed2e1db7eb20f852,train
segment-f3cef36073b957d002ae,segment-f3cef36073b957d002ae-candidate-1,"Hier könnte die  
Lehrkraft in Zukunft noch stärker darauf achten, dass alle Schülerinnen und Schüler  
den Unterrichtsstoff gut verstehen und dass Fachbegriffe und Zusammenhänge klar  
erklärt werden.",37,37,3,2,1,36,in_scope,1,,,,,1,False,annotation-00001370|annotation-00001371,,,,False,False,False,False,1,True,201,10,False,False,False,False,,37,03fd173f4e9e83b6,train
segment-f3f85d95b906bc8fd24b,segment-f3f85d95b906bc8fd24b-candidate-1,"Dabei halfen auch die 4 weiterenStudierenden, die sich im Raum verteilten und jede Kleingruppe beobachten konnte.",100,43,3,2,2,31,in_scope,1,,,,,1,False,annotation-00008789|annotation-00008790,,,,False,False,False,False,1,True,113,10,False,False,False,False,,100,ef200883f78ba4bc,train
segment-f3f90df62323ac4dac1e,segment-f3f90df62323ac4dac1e-candidate-1,"Die Workshop-Person, die diesen Teil  
durchführte, hielt den Theorieteil sehr prägnant und einfach und erreichte bei den  
Lernenden durch geschicktes Verknüpfen der PCR mit der Corona-Pandemie volle  
Aufmerksamkeit",93,14,3,2,2,85,in_scope,1,,,,,1,False,annotation-00010042|annotation-00010043,,,,False,False,False,False,1,True,217,10,False,False,False,False,,93,7b4ac7e6dba86acb,dev
segment-f43b5dc86d9cc2f8bf92,segment-f43b5dc86d9cc2f8bf92-candidate-1,"Die Schülerschaft wird immer heterogener was eine große 
Herausforderung, für die Schüler*innen an sich ist, als auch für die Lehrkräfte aber auch für 
die Schule und die Gesellschaft an sich",162,43,3,2,3,10,in_scope,1,,,,,1,False,annotation-00017512|annotation-00017513,,,,False,False,False,False,1,True,191,10,False,False,False,False,,162,ef200883f78ba4bc,train
segment-f4b570a4443267e3bd29,segment-f4b570a4443267e3bd29-candidate-1,"Das 
Vergleichen der unterschiedlichen Schülervorstellungen hat ebenfalls eine Wichtige Rolle für den Unterrichtsverlauf gespielt.",24,5,2,2,1,27,in_scope,1,,,,,1,False,annotation-00004018,,,,False,False,False,False,1,True,130,10,False,False,False,False,,24,cd38e7c2d4a56e90,train
segment-f4cb70f49db3a77f9590,segment-f4cb70f49db3a77f9590-candidate-1,"Da sowohl der Lernstand als auch das Leistungsniveau der  
Schüler*innen zuvor nicht bekannt war, kann folgendes als Option zur Ergänzung des  
Workshops betrachtet werden: Arbeitsschritte können zunächst von der Lehrperson  
unter einer Kamera durchgeführt werden, sodass alle Schüler*innen diese einmal  
gesehen haben, bevor sie diese nachmachen dürfen",95,27,3,2,2,33,in_scope,1,,,,,1,False,annotation-00009630|annotation-00009631,,,,False,False,False,False,1,True,355,10,False,False,False,False,,95,2b1a36ed00f62e21,train
segment-f4cbf83ed7d8cb408b59,segment-f4cbf83ed7d8cb408b59-candidate-1,"Ich war in dieser Situation etwas gehemmt noch konsequenter Ruhe einzufordern, da die  
eigentlichen Lehrkräfte der Klasse auch im Raum waren und ich die Klasse nicht kannte",161,40,3,2,3,12,in_scope,1,,,,,1,False,annotation-00017613|annotation-00017614,,,,False,False,False,False,1,True,173,10,False,False,False,False,,161,cf54d4a96848c26d,test
segment-f4decf3cc0854d541fa3,segment-f4decf3cc0854d541fa3-candidate-1,"In der folgenden Unterrichtsphase wurden die Schülervorstellungen erhoben, indem die SuS  
auf einem Arbeitsblatt skizzieren sollten, wie das Blut durch den menschlichen Körper fließt.",39,40,3,2,1,21,in_scope,1,,,,,1,False,annotation-00001054|annotation-00001055,,,,False,False,False,False,1,True,184,10,False,False,False,False,,39,cf54d4a96848c26d,test
segment-f548c9aa97cab14d7071,segment-f548c9aa97cab14d7071-candidate-1,In der Unterrichtsstunde Blutkreislauf gab es durch den Problemlösungsorientierten Ansatz der Stunde für Schüler*innen die Möglichkeit einer kognitiven Aktivierung,47,6,5,1,1,2,in_scope,1,,,,,1,False,annotation-00006091,,,,False,False,False,False,1,True,163,10,False,False,False,False,,47,97ee8f2854716d8e,train
segment-f54f396a5be1786538a3,segment-f54f396a5be1786538a3-candidate-1,"Eine Schülerin hat eine korrekte Problemfrage formuliert, die Lehrerin merkte an, dass sie nah dran sei, woraufhin nur noch falsche Vermutungen aufgestellt wurden.",8,17,1,2,1,73,in_scope,1,,,,,1,False,annotation-00000701,,,,False,False,False,False,1,True,163,10,False,False,False,False,,8,423489dd4b4c0912,train
segment-f5677e5c4cf54a787da6,segment-f5677e5c4cf54a787da6-candidate-1,"Die Studierenden konnten Blattober- und Unterseite vergleichen und Gemeinsamkeiten sowie unterschiede erkennen. Wir hätten jedoch auch noch genauer darauf eingehen können, um noch mehr zur Erkenntnisgewinnung beizutragen.",79,44,2,1,2,36,in_scope,1,,,,,1,False,annotation-00014190|annotation-00014191,,,,False,False,False,False,1,True,221,10,False,False,False,False,,79,d6edc4c7955d78b1,train
segment-f5948f76e3c3652bb2e5,segment-f5948f76e3c3652bb2e5-candidate-1,"Beobachtungen zum Einstieg: Die Lehrperson beginnt mit einem Impuls bei dem 
Schüler*innen ihr Vorwissen aktivieren.",40,43,3,2,1,2,in_scope,1,,,,,1,False,annotation-00000735|annotation-00000736,,,,False,False,False,False,1,True,116,10,False,False,False,False,,40,ef200883f78ba4bc,train
segment-f5c13630908e9062408a,segment-f5c13630908e9062408a-candidate-1,"Auch wenn Geschichten meist nur von den Lehrenden  
vorgetragen werden, führen diese laut Paradies und Greving (2018) zu einer hohen  
inneren Aktivität bei den Lernenden.",97,37,3,2,2,36,in_scope,1,,,,,1,False,annotation-00009407|annotation-00009408,,,,False,False,False,False,1,True,171,10,False,False,False,False,,97,03fd173f4e9e83b6,train
segment-f5d3fc131d234a351f42,segment-f5d3fc131d234a351f42-candidate-1,"Wie oben schon erwähnt, haben  
das die SuS nacheinander gemacht.",218,33,3,2,4,25,in_scope,1,,,,,1,False,annotation-00022789|annotation-00022790,,,,False,False,False,False,1,True,65,10,False,False,False,False,,218,fd1a055c1ca13050,test
segment-f64dfe8a7fa5cd440f39,segment-f64dfe8a7fa5cd440f39-candidate-1,"Zur Vermittlung des Fachwissens kann außerdem ausgesagt werden, dass keine  
Differenzierungsmöglichkeiten gegeben wurden; auch dies lässt sich darauf zurückführen, dass  
die vorliegende Schulklasse den studentischen Lehrpersonen nicht bekannt war",91,8,3,2,2,77,in_scope,1,,,,,1,False,annotation-00010416|annotation-00010417,,,,False,False,False,False,1,True,248,10,False,False,False,False,,91,010765bfd40e73e6,train
segment-f64e6bf883d90fcec6ff,segment-f64e6bf883d90fcec6ff-candidate-1,"Die beobachtete Stunde zum Thema ,,Blutkreislauf” war insgesamt eine sehr  
gelungene Unterrichtsstunde",37,37,3,2,1,2,in_scope,1,,,,,1,False,annotation-00001305|annotation-00001306,,,,False,False,False,False,1,True,103,10,False,False,False,False,,37,03fd173f4e9e83b6,train
segment-f6857845fcc17243cef8,segment-f6857845fcc17243cef8-candidate-1,"Der zweite Teil des Workshops startete inhaltlich, nach einer kurzen Begrüßung und 
Aufzeigen des Ablaufplanes, mit dem Erklären des Arbeitsauftrages für die 
Teilgruppensitzungen in Web-Ex.",69,17,1,2,2,16,in_scope,1,,,,,1,False,annotation-00011460|annotation-00011461,,,,False,False,False,False,1,True,190,10,False,False,False,False,,69,423489dd4b4c0912,train
segment-f68f224a084008350588,segment-f68f224a084008350588-candidate-1,"Die Lehrerin hat das Vorgehen und die Aufgabe erklärt:   Die Schülerinnen und Schüler sollen eine Fragestellung und eine Hypothese   aufstellen, ein Experiment planen und durchführen.",212,7,3,2,4,83,in_scope,1,,,,,1,False,annotation-00023549|annotation-00023550,,,,False,False,False,False,1,True,183,10,False,False,False,False,,212,6fd026ce8e8388c4,train
segment-f69af5863f339528f485,segment-f69af5863f339528f485-candidate-1,"An dieser Stelle hätten noch mehrere Schülervorstellungen gesammelt und daran angeknüpft werden können, im Allgemeinen war der exemplarische Einstieg allerdings gut gewählt.",12,12,2,1,1,11,in_scope,1,,,,,1,False,annotation-00004394|annotation-00004395,,,,False,False,False,False,1,True,173,10,False,False,False,False,,12,9710e4383684e1c6,train
segment-f717922625de4ef43167,segment-f717922625de4ef43167-candidate-1,"Die 
Schwierigkeit in diesem Teil erkannten wir bereits bei der Planung",86,41,2,2,2,55,in_scope,1,,,,,1,False,annotation-00013177,,,,False,False,False,False,1,True,71,10,False,False,False,False,,86,4b146d61ab8738ab,train
segment-f7441f232a25c856285f,segment-f7441f232a25c856285f-candidate-1,"Da die Klasse den Lehrpersonen vor dem Workshop unbekannt war, wurden zu Beginn  
Namenschilder an den Laborkitteln der SuS angebracht.",99,40,3,2,2,7,in_scope,1,,,,,1,False,annotation-00009061|annotation-00009062,,,,False,False,False,False,1,True,135,10,False,False,False,False,,99,cf54d4a96848c26d,test
segment-f79761bdd1b1f6f7e464,segment-f79761bdd1b1f6f7e464-candidate-1,"Somit konstruieren sie in  
erster Linie selbst nach eigenen Vorstellungen den Lösungsweg des Blutkreislaufes.",34,14,3,2,1,20,in_scope,1,,,,,1,False,annotation-00001660|annotation-00001661,,,,False,False,False,False,1,True,110,10,False,False,False,False,,34,7b4ac7e6dba86acb,dev
segment-f7bca80f0882d1c210f7,segment-f7bca80f0882d1c210f7-candidate-1,Die Aufgabenstellung ist von der Lehrerin aber oberflächlich und sehr ungenau formuliert,208,41,2,2,4,59,in_scope,1,,,,,1,False,annotation-00025078|annotation-00025079,,,,False,False,False,False,1,True,88,10,False,False,False,False,,208,4b146d61ab8738ab,train
segment-f7d770758b2f3f0361d1,segment-f7d770758b2f3f0361d1-candidate-1,"Da   die Durchführung der PCR und das Beladen der Gelelektrophorese nicht vereinfacht   werden konnte, haben wir uns für die Differenzierung durch soziale Kooperation  entschieden.",90,7,3,2,2,49,in_scope,1,,,,,1,False,annotation-00010532|annotation-00010533,,,,False,False,False,False,1,True,180,10,False,False,False,False,,90,6fd026ce8e8388c4,train
segment-f80f4f72bf2396c353dc,segment-f80f4f72bf2396c353dc-candidate-1,"Dabei wurde die DNA, die PCR und der  
genetische Fingerabdruck thematisiert.",91,8,3,2,2,55,in_scope,1,,,,,1,False,annotation-00010380|annotation-00010381,,,,False,False,False,False,1,True,77,10,False,False,False,False,,91,010765bfd40e73e6,train
segment-f81d8529e73952deee85,segment-f81d8529e73952deee85-candidate-1,Sie  konnten ihre Gedanken besprechen und Selbstsicherheit gewinnen.,90,7,3,2,2,107,in_scope,1,,,,,1,False,annotation-00010639|annotation-00010640,,,,False,False,False,False,1,True,68,10,False,False,False,False,,90,6fd026ce8e8388c4,train
segment-f888a19275357a2ba671,segment-f888a19275357a2ba671-candidate-1,"Die Idee,   den Input zum Thema DNA mithilfe eines Videos zu gestalten war sehr gut.",95,27,3,2,2,63,in_scope,1,,,,,1,False,annotation-00009681|annotation-00009682,,,,False,False,False,False,1,True,84,10,False,False,False,False,,95,2b1a36ed00f62e21,train
segment-f89a5d2c12ec0b3e9a43,segment-f89a5d2c12ec0b3e9a43-candidate-1,In der Unterrichtsstunde haben die Schüler*Innen ihre Fähigkeiten im Nutzen von Modellen ausbauen können,26,41,2,2,1,43,in_scope,1,,,,,1,False,annotation-00004313,,,,False,False,False,False,1,True,104,10,False,False,False,False,,26,4b146d61ab8738ab,train
segment-f8c7f2ea5f4c2b862bef,segment-f8c7f2ea5f4c2b862bef-candidate-1,"Gut erkennbar wurde hier, dass die  
Täteridentifizierung auf die Bewertungskompetenz nochmals abzielte.",93,14,3,2,2,110,in_scope,1,,,,,1,False,annotation-00010090|annotation-00010091,,,,False,False,False,False,1,True,104,10,False,False,False,False,,93,7b4ac7e6dba86acb,dev
segment-f8cadea4e896f83bf73b,segment-f8cadea4e896f83bf73b-candidate-1,"Die Schüler*Innen im Video zeigten sehr viel Interesse, Motivation und auch Disziplin beim Bearbeiten der Aufgaben, was der Situation geschuldet sein könnte.",26,41,2,2,1,25,in_scope,1,,,,,1,False,annotation-00004276|annotation-00004277,,,,False,False,False,False,1,True,157,10,False,False,False,False,,26,4b146d61ab8738ab,train
segment-f8da606587d974fcc9e8,segment-f8da606587d974fcc9e8-candidate-1,Dadurch kann eine ausgeprägtere Ergebnissicherung stattfinden und für eine bessere Vernetzung und Verankerung im Langzeitgedächtnis gesorgt werden.,231,28,5,1,4,14,in_scope,1,,,,,1,False,annotation-00027712|annotation-00027713,,,,False,False,False,False,1,True,147,10,False,False,False,False,,231,66113b8d0b6fb170,test
segment-f8ee6e716e71fc685ba2,segment-f8ee6e716e71fc685ba2-candidate-1,"Die Schüler:innen müssen zwar in ein  
Körpermodell das Herz-Kreislauf-System einzeichnen, jedoch fehlt am Ende der Stunde eine  
konkrete Lösung des Modellsin dem das komplette Herk-Kreislauf-System mit den wichtigsten  
Organen dargestellt wird, wodurch es zu Schwierigkeiten beim Verständnis kommt.",33,10,3,2,1,63,in_scope,1,,,,,1,False,annotation-00001918|annotation-00001919,,,,False,False,False,False,1,True,301,10,False,False,False,False,,33,c98254afde32e9a1,train
segment-f90e619fca1a43d21d20,segment-f90e619fca1a43d21d20-candidate-1,"Im Unterricht haben wir uns hauptsächlich auf praktische Arbeiten und das Erlernen  
biologischer Arbeitsweisen konzentriert.",94,16,3,2,2,64,in_scope,1,,,,,1,False,annotation-00009881|annotation-00009882,,,,False,False,False,False,1,True,125,10,False,False,False,False,,94,7c587cc9ab214913,train
segment-f924d10b00208bfd9740,segment-f924d10b00208bfd9740-candidate-1,"Da es den  
Jugendlichen in der 9. Klasse jedoch noch nicht erlaubt ist, Diskotheken zu besuchen,   überlegten wir uns, dass hier ein gewisser Reiz bestehen könnte",160,39,3,2,3,13,in_scope,1,,,,,1,False,annotation-00017658|annotation-00017659,,,,False,False,False,False,1,True,163,10,False,False,False,False,,160,8471822e1d4ebecc,train
segment-f94d71d1460ae267d58e,segment-f94d71d1460ae267d58e-candidate-1,"Da die Lehrperson  
dies im Plenum durchführt und die SchülerInnen etwas sagen dürfen, ohne sich zu  
melden, können manche der SchülerInnen dennoch nicht aufpassen",223,54,3,2,4,10,in_scope,1,,,,,1,False,annotation-00022023|annotation-00022024,,,,False,False,False,False,1,True,164,10,False,False,False,False,,223,ed2e1db7eb20f852,train
segment-f98cc00d59855eefa391,segment-f98cc00d59855eefa391-candidate-1,"Der Inhalt des Themas wurde auf das wesentliche beschränkt (Körperhalbkreis, Lungenhalbkreis und die Funktion des Herzens)",58,47,5,2,1,37,in_scope,1,,,,,1,False,annotation-00006889,,,,False,False,False,False,1,True,122,10,False,False,False,False,,58,5e026b3c944c5d13,train
segment-f9d0c4e6de8475a41145,segment-f9d0c4e6de8475a41145-candidate-1,"Dieses Problem   könnte gelöst werden, indem die Gruppen verkleinert werden und sie nur aus drei bis   vier SchülerInnen bestehen.",90,7,3,2,2,53,in_scope,1,,,,,1,False,annotation-00010541|annotation-00010542,,,,False,False,False,False,1,True,130,10,False,False,False,False,,90,6fd026ce8e8388c4,train
segment-f9ec6b44adc252da0866,segment-f9ec6b44adc252da0866-candidate-1,Diese wurden den ganzen Workshop über nicht abgehangen.,92,10,3,2,2,12,in_scope,1,,,,,1,False,annotation-00010113|annotation-00010114,,,,False,False,False,False,1,True,55,10,False,False,False,False,,92,c98254afde32e9a1,train
segment-f9fb7c067433e1b426d8,segment-f9fb7c067433e1b426d8-candidate-1,"In Hinblick auf die  
methodische Umsetzung kann an dieser Stelle kritisch hinterfragt werden, ob alle  
Schülerinnen und Schüler – vor allem diejenigen in den hinteren Reihen des Zimmers  
– tatsächlich sehen konnten was der/die MitschülerIn vorne vorstellt",30,3,3,2,1,28,in_scope,1,,,,,1,False,annotation-00002230|annotation-00002231,,,,False,False,False,False,1,True,258,10,False,False,False,False,,30,9efb7a7c3e8b6377,train
segment-fa7215e5f6d51131b0cc,segment-fa7215e5f6d51131b0cc-candidate-1,"Das  
Workshop-Mitglied fragte auch bei den Antworten der Schüler:innen genauer nach, um Celine Bollmann Code: cesa12 RUPM SoSe 2023 
4 
sicherzustellen, dass der Kern der PCR und Gelelektrophorese vermittelt wurde",92,10,3,2,2,99,in_scope,1,,,,,1,False,annotation-00010274|annotation-00010275,,,,False,False,False,False,1,True,214,10,False,False,False,False,,92,c98254afde32e9a1,train
segment-fa73ab57e96ad98c69a1,segment-fa73ab57e96ad98c69a1-candidate-1,"Dies lässt sich darauf zurückführen, dass die Schüler*innen sich mit der  
Lehrperson unterhalten haben, gemeinsam gelacht haben und ein lockerer und  
lernförderlicher Umgang miteinander zu beobachten war.",217,27,3,2,4,26,in_scope,1,,,,,1,False,annotation-00022841|annotation-00022842,,,,False,False,False,False,1,True,206,10,False,False,False,False,,217,2b1a36ed00f62e21,train
segment-fa772bb390ee4b0d5764,segment-fa772bb390ee4b0d5764-candidate-1,"Zudem sollten Unterrichtseinstiege stets handlungsleitend für den weiteren Verlauf der  
Unterrichtseinheit sein.",151,3,3,2,3,23,in_scope,1,,,,,1,False,annotation-00018184|annotation-00018185,,,,False,False,False,False,1,True,113,10,False,False,False,False,,151,9efb7a7c3e8b6377,train
segment-fa8d8556c02c59cec3c5,segment-fa8d8556c02c59cec3c5-candidate-1,"Wird die Stunde im gesamten  
betrachtet, war diese für die meisten SchülerInnen aufgrund der verschiedenen  
Inhaltsbereichen und deren Verknüpfungen zu komplex aufgebaut",41,54,3,2,1,103,in_scope,1,,,,,1,False,annotation-00001015|annotation-00001016,,,,False,False,False,False,1,True,171,10,False,False,False,False,,41,ed2e1db7eb20f852,train
segment-fa95613d98cd16a2dedb,segment-fa95613d98cd16a2dedb-candidate-1,"Die verschiedenen Arbeitsphasen waren angemessen  
lang, und es wurde ausreichend Zeit für die Schülerantworten genommen",37,37,3,2,1,4,in_scope,1,,,,,1,False,annotation-00001308|annotation-00001309,,,,False,False,False,False,1,True,120,10,False,False,False,False,,37,03fd173f4e9e83b6,train
segment-fad549a7133719858187,segment-fad549a7133719858187-candidate-1,"Eine große  
Herausforderung bei der Planung der Unterrichtsstunde stellt vor allem der Einbezug der  
SchülerInnenvorstellungen dar",91,8,3,2,2,12,in_scope,1,,,,,1,False,annotation-00010305|annotation-00010306,,,,False,False,False,False,1,True,132,10,False,False,False,False,,91,010765bfd40e73e6,train
segment-faf664215da0ddcf847c,segment-faf664215da0ddcf847c-candidate-1,"Hier war das Ziel nach der Person-Gegenstands- Relation (Krüger & Vogt, 2007) eine  
positive emotionale Beziehung der Schüler*innen mit den Inhalten zu generieren.",93,14,3,2,2,15,in_scope,1,,,,,1,False,annotation-00009917|annotation-00009918,,,,False,False,False,False,1,True,164,10,False,False,False,False,,93,7b4ac7e6dba86acb,dev
segment-fb0b0f86f461d6c38cef,segment-fb0b0f86f461d6c38cef-candidate-1,"Durch die Frage nach dem Täter bzw. der Täterin  
wird die Neugier der Lernenden geweckt und ein situatives Interesse für die Fragestellung und Anna-Lena Brehm SoSe23: Reflexive Unterrichtspraxis 30.06.23  anca12 
die damit verbundenen biologischen Inhalte angebahnt.",151,3,3,2,3,20,in_scope,1,,,,,1,False,annotation-00018179|annotation-00018180,,,,False,False,False,False,1,True,267,10,False,False,False,False,,151,9efb7a7c3e8b6377,train
segment-fb0fba26ad598357a404,segment-fb0fba26ad598357a404-candidate-1,"Im Rahmen des Experiments mussten sie vergleichen, da sie die Fotosyntheserate   bei verschiedenen Ausprägungen eines Faktors beobachtet, gemessen und   anschließend verglichen haben.",212,7,3,2,4,94,in_scope,1,,,,,1,False,annotation-00023576|annotation-00023577,,,,False,False,False,False,1,True,183,10,False,False,False,False,,212,6fd026ce8e8388c4,train
segment-fb540dcb3cf373ad4a4a,segment-fb540dcb3cf373ad4a4a-candidate-1,"Ein respektvoller Umgang, stetiges Feedback sowie  
Motivation einzelner Schülerinnen und Schüler war fortlaufender Bestandteil der  
Unterrichtsstunde.",98,39,3,2,2,52,in_scope,1,,,,,1,False,annotation-00009307,,,,False,False,False,False,1,True,152,10,False,False,False,False,,98,8471822e1d4ebecc,train
segment-fba69f20162a7eacb5b8,segment-fba69f20162a7eacb5b8-candidate-1,"Alle SuS haben dieselben Aufgaben, mit  
demselben Schwierigkeitsgrad, bearbeitet und es wurden beispielsweise individuell  
unterschiedliche Leistungsniveaus oder Lernstile nicht berücksichtigt",39,40,3,2,1,51,in_scope,1,,,,,1,False,annotation-00001110|annotation-00001111,,,,False,False,False,False,1,True,194,10,False,False,False,False,,39,cf54d4a96848c26d,test
segment-fbbeb6749e73e53acb68,segment-fbbeb6749e73e53acb68-candidate-1,"Es kann gut sein, dass die  
hierbei die etwas lernschwächeren SchülerInnen aus der Ergebnisdarstellung zurückziehen, da  
sie möglicherweise in dem Experiment überfordert waren.",213,8,3,2,4,60,in_scope,1,,,,,1,False,annotation-00023376|annotation-00023377,,,,False,False,False,False,1,True,178,10,False,False,False,False,,213,010765bfd40e73e6,train
segment-fbd3418fffd83e52eaa8,segment-fbd3418fffd83e52eaa8-candidate-1,Das Experimentieren wurde besonders in der Szene deutlich als die SuS die Entfernung der Pflanze zum Licht veränderten und anschließend überlegten was sie dadurch erreichen wollen,206,5,2,2,4,62,in_scope,1,,,,,1,False,annotation-00024826,,,,False,False,False,False,1,True,179,10,False,False,False,False,,206,cd38e7c2d4a56e90,train
segment-fbe4d1b5ca949ace3e73,segment-fbe4d1b5ca949ace3e73-candidate-1,"Da der Workshop aufgrund der ungewöhnlichen Planung bereits als Lernhindernis betrachtet werden kann, da zum einen die Klasse und die äußeren Umstände uns Studenten als Lehrpersonen nicht bekannt waren",153,8,3,2,3,16,in_scope,1,,,,,1,False,annotation-00018022|annotation-00018023,,,,False,False,False,False,1,True,201,10,False,False,False,False,,153,010765bfd40e73e6,train
segment-fbef1862fdaffe898c93,segment-fbef1862fdaffe898c93-candidate-1,"Ansonsten besteht die Gefahr, dass die  
Fehlvorstellung eventuell noch weiter ausgereift wird.",223,54,3,2,4,75,in_scope,1,,,,,1,False,annotation-00022137|annotation-00022138,,,,False,False,False,False,1,True,95,10,False,False,False,False,,223,ed2e1db7eb20f852,train
segment-fc1845f4ff3294ff0bdb,segment-fc1845f4ff3294ff0bdb-candidate-1,"Die Aufgaben waren zuvor klar kommuniziert worden und die Schüler*innen schienen zu wissen, was sie zu tun hatten, wodurch sie bei den Vorbereitungen und der Arbeitsphase nicht zu lange gebraucht haben, sodass ein Vorstellen der Ergebnisse am Ende noch möglich war",231,28,5,1,4,8,in_scope,1,,,,,1,False,annotation-00027700|annotation-00027701,,,,False,False,False,False,1,True,264,10,False,False,False,False,,231,66113b8d0b6fb170,test
segment-fc2648d48d223432ca0d,segment-fc2648d48d223432ca0d-candidate-1,"Dieses  
Vorgehen aktiviert SchülerInnen kognitiv.",223,54,3,2,4,5,in_scope,1,,,,,1,False,annotation-00022014|annotation-00022015,,,,False,False,False,False,1,True,50,10,False,False,False,False,,223,ed2e1db7eb20f852,train
segment-fc479e4852e654abcb97,segment-fc479e4852e654abcb97-candidate-1,In dem Workshop wurde nicht explizit nach verschiedenen Niveaus differenziert,90,7,3,2,2,47,in_scope,1,,,,,1,False,annotation-00010529|annotation-00010530,,,,False,False,False,False,1,True,77,10,False,False,False,False,,90,6fd026ce8e8388c4,train
segment-fc6235b507f610c7c681,segment-fc6235b507f610c7c681-candidate-1,"Dennoch geht hier die Relevanz aufgrund dessen, wie das Thema aufgezogen RUPM Daniel Probst Code: dake02 
wurde ein wenig verloren, denn diese wird hier nicht genügend hervorgehoben.",34,14,3,2,1,89,in_scope,1,,,,,1,False,annotation-00001779|annotation-00001780,,,,False,False,False,False,1,True,182,10,False,False,False,False,,34,7b4ac7e6dba86acb,dev
segment-fc71300f056a4cb5f325,segment-fc71300f056a4cb5f325-candidate-1,"Die Schülerinnen und Schüler haben auch wenig Möglichkeit, Fachsprache zu verwenden und es erfolgt nur eine leichte Verknüpfung der Organisationsebenen mit Bezug auf die einzelnen Blutgefäße und Organe.",35,16,3,2,1,21,in_scope,1,,,,,1,False,annotation-00001628|annotation-00001629,,,,False,False,False,False,1,True,202,10,False,False,False,False,,35,7c587cc9ab214913,train
segment-fc9a2286720399cc3918,segment-fc9a2286720399cc3918-candidate-1,"Sie setzt dieses Objekt zu Anfang in  
Szene und fragt die SuS was das ist und wofür das gut ist",34,14,3,2,1,8,in_scope,1,,,,,1,False,annotation-00001642|annotation-00001643,,,,False,False,False,False,1,True,96,10,False,False,False,False,,34,7b4ac7e6dba86acb,dev
segment-fcab30916388fd5a1777,segment-fcab30916388fd5a1777-candidate-1,"Auch wir waren der Ansicht, dass der zeitliche Aufwand der Aufgaben angemessen war.",61,2,1,1,2,13,in_scope,1,,,,,1,False,annotation-00007883,,,,False,False,False,False,1,True,83,10,False,False,False,False,,61,3faf840a033c018d,train
segment-fce0fb397e361f40580e,segment-fce0fb397e361f40580e-candidate-1,Die Generierung des Workshops hätte die Basiskonzepte spezifischer Ansprechen müssen,61,2,1,1,2,43,in_scope,1,,,,,1,False,annotation-00007942|annotation-00007943,,,,False,False,False,False,1,True,84,10,False,False,False,False,,61,3faf840a033c018d,train
segment-fce8d08b6f8db2fe91a3,segment-fce8d08b6f8db2fe91a3-candidate-1,"Ziel des Unterrichts sollte daher die Weiterentwicklung und Veränderung von  
bestehenden Schülervorstellungen hin zur wissenschaftlichen Perspektive sein.",39,40,3,2,1,30,in_scope,1,,,,,1,False,annotation-00001067,,,,False,False,False,False,1,True,155,10,False,False,False,False,,39,cf54d4a96848c26d,test
segment-fd18ff774fe2a1d0436f,segment-fd18ff774fe2a1d0436f-candidate-1,"Sie hat den Schülerinnen und Schülern die Möglichkeit gegeben zu  
experimentieren, verschiedene Arbeitstechniken anzuwenden und zu beobachten.",220,39,3,2,4,39,in_scope,1,,,,,1,False,annotation-00022614|annotation-00022615,,,,False,False,False,False,1,True,143,10,False,False,False,False,,220,8471822e1d4ebecc,train
segment-fd76027cbd102897ea24,segment-fd76027cbd102897ea24-candidate-1,"Das war besonders  
beim Herstellen der Gele ersichtlich",94,16,3,2,2,28,in_scope,1,,,,,1,False,annotation-00009814|annotation-00009815,,,,False,False,False,False,1,True,56,10,False,False,False,False,,94,7c587cc9ab214913,train
segment-fda06b6cd1106115763a,segment-fda06b6cd1106115763a-candidate-1,"Die Zukunftsrelevanz des Themas wird ebenfalls im  
Laufe des Unterrichts nicht deutlich.",216,16,3,2,4,49,in_scope,1,,,,,1,False,annotation-00022985|annotation-00022986,,,,False,False,False,False,1,True,89,10,False,False,False,False,,216,7c587cc9ab214913,train
segment-fdd2cd196b27e7de7946,segment-fdd2cd196b27e7de7946-candidate-1,"Lediglich die Formulierung für mögliche Fragestellungen  
hätte sie sich genauer überlegen müssen",41,54,3,2,1,39,in_scope,1,,,,,1,False,annotation-00000894|annotation-00000895,,,,False,False,False,False,1,True,97,10,False,False,False,False,,41,ed2e1db7eb20f852,train
segment-fdfa6972437845c0844f,segment-fdfa6972437845c0844f-candidate-1,"So waren die SuS wieder 
motiviert bei dem Thema und der folgenden Arbeitstechnik, die sie durchführen 
sollten.",96,33,3,2,2,37,in_scope,1,,,,,1,False,annotation-00009529|annotation-00009530,,,,False,False,False,False,1,True,112,10,False,False,False,False,,96,fd1a055c1ca13050,test
segment-fee72d50403e7a5ea102,segment-fee72d50403e7a5ea102-candidate-1,"Dies hätte sie in meinen Augen  
geschafft, wenn sie die Blätter als Anschauungsobjekt für den Einstieg verwendet hätte 
und hätte auch gut funktioniert, selbst wenn schon Schulstunden mit der Thematik  
Photosynthese vorangegangen wären.",215,14,3,2,4,16,in_scope,1,,,,,1,False,annotation-00023029|annotation-00023030,,,,False,False,False,False,1,True,238,10,False,False,False,False,,215,7b4ac7e6dba86acb,dev
segment-fef8943e85071fda08eb,segment-fef8943e85071fda08eb-candidate-1,"Vor diesem Hintergrund wäre ein spannender und interessanter  
Unterrichtseinstieg im Kontext dieser Unterrichtsstunde bedeutsam gewesen, um das situative  
Interesse und die Neugier der Schülerinnen und Schüler zu wecken",211,3,3,2,4,20,in_scope,1,,,,,1,False,annotation-00023621|annotation-00023622,,,,False,False,False,False,1,True,221,10,False,False,False,False,,211,9efb7a7c3e8b6377,train
segment-ff02e34f3afe3e1820b1,segment-ff02e34f3afe3e1820b1-candidate-1,"Dieses Lob kann dazu beitragen, dass die Schülerinnen und Schüler sich auch  
bei dieser Aufgabe bemühen und ihr Bestes geben wollen.",211,3,3,2,4,43,in_scope,1,,,,,1,False,annotation-00023660|annotation-00023661,,,,False,False,False,False,1,True,133,10,False,False,False,False,,211,9efb7a7c3e8b6377,train
segment-ff1d55ebdd7c15b8973a,segment-ff1d55ebdd7c15b8973a-candidate-1,"Selbstständiges Arbeiten fördert dies noch mehr und führt meines  
Beachtens zu einem stärkeren Lernzuwachs, bei dem die SchülerInnen motivierter  
bleiben.",223,54,3,2,4,83,in_scope,1,,,,,1,False,annotation-00022152|annotation-00022153,,,,False,False,False,False,1,True,156,10,False,False,False,False,,223,ed2e1db7eb20f852,train
segment-ff2468d097be46f5d0a6,segment-ff2468d097be46f5d0a6-candidate-1,"Ein respektvoller Umgang, stetiges Feedback sowie  
Motivation einzelner Schülerinnen und Schüler war fortlaufender Bestandteil der  
Unterrichtsstunde",98,39,3,2,2,53,in_scope,1,,,,,1,False,annotation-00009308,,,,False,False,False,False,1,True,151,10,False,False,False,False,,98,8471822e1d4ebecc,train
segment-ff2fec0b49ac1b771958,segment-ff2fec0b49ac1b771958-candidate-1,"Wir hatten uns bei der Planung der Stunde das eindeutige Ziel gesetzt, dass die Schüler:innen den Unterschied zwischen der Funktion einer PCR wie es im Alltag (vor allem durch die Medien) vermittelt wird und der tatsächlichen Funktion erkennen",86,41,2,2,2,3,in_scope,1,,,,,1,False,annotation-00013083,,,,False,False,False,False,1,True,243,10,False,False,False,False,,86,4b146d61ab8738ab,train
segment-ff3336edcdbc7f2bf23b,segment-ff3336edcdbc7f2bf23b-candidate-1,"Denn die Basiskonzepte der Biologie lassen sich  
alle dem Stundenthema, also dem genetischen Fingerabdruck, zuweisen",91,8,3,2,2,91,in_scope,1,,,,,1,False,annotation-00010437|annotation-00010438,,,,False,False,False,False,1,True,117,10,False,False,False,False,,91,010765bfd40e73e6,train
segment-ff3ab663dd9b6fd80681,segment-ff3ab663dd9b6fd80681-candidate-1,Als Einstieg wurde ein Mordfall gewählt,120,47,5,2,2,54,in_scope,1,,,,,1,False,annotation-00015933,,,,False,False,False,False,1,True,39,10,False,False,False,False,,120,5e026b3c944c5d13,train
segment-ff4512df7a0302b17f21,segment-ff4512df7a0302b17f21-candidate-1,"Durch den Alltagsbezug der PCR, welche die Schüler*innen durch  
Corona kannten, wurde das Interesse der Schüler*innen geweckt.",95,27,3,2,2,96,in_scope,1,,,,,1,False,annotation-00009731|annotation-00009732,,,,False,False,False,False,1,True,127,10,False,False,False,False,,95,2b1a36ed00f62e21,train
segment-ff4beb68e9cb83e3c92b,segment-ff4beb68e9cb83e3c92b-candidate-1,"Der für das Verständnis wichtige theoretische Input folgte erst zu einem sehr späten  
Zeitpunk",97,37,3,2,2,60,in_scope,1,,,,,1,False,annotation-00009446|annotation-00009447,,,,False,False,False,False,1,True,95,10,False,False,False,False,,97,03fd173f4e9e83b6,train
segment-ff7aa4df88411120e2b2,segment-ff7aa4df88411120e2b2-candidate-1,"Es war jedoch entscheiden für die Schüler*innen zu  
wissen, dass es sich um ein Kreislaufsystem handelt, denn nur mit diesem Vorwissen  
machte die nächste Aufgabe Sinn",37,37,3,2,1,16,in_scope,1,,,,,1,False,annotation-00001329|annotation-00001330,,,,False,False,False,False,1,True,169,10,False,False,False,False,,37,03fd173f4e9e83b6,train
segment-ff7bc1d088e8bed4828e,segment-ff7bc1d088e8bed4828e-candidate-1,"Dies zeigt sich am Erklären des Vorgehens etwa bei Minute  
3:12 für die darauffolgende Gruppenarbeit",223,54,3,2,4,65,in_scope,1,,,,,1,False,annotation-00022119|annotation-00022120,,,,False,False,False,False,1,True,101,10,False,False,False,False,,223,ed2e1db7eb20f852,train
segment-ffcd0207a6c0fe56ecfb,segment-ffcd0207a6c0fe56ecfb-candidate-1,"Dabei tritt bereits ein biologischer Aspekt durch eine Schülerin auf, auf welchen die Lehrkraft eingeht und auf die vorherige Stunde Bezug nimmt, indem sie erwähnt, dass Traubenzucker Dextrose ist und somit auch Glucose.",43,26,4,2,1,11,in_scope,1,,,,,1,False,annotation-00003013|annotation-00003014,,,,False,False,False,False,1,True,220,10,False,False,False,False,,43,d9e814e2d3def543,train
segment-ffe550c03830b846bc5d,segment-ffe550c03830b846bc5d-candidate-1,"Damit bei diesem Teil des Workshops die Kommunikation gefördert wird bzw. überhaupt erst stattfinden kann, können unteranderem die Vorschläge aus den oberen Abschnitten verwendet werden.",191,17,1,2,4,49,in_scope,1,,,,,1,False,annotation-00024262|annotation-00024263,,,,False,False,False,False,1,True,186,10,False,False,False,False,,191,423489dd4b4c0912,train
