segment_id,candidate_id,text,document_id,author_id,semester_id,seminar_id,essay_id,segment_order,component,scope_target,category,level,band,band_code,candidate_count,requires_review,annotation_ids,target_situationserfassung,target_analyse,target_konsequenzen,known_situationserfassung,known_analyse,known_konsequenzen,scope_unresolved,scope_candidate_target,scope_target_known,text_length,minimum_text_characters,text_missing_or_blank,text_punctuation_only,text_too_short,text_quality_excluded,text_quality_exclusion_reason,_document_token,split_group_id,split
segment-0091656b4c343f7fe095,segment-0091656b4c343f7fe095-candidate-1,.,42,2,4,2,1,4,in_scope,1,analyse,stufe i,A,1,1,False,annotation-00002927,0,1,0,True,True,True,False,1,True,1,10,False,True,True,True,text_punctuation_only;text_too_short,42,3faf840a033c018d,test
segment-0141649e75f9a40b3e96,segment-0141649e75f9a40b3e96-candidate-1,.,68,33,1,2,2,2,in_scope,1,analyse,stufe i,A,1,2,True,annotation-00011394,0,1,0,True,True,True,False,1,True,1,10,False,True,True,True,text_punctuation_only;text_too_short,68,fd1a055c1ca13050,train
segment-0141649e75f9a40b3e96,segment-0141649e75f9a40b3e96-candidate-2,.,68,33,1,2,2,2,in_scope,1,situationserfassung,stufe i,A,1,2,True,annotation-00011393,1,0,0,True,True,True,False,1,True,1,10,False,True,True,True,text_punctuation_only;text_too_short,68,fd1a055c1ca13050,train
segment-02e6f6a2763c3ac58dd0,segment-02e6f6a2763c3ac58dd0-candidate-1,.,99,62,3,2,2,1,in_scope,1,analyse,stufe i,A,1,2,True,annotation-00009175,0,1,0,True,True,True,False,1,True,1,10,False,True,True,True,text_punctuation_only;text_too_short,99,0c339268a1dba802,test
segment-02e6f6a2763c3ac58dd0,segment-02e6f6a2763c3ac58dd0-candidate-2,.,99,62,3,2,2,1,in_scope,1,konsequenzen,stufe i,A,1,2,True,annotation-00009176,0,0,1,True,True,True,False,1,True,1,10,False,True,True,True,text_punctuation_only;text_too_short,99,0c339268a1dba802,test
segment-034741484a65619b9911,segment-034741484a65619b9911-candidate-1,.,40,66,3,2,1,3,in_scope,1,analyse,stufe i,A,1,3,True,annotation-00000775|annotation-00000800,0,1,0,True,True,True,False,1,True,1,10,False,True,True,True,text_punctuation_only;text_too_short,40,0687b27156ecf612,train
segment-034741484a65619b9911,segment-034741484a65619b9911-candidate-2,.,40,66,3,2,1,3,in_scope,1,konsequenzen,stufe i,A,1,3,True,annotation-00000801|annotation-00000812,0,0,1,True,True,True,False,1,True,1,10,False,True,True,True,text_punctuation_only;text_too_short,40,0687b27156ecf612,train
segment-034741484a65619b9911,segment-034741484a65619b9911-candidate-3,.,40,66,3,2,1,3,in_scope,1,situationserfassung,stufe i,A,1,3,True,annotation-00000747,1,0,0,True,True,True,False,1,True,1,10,False,True,True,True,text_punctuation_only;text_too_short,40,0687b27156ecf612,train
segment-0480a9625bd7ad9b659e,segment-0480a9625bd7ad9b659e-candidate-1,.,2,14,1,1,1,3,in_scope,1,konsequenzen,stufe i,A,1,1,False,annotation-00002372,0,0,1,True,True,True,False,1,True,1,10,False,True,True,True,text_punctuation_only;text_too_short,2,7b4ac7e6dba86acb,train
segment-04ecb60a697012666c8a,segment-04ecb60a697012666c8a-candidate-1,Sicherung,48,8,5,1,1,48,out_of_scope,0,,,,,1,False,annotation-00006456,,,,False,False,False,False,0,True,9,10,False,False,True,True,text_too_short,48,010765bfd40e73e6,train
segment-05f6a70668802eade415,segment-05f6a70668802eade415-candidate-1,.,8,43,1,2,1,2,in_scope,1,konsequenzen,stufe i,A,1,2,True,annotation-00000719|annotation-00000730|annotation-00000734,0,0,1,True,True,True,False,1,True,1,10,False,True,True,True,text_punctuation_only;text_too_short,8,ef200883f78ba4bc,train
segment-05f6a70668802eade415,segment-05f6a70668802eade415-candidate-2,.,8,43,1,2,1,2,in_scope,1,situationserfassung,stufe i,A,1,2,True,annotation-00000729,1,0,0,True,True,True,False,1,True,1,10,False,True,True,True,text_punctuation_only;text_too_short,8,ef200883f78ba4bc,train
segment-06022a8c8c13547048d3,segment-06022a8c8c13547048d3-candidate-1,.,71,74,1,2,2,2,in_scope,1,analyse,stufe i,A,1,1,False,annotation-00011109,0,1,0,True,True,True,False,1,True,1,10,False,True,True,True,text_punctuation_only;text_too_short,71,5a8e08576ab05284,train
segment-06d2cd21dcf79255b831,segment-06d2cd21dcf79255b831-candidate-1,.,2,14,1,1,1,4,in_scope,1,konsequenzen,stufe i,A,1,1,False,annotation-00002386,0,0,1,True,True,True,False,1,True,1,10,False,True,True,True,text_punctuation_only;text_too_short,2,7b4ac7e6dba86acb,train
segment-0704ad60269ff081b8b3,segment-0704ad60269ff081b8b3-candidate-1,.,32,31,3,2,1,1,in_scope,1,konsequenzen,stufe i,A,1,1,False,annotation-00002007,0,0,1,True,True,True,False,1,True,1,10,False,True,True,True,text_punctuation_only;text_too_short,32,7e71b943757ae924,train
segment-07871f4a54130e2fc75d,segment-07871f4a54130e2fc75d-candidate-1,.,44,76,4,2,1,1,in_scope,1,konsequenzen,stufe i,A,1,1,False,annotation-00003186,0,0,1,True,True,True,False,1,True,1,10,False,True,True,True,text_punctuation_only;text_too_short,44,0a21385e11a6af64,train
segment-0a4b079aad79ecb326f6,segment-0a4b079aad79ecb326f6-candidate-1,.,8,43,1,2,1,3,in_scope,1,konsequenzen,stufe i,A,1,2,True,annotation-00000660,0,0,1,True,True,True,False,1,True,1,10,False,True,True,True,text_punctuation_only;text_too_short,8,ef200883f78ba4bc,train
segment-0a4b079aad79ecb326f6,segment-0a4b079aad79ecb326f6-candidate-2,.,8,43,1,2,1,3,in_scope,1,situationserfassung,stufe i,A,1,2,True,annotation-00000659,1,0,0,True,True,True,False,1,True,1,10,False,True,True,True,text_punctuation_only;text_too_short,8,ef200883f78ba4bc,train
segment-0a94dd56e0944eb123cc,segment-0a94dd56e0944eb123cc-candidate-1,.,52,21,5,1,1,3,in_scope,1,konsequenzen,stufe i,A,1,1,False,annotation-00006670,0,0,1,True,True,True,False,1,True,1,10,False,True,True,True,text_punctuation_only;text_too_short,52,8153a465245aa4f5,dev
segment-0b6e9be317d1844c615d,segment-0b6e9be317d1844c615d-candidate-1,.,103,10,4,2,2,3,in_scope,1,konsequenzen,stufe i,A,1,1,False,annotation-00011805,0,0,1,True,True,True,False,1,True,1,10,False,True,True,True,text_punctuation_only;text_too_short,103,c98254afde32e9a1,train
segment-0f2a89f98ddfe4ec649a,segment-0f2a89f98ddfe4ec649a-candidate-1,"

n",27,70,2,2,1,1,in_scope,1,analyse,stufe i,A,1,1,False,annotation-00003781,0,1,0,True,True,True,False,1,True,1,10,False,False,True,True,text_too_short,27,236ee9213bbbbc4e,dev
segment-11544d18ed202a65cbce,segment-11544d18ed202a65cbce-candidate-1,.,118,64,5,2,2,2,in_scope,1,situationserfassung,stufe i,A,1,1,False,annotation-00016837,1,0,0,True,True,True,False,1,True,1,10,False,True,True,True,text_punctuation_only;text_too_short,118,deeae01663df14b2,train
segment-11a8544fae637d8a3906,segment-11a8544fae637d8a3906-candidate-1,".
",18,47,2,1,1,2,in_scope,1,analyse,stufe i,A,1,1,False,annotation-00005715,0,1,0,True,True,True,False,1,True,1,10,False,True,True,True,text_punctuation_only;text_too_short,18,5e026b3c944c5d13,train
segment-141edaeb6ef795161dfc,segment-141edaeb6ef795161dfc-candidate-1,.,34,38,3,2,1,2,in_scope,1,konsequenzen,stufe i,A,1,1,False,annotation-00001812,0,0,1,True,True,True,False,1,True,1,10,False,True,True,True,text_punctuation_only;text_too_short,34,35c1f080cdf0ebcb,train
segment-149266cd15dace90a22a,segment-149266cd15dace90a22a-candidate-1,.,44,76,4,2,1,2,in_scope,1,situationserfassung,stufe i,A,1,1,False,annotation-00003133,1,0,0,True,True,True,False,1,True,1,10,False,True,True,True,text_punctuation_only;text_too_short,44,0a21385e11a6af64,train
segment-156b200f87d514ea6aa8,segment-156b200f87d514ea6aa8-candidate-1,.,23,25,2,2,1,2,in_scope,1,konsequenzen,stufe i,A,1,1,False,annotation-00003598,0,0,1,True,True,True,False,1,True,1,10,False,True,True,True,text_punctuation_only;text_too_short,23,193108d907499078,train
segment-15842d0e576479e2a926,segment-15842d0e576479e2a926-candidate-1,.,2,14,1,1,1,5,in_scope,1,konsequenzen,stufe i,A,1,2,True,annotation-00002431,0,0,1,True,True,True,False,1,True,1,10,False,True,True,True,text_punctuation_only;text_too_short,2,7b4ac7e6dba86acb,train
segment-15842d0e576479e2a926,segment-15842d0e576479e2a926-candidate-2,.,2,14,1,1,1,5,in_scope,1,situationserfassung,stufe i,A,1,2,True,annotation-00002430,1,0,0,True,True,True,False,1,True,1,10,False,True,True,True,text_punctuation_only;text_too_short,2,7b4ac7e6dba86acb,train
segment-15fafa4201b3573ab33e,segment-15fafa4201b3573ab33e-candidate-1,.,10,74,1,2,1,2,in_scope,1,konsequenzen,stufe i,A,1,1,False,annotation-00000302,0,0,1,True,True,True,False,1,True,1,10,False,True,True,True,text_punctuation_only;text_too_short,10,5a8e08576ab05284,train
segment-1655d0fc855e0b0e5fa2,segment-1655d0fc855e0b0e5fa2-candidate-1,.,48,8,5,1,1,3,in_scope,1,analyse,stufe i,A,1,2,True,annotation-00006403,0,1,0,True,True,True,False,1,True,1,10,False,True,True,True,text_punctuation_only;text_too_short,48,010765bfd40e73e6,train
segment-1655d0fc855e0b0e5fa2,segment-1655d0fc855e0b0e5fa2-candidate-2,.,48,8,5,1,1,3,in_scope,1,konsequenzen,stufe i,A,1,2,True,annotation-00006404,0,0,1,True,True,True,False,1,True,1,10,False,True,True,True,text_punctuation_only;text_too_short,48,010765bfd40e73e6,train
segment-16d99142c132acb7cae3,segment-16d99142c132acb7cae3-candidate-1,.,37,57,3,2,1,6,in_scope,1,analyse,stufe i,A,1,2,True,annotation-00001350,0,1,0,True,True,True,False,1,True,1,10,False,True,True,True,text_punctuation_only;text_too_short,37,d1fbfe5e3fb609be,train
segment-16d99142c132acb7cae3,segment-16d99142c132acb7cae3-candidate-2,.,37,57,3,2,1,6,in_scope,1,konsequenzen,stufe i,A,1,2,True,annotation-00001351,0,0,1,True,True,True,False,1,True,1,10,False,True,True,True,text_punctuation_only;text_too_short,37,d1fbfe5e3fb609be,train
segment-178abb47a33599da2dbb,segment-178abb47a33599da2dbb-candidate-1,.,48,8,5,1,1,4,in_scope,1,analyse,stufe i,A,1,1,False,annotation-00006488,0,1,0,True,True,True,False,1,True,1,10,False,True,True,True,text_punctuation_only;text_too_short,48,010765bfd40e73e6,train
segment-19cc4e17e1cc4254ad93,segment-19cc4e17e1cc4254ad93-candidate-1,.,22,86,2,1,1,2,in_scope,1,konsequenzen,stufe i,A,1,1,False,annotation-00005597,0,0,1,True,True,True,False,1,True,1,10,False,True,True,True,text_punctuation_only;text_too_short,22,34ca1aafbb899d2e,train
segment-1a072f9c6c61615f7752,segment-1a072f9c6c61615f7752-candidate-1,.,84,28,2,2,2,2,in_scope,1,analyse,stufe i,A,1,1,False,annotation-00012931,0,1,0,True,True,True,False,1,True,1,10,False,True,True,True,text_punctuation_only;text_too_short,84,66113b8d0b6fb170,dev
segment-1d501e60c27a21c52e0b,segment-1d501e60c27a21c52e0b-candidate-1,.,26,63,2,2,1,3,in_scope,1,konsequenzen,stufe i,A,1,1,False,annotation-00004310,0,0,1,True,True,True,False,1,True,1,10,False,True,True,True,text_punctuation_only;text_too_short,26,e8af31232c32b0f4,train
segment-1d53ac8557e814481f96,segment-1d53ac8557e814481f96-candidate-1,.,180,69,5,2,3,2,in_scope,1,konsequenzen,stufe i,A,1,1,False,annotation-00021282,0,0,1,True,True,True,False,1,True,1,10,False,True,True,True,text_punctuation_only;text_too_short,180,85e27cd5bfecfde9,train
segment-1e2e8362d60f7d70de63,segment-1e2e8362d60f7d70de63-candidate-1,.,113,19,5,1,2,2,in_scope,1,konsequenzen,stufe i,A,1,1,False,annotation-00015260,0,0,1,True,True,True,False,1,True,1,10,False,True,True,True,text_punctuation_only;text_too_short,113,9e20979881ef037a,test
segment-2031a115f753ee90c3d1,segment-2031a115f753ee90c3d1-candidate-1,.,26,63,2,2,1,4,in_scope,1,analyse,stufe i,A,1,2,True,annotation-00004348,0,1,0,True,True,True,False,1,True,1,10,False,True,True,True,text_punctuation_only;text_too_short,26,e8af31232c32b0f4,train
segment-2031a115f753ee90c3d1,segment-2031a115f753ee90c3d1-candidate-2,.,26,63,2,2,1,4,in_scope,1,konsequenzen,stufe i,A,1,2,True,annotation-00004349,0,0,1,True,True,True,False,1,True,1,10,False,True,True,True,text_punctuation_only;text_too_short,26,e8af31232c32b0f4,train
segment-208ad17cf11afbaa8404,segment-208ad17cf11afbaa8404-candidate-1,.,77,47,2,1,2,2,in_scope,1,situationserfassung,stufe i,A,1,1,False,annotation-00013403,1,0,0,True,True,True,False,1,True,1,10,False,True,True,True,text_punctuation_only;text_too_short,77,5e026b3c944c5d13,train
segment-222b9344bf08207eb67b,segment-222b9344bf08207eb67b-candidate-1,.,7,33,1,2,1,2,in_scope,1,konsequenzen,stufe i,A,1,2,True,annotation-00000508|annotation-00000518,0,0,1,True,True,True,False,1,True,1,10,False,True,True,True,text_punctuation_only;text_too_short,7,fd1a055c1ca13050,train
segment-222b9344bf08207eb67b,segment-222b9344bf08207eb67b-candidate-2,.,7,33,1,2,1,2,in_scope,1,situationserfassung,stufe i,A,1,2,True,annotation-00000507,1,0,0,True,True,True,False,1,True,1,10,False,True,True,True,text_punctuation_only;text_too_short,7,fd1a055c1ca13050,train
segment-229b1c1a4807bc3a6f79,segment-229b1c1a4807bc3a6f79-candidate-1,.,104,76,4,2,2,2,in_scope,1,konsequenzen,stufe i,A,1,1,False,annotation-00011864|annotation-00011874,0,0,1,True,True,True,False,1,True,1,10,False,True,True,True,text_punctuation_only;text_too_short,104,0a21385e11a6af64,train
segment-2383fe5307a29ac25c1f,segment-2383fe5307a29ac25c1f-candidate-1,.,38,59,3,2,1,1,in_scope,1,analyse,stufe i,A,1,2,True,annotation-00001264,0,1,0,True,True,True,False,1,True,1,10,False,True,True,True,text_punctuation_only;text_too_short,38,0546bf8cb93fe335,train
segment-2383fe5307a29ac25c1f,segment-2383fe5307a29ac25c1f-candidate-2,.,38,59,3,2,1,1,in_scope,1,konsequenzen,stufe i,A,1,2,True,annotation-00001265,0,0,1,True,True,True,False,1,True,1,10,False,True,True,True,text_punctuation_only;text_too_short,38,0546bf8cb93fe335,train
segment-239e13ac1acbea6bc0ef,segment-239e13ac1acbea6bc0ef-candidate-1,.,55,53,5,2,1,1,in_scope,1,analyse,stufe i,A,1,2,True,annotation-00007292,0,1,0,True,True,True,False,1,True,1,10,False,True,True,True,text_punctuation_only;text_too_short,55,b982c8bc67a604be,dev
segment-239e13ac1acbea6bc0ef,segment-239e13ac1acbea6bc0ef-candidate-2,.,55,53,5,2,1,1,in_scope,1,konsequenzen,stufe i,A,1,2,True,annotation-00007293,0,0,1,True,True,True,False,1,True,1,10,False,True,True,True,text_punctuation_only;text_too_short,55,b982c8bc67a604be,dev
segment-23de2e56ee74e0cd3581,segment-23de2e56ee74e0cd3581-candidate-1,.,39,61,3,2,1,3,in_scope,1,analyse,stufe i,A,1,2,True,annotation-00001096,0,1,0,True,True,True,False,1,True,1,10,False,True,True,True,text_punctuation_only;text_too_short,39,fc0d3d4da2709c9b,test
segment-23de2e56ee74e0cd3581,segment-23de2e56ee74e0cd3581-candidate-2,.,39,61,3,2,1,3,in_scope,1,konsequenzen,stufe i,A,1,2,True,annotation-00001097|annotation-00001116,0,0,1,True,True,True,False,1,True,1,10,False,True,True,True,text_punctuation_only;text_too_short,39,fc0d3d4da2709c9b,test
segment-265947e4fee5773397c8,segment-265947e4fee5773397c8-candidate-1,.,47,3,5,1,1,3,in_scope,1,konsequenzen,stufe i,A,1,1,False,annotation-00006126,0,0,1,True,True,True,False,1,True,1,10,False,True,True,True,text_punctuation_only;text_too_short,47,9efb7a7c3e8b6377,train
segment-271c4374b29a34bf8cd2,segment-271c4374b29a34bf8cd2-candidate-1,.,68,33,1,2,2,3,in_scope,1,konsequenzen,stufe i,A,1,1,False,annotation-00011419,0,0,1,True,True,True,False,1,True,1,10,False,True,True,True,text_punctuation_only;text_too_short,68,fd1a055c1ca13050,train
segment-278a43e4b49e75cf0d8e,segment-278a43e4b49e75cf0d8e-candidate-1,.,48,8,5,1,1,5,in_scope,1,situationserfassung,stufe i,A,1,1,False,annotation-00006420,1,0,0,True,True,True,False,1,True,1,10,False,True,True,True,text_punctuation_only;text_too_short,48,010765bfd40e73e6,train
segment-27c5b6a4b0866fa2c709,segment-27c5b6a4b0866fa2c709-candidate-1,.,213,32,3,2,4,1,in_scope,1,konsequenzen,stufe i,A,1,1,False,annotation-00023391,0,0,1,True,True,True,False,1,True,1,10,False,True,True,True,text_punctuation_only;text_too_short,213,95fcf727e1fee6d6,train
segment-28bdbce49babe32459bc,segment-28bdbce49babe32459bc-candidate-1,.,2,14,1,1,1,6,in_scope,1,konsequenzen,stufe i,A,1,1,False,annotation-00002352,0,0,1,True,True,True,False,1,True,1,10,False,True,True,True,text_punctuation_only;text_too_short,2,7b4ac7e6dba86acb,train
segment-29c93f4ebd913bce36e5,segment-29c93f4ebd913bce36e5-candidate-1,.,58,71,5,2,1,2,in_scope,1,konsequenzen,stufe i,A,1,1,False,annotation-00006918,0,0,1,True,True,True,False,1,True,1,10,False,True,True,True,text_punctuation_only;text_too_short,58,b643fe9b85153033,train
segment-2a2bcad24b082c4a8ffa,segment-2a2bcad24b082c4a8ffa-candidate-1,.,79,68,2,1,2,3,in_scope,1,analyse,stufe i,A,1,2,True,annotation-00014230,0,1,0,True,True,True,False,1,True,1,10,False,True,True,True,text_punctuation_only;text_too_short,79,cd6235bd80a8b37b,dev
segment-2a2bcad24b082c4a8ffa,segment-2a2bcad24b082c4a8ffa-candidate-2,.,79,68,2,1,2,3,in_scope,1,situationserfassung,stufe i,A,1,2,True,annotation-00014229,1,0,0,True,True,True,False,1,True,1,10,False,True,True,True,text_punctuation_only;text_too_short,79,cd6235bd80a8b37b,dev
segment-2acb1430c08edd19f8fd,segment-2acb1430c08edd19f8fd-candidate-1,.,148,63,2,2,3,2,in_scope,1,konsequenzen,stufe i,A,1,1,False,annotation-00019463,0,0,1,True,True,True,False,1,True,1,10,False,True,True,True,text_punctuation_only;text_too_short,148,e8af31232c32b0f4,train
segment-2b10eb429f1e1dd9cc1c,segment-2b10eb429f1e1dd9cc1c-candidate-1,.,79,68,2,1,2,4,in_scope,1,analyse,stufe i,A,1,1,False,annotation-00014174,0,1,0,True,True,True,False,1,True,1,10,False,True,True,True,text_punctuation_only;text_too_short,79,cd6235bd80a8b37b,dev
segment-2d91b8eef7ebd37e8293,segment-2d91b8eef7ebd37e8293-candidate-1,.,92,35,3,2,2,2,in_scope,1,analyse,stufe i,A,1,2,True,annotation-00010244,0,1,0,True,True,True,False,1,True,1,10,False,True,True,True,text_punctuation_only;text_too_short,92,fedc068cbb676a5c,dev
segment-2d91b8eef7ebd37e8293,segment-2d91b8eef7ebd37e8293-candidate-2,.,92,35,3,2,2,2,in_scope,1,konsequenzen,stufe i,A,1,2,True,annotation-00010245|annotation-00010264,0,0,1,True,True,True,False,1,True,1,10,False,True,True,True,text_punctuation_only;text_too_short,92,fedc068cbb676a5c,dev
segment-2f15b6518e310aa6aff8,segment-2f15b6518e310aa6aff8-candidate-1,.,177,49,5,2,3,1,in_scope,1,analyse,stufe i,A,1,1,False,annotation-00021063,0,1,0,True,True,True,False,1,True,1,10,False,True,True,True,text_punctuation_only;text_too_short,177,975f36915091c70d,train
segment-2f19d453175a653bdc1f,segment-2f19d453175a653bdc1f-candidate-1,.,98,60,3,2,2,1,in_scope,1,analyse,stufe i,A,1,1,False,annotation-00009325,0,1,0,True,True,True,False,1,True,1,10,False,True,True,True,text_punctuation_only;text_too_short,98,0967760eba4ca892,train
segment-2f404abdbdeddf269b21,segment-2f404abdbdeddf269b21-candidate-1,.,18,47,2,1,1,3,in_scope,1,situationserfassung,stufe i,A,1,1,False,annotation-00005643,1,0,0,True,True,True,False,1,True,1,10,False,True,True,True,text_punctuation_only;text_too_short,18,5e026b3c944c5d13,train
segment-304f835cb6d5ea8f258d,segment-304f835cb6d5ea8f258d-candidate-1,.,68,33,1,2,2,4,in_scope,1,analyse,stufe i,A,1,3,True,annotation-00011365,0,1,0,True,True,True,False,1,True,1,10,False,True,True,True,text_punctuation_only;text_too_short,68,fd1a055c1ca13050,train
segment-304f835cb6d5ea8f258d,segment-304f835cb6d5ea8f258d-candidate-2,.,68,33,1,2,2,4,in_scope,1,konsequenzen,stufe i,A,1,3,True,annotation-00011366,0,0,1,True,True,True,False,1,True,1,10,False,True,True,True,text_punctuation_only;text_too_short,68,fd1a055c1ca13050,train
segment-304f835cb6d5ea8f258d,segment-304f835cb6d5ea8f258d-candidate-3,.,68,33,1,2,2,4,in_scope,1,situationserfassung,stufe i,A,1,3,True,annotation-00011364,1,0,0,True,True,True,False,1,True,1,10,False,True,True,True,text_punctuation_only;text_too_short,68,fd1a055c1ca13050,train
segment-307a08b91debd408ec24,segment-307a08b91debd408ec24-candidate-1,.,49,12,5,1,1,3,in_scope,1,konsequenzen,stufe i,A,1,1,False,annotation-00006579,0,0,1,True,True,True,False,1,True,1,10,False,True,True,True,text_punctuation_only;text_too_short,49,9710e4383684e1c6,test
segment-308b46aacbea8153df62,segment-308b46aacbea8153df62-candidate-1,.,238,64,5,2,4,2,in_scope,1,analyse,stufe i,A,1,1,False,annotation-00028733,0,1,0,True,True,True,False,1,True,1,10,False,True,True,True,text_punctuation_only;text_too_short,238,deeae01663df14b2,train
segment-3183f68187c89c312420,segment-3183f68187c89c312420-candidate-1,.,185,13,1,1,4,2,in_scope,1,konsequenzen,stufe i,A,1,1,False,annotation-00021683,0,0,1,True,True,True,False,1,True,1,10,False,True,True,True,text_punctuation_only;text_too_short,185,7f0b8ea6fccf5e85,train
segment-322cacad3f5ccd309e54,segment-322cacad3f5ccd309e54-candidate-1,.,30,26,3,2,1,1,in_scope,1,analyse,stufe i,A,1,1,False,annotation-00002242,0,1,0,True,True,True,False,1,True,1,10,False,True,True,True,text_punctuation_only;text_too_short,30,d9e814e2d3def543,train
segment-33bcad330ea674758bcf,segment-33bcad330ea674758bcf-candidate-1,.,139,48,2,1,3,2,in_scope,1,analyse,stufe i,A,1,2,True,annotation-00019711,0,1,0,True,True,True,False,1,True,1,10,False,True,True,True,text_punctuation_only;text_too_short,139,7a9ebf1c2cef1eaa,train
segment-33bcad330ea674758bcf,segment-33bcad330ea674758bcf-candidate-2,.,139,48,2,1,3,2,in_scope,1,situationserfassung,stufe i,A,1,2,True,annotation-00019710,1,0,0,True,True,True,False,1,True,1,10,False,True,True,True,text_punctuation_only;text_too_short,139,7a9ebf1c2cef1eaa,train
segment-375195856033eb029376,segment-375195856033eb029376-candidate-1,.,208,63,2,2,4,2,in_scope,1,konsequenzen,stufe i,A,1,1,False,annotation-00025037,0,0,1,True,True,True,False,1,True,1,10,False,True,True,True,text_punctuation_only;text_too_short,208,e8af31232c32b0f4,train
segment-377356d0c630a1a28783,segment-377356d0c630a1a28783-candidate-1,.,30,26,3,2,1,2,in_scope,1,konsequenzen,stufe i,A,1,1,False,annotation-00002300,0,0,1,True,True,True,False,1,True,1,10,False,True,True,True,text_punctuation_only;text_too_short,30,d9e814e2d3def543,train
segment-377fa5f00839a8816010,segment-377fa5f00839a8816010-candidate-1,.,34,38,3,2,1,3,in_scope,1,konsequenzen,stufe i,A,1,1,False,annotation-00001669,0,0,1,True,True,True,False,1,True,1,10,False,True,True,True,text_punctuation_only;text_too_short,34,35c1f080cdf0ebcb,train
segment-37c4f3287fc886e33cc5,segment-37c4f3287fc886e33cc5-candidate-1,.,145,25,2,2,3,2,in_scope,1,situationserfassung,stufe i,A,1,1,False,annotation-00018780,1,0,0,True,True,True,False,1,True,1,10,False,True,True,True,text_punctuation_only;text_too_short,145,193108d907499078,train
segment-37fe575bb7c6b6abc9f5,segment-37fe575bb7c6b6abc9f5-candidate-1,.,51,19,5,1,1,2,in_scope,1,konsequenzen,stufe i,A,1,1,False,annotation-00005919,0,0,1,True,True,True,False,1,True,1,10,False,True,True,True,text_punctuation_only;text_too_short,51,9e20979881ef037a,test
segment-38d7713c5f6ef1bb66b7,segment-38d7713c5f6ef1bb66b7-candidate-1,"
n",27,70,2,2,1,2,in_scope,1,konsequenzen,stufe i,A,1,1,False,annotation-00003756,0,0,1,True,True,True,False,1,True,1,10,False,False,True,True,text_too_short,27,236ee9213bbbbc4e,dev
segment-3901e69521dd92fef135,segment-3901e69521dd92fef135-candidate-1,.,55,53,5,2,1,2,in_scope,1,analyse,stufe i,A,1,2,True,annotation-00007187,0,1,0,True,True,True,False,1,True,1,10,False,True,True,True,text_punctuation_only;text_too_short,55,b982c8bc67a604be,dev
segment-3901e69521dd92fef135,segment-3901e69521dd92fef135-candidate-2,.,55,53,5,2,1,2,in_scope,1,situationserfassung,stufe i,A,1,2,True,annotation-00007186,1,0,0,True,True,True,False,1,True,1,10,False,True,True,True,text_punctuation_only;text_too_short,55,b982c8bc67a604be,dev
segment-3a62f9e37d0fea3b2a39,segment-3a62f9e37d0fea3b2a39-candidate-1,.,44,76,4,2,1,3,in_scope,1,konsequenzen,stufe i,A,1,1,False,annotation-00003196,0,0,1,True,True,True,False,1,True,1,10,False,True,True,True,text_punctuation_only;text_too_short,44,0a21385e11a6af64,train
segment-3ab7563004cb51d1d011,segment-3ab7563004cb51d1d011-candidate-1,.,33,34,3,2,1,1,in_scope,1,analyse,stufe i,A,1,2,True,annotation-00001900,0,1,0,True,True,True,False,1,True,1,10,False,True,True,True,text_punctuation_only;text_too_short,33,75226cd03392fb89,train
segment-3ab7563004cb51d1d011,segment-3ab7563004cb51d1d011-candidate-2,.,33,34,3,2,1,1,in_scope,1,konsequenzen,stufe i,A,1,2,True,annotation-00001901,0,0,1,True,True,True,False,1,True,1,10,False,True,True,True,text_punctuation_only;text_too_short,33,75226cd03392fb89,train
segment-3bab78c44b63e790be4c,segment-3bab78c44b63e790be4c-candidate-1,.,26,63,2,2,1,5,in_scope,1,konsequenzen,stufe i,A,1,1,False,annotation-00004372,0,0,1,True,True,True,False,1,True,1,10,False,True,True,True,text_punctuation_only;text_too_short,26,e8af31232c32b0f4,train
segment-3d496b1e052027f68d33,segment-3d496b1e052027f68d33-candidate-1,.,51,19,5,1,1,3,in_scope,1,konsequenzen,stufe i,A,1,1,False,annotation-00005938,0,0,1,True,True,True,False,1,True,1,10,False,True,True,True,text_punctuation_only;text_too_short,51,9e20979881ef037a,test
segment-3ed1ceb14c5ebc4f8c70,segment-3ed1ceb14c5ebc4f8c70-candidate-1,.,26,63,2,2,1,6,in_scope,1,analyse,stufe i,A,1,3,True,annotation-00004267,0,1,0,True,True,True,False,1,True,1,10,False,True,True,True,text_punctuation_only;text_too_short,26,e8af31232c32b0f4,train
segment-3ed1ceb14c5ebc4f8c70,segment-3ed1ceb14c5ebc4f8c70-candidate-2,.,26,63,2,2,1,6,in_scope,1,konsequenzen,stufe i,A,1,3,True,annotation-00004268,0,0,1,True,True,True,False,1,True,1,10,False,True,True,True,text_punctuation_only;text_too_short,26,e8af31232c32b0f4,train
segment-3ed1ceb14c5ebc4f8c70,segment-3ed1ceb14c5ebc4f8c70-candidate-3,.,26,63,2,2,1,6,in_scope,1,situationserfassung,stufe i,A,1,3,True,annotation-00004254,1,0,0,True,True,True,False,1,True,1,10,False,True,True,True,text_punctuation_only;text_too_short,26,e8af31232c32b0f4,train
segment-3fe06140947daf036cae,segment-3fe06140947daf036cae-candidate-1,.,59,75,5,2,1,2,in_scope,1,konsequenzen,stufe i,A,1,1,False,annotation-00007072,0,0,1,True,True,True,False,1,True,1,10,False,True,True,True,text_punctuation_only;text_too_short,59,58712d4328e0d892,train
segment-44cee36e01b9b57913d3,segment-44cee36e01b9b57913d3-candidate-1,.,97,58,3,2,2,2,in_scope,1,konsequenzen,stufe i,A,1,1,False,annotation-00009449,0,0,1,True,True,True,False,1,True,1,10,False,True,True,True,text_punctuation_only;text_too_short,97,9bec615eeefeaf1d,train
segment-47351afacdc9bb9be8a5,segment-47351afacdc9bb9be8a5-candidate-1,.,53,23,5,1,1,1,in_scope,1,konsequenzen,stufe i,A,1,1,False,annotation-00006238,0,0,1,True,True,True,False,1,True,1,10,False,True,True,True,text_punctuation_only;text_too_short,53,3999525a81ce4095,dev
segment-4759a2eb2861b8240ca3,segment-4759a2eb2861b8240ca3-candidate-1,.,205,25,2,2,4,2,in_scope,1,situationserfassung,stufe i,A,1,1,False,annotation-00024359,1,0,0,True,True,True,False,1,True,1,10,False,True,True,True,text_punctuation_only;text_too_short,205,193108d907499078,train
segment-482c6cb727a7ad97a19f,segment-482c6cb727a7ad97a19f-candidate-1,.,23,25,2,2,1,3,in_scope,1,konsequenzen,stufe i,A,1,2,True,annotation-00003559,0,0,1,True,True,True,False,1,True,1,10,False,True,True,True,text_punctuation_only;text_too_short,23,193108d907499078,train
segment-482c6cb727a7ad97a19f,segment-482c6cb727a7ad97a19f-candidate-2,.,23,25,2,2,1,3,in_scope,1,situationserfassung,stufe i,A,1,2,True,annotation-00003558,1,0,0,True,True,True,False,1,True,1,10,False,True,True,True,text_punctuation_only;text_too_short,23,193108d907499078,train
segment-492097382890651e5d10,segment-492097382890651e5d10-candidate-1,Bewertung,26,63,2,2,1,59,out_of_scope,0,,,,,1,False,annotation-00004350,,,,False,False,False,False,0,True,9,10,False,False,True,True,text_too_short,26,e8af31232c32b0f4,train
segment-49aa1cc311ec4df0adc7,segment-49aa1cc311ec4df0adc7-candidate-1,.,21,79,2,1,1,2,in_scope,1,analyse,stufe i,A,1,2,True,annotation-00005273,0,1,0,True,True,True,False,1,True,1,10,False,True,True,True,text_punctuation_only;text_too_short,21,1a97276861d228b3,train
segment-49aa1cc311ec4df0adc7,segment-49aa1cc311ec4df0adc7-candidate-2,.,21,79,2,1,1,2,in_scope,1,konsequenzen,stufe i,A,1,2,True,annotation-00005274,0,0,1,True,True,True,False,1,True,1,10,False,True,True,True,text_punctuation_only;text_too_short,21,1a97276861d228b3,train
segment-4a4fe1b1ddc214088f29,segment-4a4fe1b1ddc214088f29-candidate-1,….,123,1,1,1,3,14,in_scope,1,konsequenzen,stufe i,A,1,1,False,annotation-00017144,0,0,1,True,True,True,False,1,True,2,10,False,True,True,True,text_punctuation_only;text_too_short,123,eb62da3bac770ad3,train
segment-4b1524a45601bef21074,segment-4b1524a45601bef21074-candidate-1,.,42,2,4,2,1,5,in_scope,1,analyse,stufe i,A,1,1,False,annotation-00002894,0,1,0,True,True,True,False,1,True,1,10,False,True,True,True,text_punctuation_only;text_too_short,42,3faf840a033c018d,test
segment-4d40f213d94f72325d0c,segment-4d40f213d94f72325d0c-candidate-1,.,138,47,2,1,3,2,in_scope,1,analyse,stufe i,A,1,2,True,annotation-00020307,0,1,0,True,True,True,False,1,True,1,10,False,True,True,True,text_punctuation_only;text_too_short,138,5e026b3c944c5d13,train
segment-4d40f213d94f72325d0c,segment-4d40f213d94f72325d0c-candidate-2,.,138,47,2,1,3,2,in_scope,1,konsequenzen,stufe i,A,1,2,True,annotation-00020308,0,0,1,True,True,True,False,1,True,1,10,False,True,True,True,text_punctuation_only;text_too_short,138,5e026b3c944c5d13,train
segment-4da5c9989442a46787b7,segment-4da5c9989442a46787b7-candidate-1,.,52,21,5,1,1,4,in_scope,1,analyse,stufe i,A,1,2,True,annotation-00006788,0,1,0,True,True,True,False,1,True,1,10,False,True,True,True,text_punctuation_only;text_too_short,52,8153a465245aa4f5,dev
segment-4da5c9989442a46787b7,segment-4da5c9989442a46787b7-candidate-2,.,52,21,5,1,1,4,in_scope,1,konsequenzen,stufe i,A,1,2,True,annotation-00006789,0,0,1,True,True,True,False,1,True,1,10,False,True,True,True,text_punctuation_only;text_too_short,52,8153a465245aa4f5,dev
segment-51808052630161d70994,segment-51808052630161d70994-candidate-1,.,44,76,4,2,1,4,in_scope,1,konsequenzen,stufe i,A,1,1,False,annotation-00003173,0,0,1,True,True,True,False,1,True,1,10,False,True,True,True,text_punctuation_only;text_too_short,44,0a21385e11a6af64,train
segment-519017280b930d59e2d5,segment-519017280b930d59e2d5-candidate-1,.,90,30,3,2,2,1,in_scope,1,konsequenzen,stufe i,A,1,1,False,annotation-00010497,0,0,1,True,True,True,False,1,True,1,10,False,True,True,True,text_punctuation_only;text_too_short,90,94dd5be7b479f16e,train
segment-5210a9415b0556f5dbd8,segment-5210a9415b0556f5dbd8-candidate-1,.,68,33,1,2,2,5,in_scope,1,analyse,stufe i,A,1,3,True,annotation-00011408,0,1,0,True,True,True,False,1,True,1,10,False,True,True,True,text_punctuation_only;text_too_short,68,fd1a055c1ca13050,train
segment-5210a9415b0556f5dbd8,segment-5210a9415b0556f5dbd8-candidate-2,.,68,33,1,2,2,5,in_scope,1,konsequenzen,stufe i,A,1,3,True,annotation-00011409,0,0,1,True,True,True,False,1,True,1,10,False,True,True,True,text_punctuation_only;text_too_short,68,fd1a055c1ca13050,train
segment-5210a9415b0556f5dbd8,segment-5210a9415b0556f5dbd8-candidate-3,.,68,33,1,2,2,5,in_scope,1,situationserfassung,stufe i,A,1,3,True,annotation-00011407,1,0,0,True,True,True,False,1,True,1,10,False,True,True,True,text_punctuation_only;text_too_short,68,fd1a055c1ca13050,train
segment-527a7a0517042f2fe5a1,segment-527a7a0517042f2fe5a1-candidate-1,.,2,14,1,1,1,7,in_scope,1,konsequenzen,stufe i,A,1,1,False,annotation-00002399,0,0,1,True,True,True,False,1,True,1,10,False,True,True,True,text_punctuation_only;text_too_short,2,7b4ac7e6dba86acb,train
segment-5401f2a8c67358b7b8f6,segment-5401f2a8c67358b7b8f6-candidate-1,.,9,56,1,2,1,2,in_scope,1,konsequenzen,stufe i,A,1,1,False,annotation-00000131,0,0,1,True,True,True,False,1,True,1,10,False,True,True,True,text_punctuation_only;text_too_short,9,39eda616cf7b1aaa,train
segment-548238041813b9867f38,segment-548238041813b9867f38-candidate-1,.,9,56,1,2,1,3,in_scope,1,analyse,stufe i,A,1,2,True,annotation-00000246|annotation-00000251,0,1,0,True,True,True,False,1,True,1,10,False,True,True,True,text_punctuation_only;text_too_short,9,39eda616cf7b1aaa,train
segment-548238041813b9867f38,segment-548238041813b9867f38-candidate-2,.,9,56,1,2,1,3,in_scope,1,konsequenzen,stufe i,A,1,2,True,annotation-00000247|annotation-00000252,0,0,1,True,True,True,False,1,True,1,10,False,True,True,True,text_punctuation_only;text_too_short,9,39eda616cf7b1aaa,train
segment-549ff2a70e5d6f9d6076,segment-549ff2a70e5d6f9d6076-candidate-1,.,40,66,3,2,1,4,in_scope,1,analyse,stufe i,A,1,2,True,annotation-00000823,0,1,0,True,True,True,False,1,True,1,10,False,True,True,True,text_punctuation_only;text_too_short,40,0687b27156ecf612,train
segment-549ff2a70e5d6f9d6076,segment-549ff2a70e5d6f9d6076-candidate-2,.,40,66,3,2,1,4,in_scope,1,konsequenzen,stufe i,A,1,2,True,annotation-00000819,0,0,1,True,True,True,False,1,True,1,10,False,True,True,True,text_punctuation_only;text_too_short,40,0687b27156ecf612,train
segment-552242b91938b5b1962c,segment-552242b91938b5b1962c-candidate-1,.,228,87,4,2,4,2,in_scope,1,situationserfassung,stufe i,A,1,1,False,annotation-00025728,1,0,0,True,True,True,False,1,True,1,10,False,True,True,True,text_punctuation_only;text_too_short,228,e31e4db57b55ded9,train
segment-56838c4a39215f9738bd,segment-56838c4a39215f9738bd-candidate-1,.,52,21,5,1,1,5,in_scope,1,analyse,stufe i,A,1,2,True,annotation-00006686,0,1,0,True,True,True,False,1,True,1,10,False,True,True,True,text_punctuation_only;text_too_short,52,8153a465245aa4f5,dev
segment-56838c4a39215f9738bd,segment-56838c4a39215f9738bd-candidate-2,.,52,21,5,1,1,5,in_scope,1,konsequenzen,stufe i,A,1,2,True,annotation-00006687,0,0,1,True,True,True,False,1,True,1,10,False,True,True,True,text_punctuation_only;text_too_short,52,8153a465245aa4f5,dev
segment-57b419d5d1b2147f4093,segment-57b419d5d1b2147f4093-candidate-1,.,171,8,5,1,3,3,in_scope,1,analyse,stufe i,A,1,3,True,annotation-00020492|annotation-00020717,0,1,0,True,True,True,False,1,True,1,10,False,True,True,True,text_punctuation_only;text_too_short,171,010765bfd40e73e6,train
segment-57b419d5d1b2147f4093,segment-57b419d5d1b2147f4093-candidate-2,.,171,8,5,1,3,3,in_scope,1,konsequenzen,stufe i,A,1,3,True,annotation-00020493,0,0,1,True,True,True,False,1,True,1,10,False,True,True,True,text_punctuation_only;text_too_short,171,010765bfd40e73e6,train
segment-57b419d5d1b2147f4093,segment-57b419d5d1b2147f4093-candidate-3,.,171,8,5,1,3,3,in_scope,1,konsequenzen,stufe i,A,1,3,True,annotation-00020718,0,0,1,True,True,True,False,1,True,1,10,False,True,True,True,text_punctuation_only;text_too_short,171,010765bfd40e73e6,train
segment-581cadbbeb080a8fba51,segment-581cadbbeb080a8fba51-candidate-1,.,59,75,5,2,1,3,in_scope,1,konsequenzen,stufe i,A,1,1,False,annotation-00007011,0,0,1,True,True,True,False,1,True,1,10,False,True,True,True,text_punctuation_only;text_too_short,59,58712d4328e0d892,train
segment-582477c37a240666e0e9,segment-582477c37a240666e0e9-candidate-1,.,44,76,4,2,1,5,in_scope,1,konsequenzen,stufe i,A,1,1,False,annotation-00003163,0,0,1,True,True,True,False,1,True,1,10,False,True,True,True,text_punctuation_only;text_too_short,44,0a21385e11a6af64,train
segment-5a1ceff95f21570e0ed9,segment-5a1ceff95f21570e0ed9-candidate-1,n,1,1,1,1,1,1,in_scope,1,konsequenzen,stufe i,A,1,2,True,annotation-00002481,0,0,1,True,True,True,False,1,True,1,10,False,False,True,True,text_too_short,1,eb62da3bac770ad3,train
segment-5a1ceff95f21570e0ed9,segment-5a1ceff95f21570e0ed9-candidate-2,n,1,1,1,1,1,1,in_scope,1,situationserfassung,stufe i,A,1,2,True,annotation-00002480,1,0,0,True,True,True,False,1,True,1,10,False,False,True,True,text_too_short,1,eb62da3bac770ad3,train
segment-5a41c43d4db9c166f08c,segment-5a41c43d4db9c166f08c-candidate-1,.,3,44,1,1,1,2,in_scope,1,konsequenzen,stufe i,A,1,1,False,annotation-00002541,0,0,1,True,True,True,False,1,True,1,10,False,True,True,True,text_punctuation_only;text_too_short,3,d6edc4c7955d78b1,test
segment-5abc35c64a0bd644e70b,segment-5abc35c64a0bd644e70b-candidate-1,.,234,21,5,1,4,5,in_scope,1,konsequenzen,stufe i,A,1,1,False,annotation-00027896,0,0,1,True,True,True,False,1,True,1,10,False,True,True,True,text_punctuation_only;text_too_short,234,8153a465245aa4f5,dev
segment-5c7b48bb698626f99c97,segment-5c7b48bb698626f99c97-candidate-1,.,133,85,1,2,3,2,in_scope,1,konsequenzen,stufe i,A,1,1,False,annotation-00018401,0,0,1,True,True,True,False,1,True,1,10,False,True,True,True,text_punctuation_only;text_too_short,133,b45f508277522f10,train
segment-5caf461fce808625ab47,segment-5caf461fce808625ab47-candidate-1,.,31,29,3,2,1,3,in_scope,1,analyse,stufe i,A,1,3,True,annotation-00002105|annotation-00002126|annotation-00002161,0,1,0,True,True,True,False,1,True,1,10,False,True,True,True,text_punctuation_only;text_too_short,31,ea00aa7e787adb0d,dev
segment-5caf461fce808625ab47,segment-5caf461fce808625ab47-candidate-2,.,31,29,3,2,1,3,in_scope,1,konsequenzen,stufe i,A,1,3,True,annotation-00002106|annotation-00002113|annotation-00002127|annotation-00002147,0,0,1,True,True,True,False,1,True,1,10,False,True,True,True,text_punctuation_only;text_too_short,31,ea00aa7e787adb0d,dev
segment-5caf461fce808625ab47,segment-5caf461fce808625ab47-candidate-3,.,31,29,3,2,1,3,in_scope,1,situationserfassung,stufe i,A,1,3,True,annotation-00002104,1,0,0,True,True,True,False,1,True,1,10,False,True,True,True,text_punctuation_only;text_too_short,31,ea00aa7e787adb0d,dev
segment-5cb1388d651fb5e773e5,segment-5cb1388d651fb5e773e5-candidate-1,.,58,71,5,2,1,3,in_scope,1,konsequenzen,stufe i,A,1,1,False,annotation-00006908,0,0,1,True,True,True,False,1,True,1,10,False,True,True,True,text_punctuation_only;text_too_short,58,b643fe9b85153033,train
segment-5fcd7859f11bf74ebc66,segment-5fcd7859f11bf74ebc66-candidate-1,.,24,28,2,2,1,2,in_scope,1,konsequenzen,stufe i,A,1,1,False,annotation-00004047,0,0,1,True,True,True,False,1,True,1,10,False,True,True,True,text_punctuation_only;text_too_short,24,66113b8d0b6fb170,dev
segment-60f79bc7eee6f9436511,segment-60f79bc7eee6f9436511-candidate-1,.,118,64,5,2,2,3,in_scope,1,konsequenzen,stufe i,A,1,1,False,annotation-00016749,0,0,1,True,True,True,False,1,True,1,10,False,True,True,True,text_punctuation_only;text_too_short,118,deeae01663df14b2,train
segment-63a44a510727c4934a26,segment-63a44a510727c4934a26-candidate-1,.,135,5,2,1,3,1,in_scope,1,konsequenzen,stufe i,A,1,1,False,annotation-00019552|annotation-00019565,0,0,1,True,True,True,False,1,True,1,10,False,True,True,True,text_punctuation_only;text_too_short,135,cd38e7c2d4a56e90,train
segment-63b77d853da94fb47d65,segment-63b77d853da94fb47d65-candidate-1,.,79,68,2,1,2,5,in_scope,1,analyse,stufe i,A,1,1,False,annotation-00014164,0,1,0,True,True,True,False,1,True,1,10,False,True,True,True,text_punctuation_only;text_too_short,79,cd6235bd80a8b37b,dev
segment-63edfa6882016155b3aa,segment-63edfa6882016155b3aa-candidate-1,.,211,27,3,2,4,1,in_scope,1,konsequenzen,stufe i,A,1,1,False,annotation-00023611,0,0,1,True,True,True,False,1,True,1,10,False,True,True,True,text_punctuation_only;text_too_short,211,2b1a36ed00f62e21,train
segment-65155a2ba9869384fabf,segment-65155a2ba9869384fabf-candidate-1,.,56,65,5,2,1,1,in_scope,1,situationserfassung,stufe i,A,1,1,False,annotation-00007587,1,0,0,True,True,True,False,1,True,1,10,False,True,True,True,text_punctuation_only;text_too_short,56,5071a6510061f547,train
segment-6543bd5f609528ef6472,segment-6543bd5f609528ef6472-candidate-1,.,41,77,3,2,1,2,in_scope,1,analyse,stufe i,A,1,1,False,annotation-00000869,0,1,0,True,True,True,False,1,True,1,10,False,True,True,True,text_punctuation_only;text_too_short,41,dbe95c1fd37b3166,train
segment-655fd59958022e8d9d92,segment-655fd59958022e8d9d92-candidate-1,.,138,47,2,1,3,3,in_scope,1,konsequenzen,stufe i,A,1,2,True,annotation-00020352,0,0,1,True,True,True,False,1,True,1,10,False,True,True,True,text_punctuation_only;text_too_short,138,5e026b3c944c5d13,train
segment-655fd59958022e8d9d92,segment-655fd59958022e8d9d92-candidate-2,.,138,47,2,1,3,3,in_scope,1,situationserfassung,stufe i,A,1,2,True,annotation-00020351,1,0,0,True,True,True,False,1,True,1,10,False,True,True,True,text_punctuation_only;text_too_short,138,5e026b3c944c5d13,train
segment-67b94fb238779d1ac387,segment-67b94fb238779d1ac387-candidate-1,.,61,1,1,1,2,2,in_scope,1,konsequenzen,stufe i,A,1,1,False,annotation-00008033,0,0,1,True,True,True,False,1,True,1,10,False,True,True,True,text_punctuation_only;text_too_short,61,eb62da3bac770ad3,train
segment-67fe430c5e62f3dd5c6a,segment-67fe430c5e62f3dd5c6a-candidate-1,.,52,21,5,1,1,6,in_scope,1,konsequenzen,stufe i,A,1,1,False,annotation-00006642,0,0,1,True,True,True,False,1,True,1,10,False,True,True,True,text_punctuation_only;text_too_short,52,8153a465245aa4f5,dev
segment-68ca6911f772f4cb8af0,segment-68ca6911f772f4cb8af0-candidate-1,.,79,68,2,1,2,6,in_scope,1,analyse,stufe i,A,1,2,True,annotation-00014225,0,1,0,True,True,True,False,1,True,1,10,False,True,True,True,text_punctuation_only;text_too_short,79,cd6235bd80a8b37b,dev
segment-68ca6911f772f4cb8af0,segment-68ca6911f772f4cb8af0-candidate-2,.,79,68,2,1,2,6,in_scope,1,situationserfassung,stufe i,A,1,2,True,annotation-00014224,1,0,0,True,True,True,False,1,True,1,10,False,True,True,True,text_punctuation_only;text_too_short,79,cd6235bd80a8b37b,dev
segment-6a5efc6a9969b7795733,segment-6a5efc6a9969b7795733-candidate-1,.,205,25,2,2,4,3,in_scope,1,konsequenzen,stufe i,A,1,1,False,annotation-00024289,0,0,1,True,True,True,False,1,True,1,10,False,True,True,True,text_punctuation_only;text_too_short,205,193108d907499078,train
segment-6ad27572b558265924f8,segment-6ad27572b558265924f8-candidate-1,.,25,46,2,2,1,2,in_scope,1,konsequenzen,stufe i,A,1,1,False,annotation-00004216,0,0,1,True,True,True,False,1,True,1,10,False,True,True,True,text_punctuation_only;text_too_short,25,8490512266eabf51,train
segment-6b861eceed66eebff9ba,segment-6b861eceed66eebff9ba-candidate-1,.,185,13,1,1,4,3,in_scope,1,konsequenzen,stufe i,A,1,1,False,annotation-00021721,0,0,1,True,True,True,False,1,True,1,10,False,True,True,True,text_punctuation_only;text_too_short,185,7f0b8ea6fccf5e85,train
segment-6d210ecc844bca7a6854,segment-6d210ecc844bca7a6854-candidate-1,.,3,44,1,1,1,3,in_scope,1,konsequenzen,stufe i,A,1,1,False,annotation-00002509,0,0,1,True,True,True,False,1,True,1,10,False,True,True,True,text_punctuation_only;text_too_short,3,d6edc4c7955d78b1,test
segment-6d752f39d6f2864b94e4,segment-6d752f39d6f2864b94e4-candidate-1,.,14,6,2,1,1,1,in_scope,1,situationserfassung,stufe i,A,1,1,False,annotation-00004752,1,0,0,True,True,True,False,1,True,1,10,False,True,True,True,text_punctuation_only;text_too_short,14,97ee8f2854716d8e,train
segment-6ef1a82ccd34def49253,segment-6ef1a82ccd34def49253-candidate-1,.,224,2,4,2,4,3,in_scope,1,situationserfassung,stufe i,A,1,1,False,annotation-00025222,1,0,0,True,True,True,False,1,True,1,10,False,True,True,True,text_punctuation_only;text_too_short,224,3faf840a033c018d,test
segment-6f57128ff1ab48aae9c3,segment-6f57128ff1ab48aae9c3-candidate-1,.,64,44,1,1,2,2,in_scope,1,situationserfassung,stufe i,A,1,1,False,annotation-00008395,1,0,0,True,True,True,False,1,True,1,10,False,True,True,True,text_punctuation_only;text_too_short,64,d6edc4c7955d78b1,test
segment-707968bedef61e7cb470,segment-707968bedef61e7cb470-candidate-1,.,18,47,2,1,1,4,in_scope,1,konsequenzen,stufe i,A,1,1,False,annotation-00005682,0,0,1,True,True,True,False,1,True,1,10,False,True,True,True,text_punctuation_only;text_too_short,18,5e026b3c944c5d13,train
segment-71f58219c097ed002032,segment-71f58219c097ed002032-candidate-1,.,61,1,1,1,2,3,in_scope,1,analyse,stufe i,A,1,2,True,annotation-00007928,0,1,0,True,True,True,False,1,True,1,10,False,True,True,True,text_punctuation_only;text_too_short,61,eb62da3bac770ad3,train
segment-71f58219c097ed002032,segment-71f58219c097ed002032-candidate-2,.,61,1,1,1,2,3,in_scope,1,konsequenzen,stufe i,A,1,2,True,annotation-00007886,0,0,1,True,True,True,False,1,True,1,10,False,True,True,True,text_punctuation_only;text_too_short,61,eb62da3bac770ad3,train
segment-731439e891f54eea9168,segment-731439e891f54eea9168-candidate-1,.,63,36,1,1,2,2,in_scope,1,analyse,stufe i,A,1,2,True,annotation-00008347,0,1,0,True,True,True,False,1,True,1,10,False,True,True,True,text_punctuation_only;text_too_short,63,e4c374f7bc2ac4d3,train
segment-731439e891f54eea9168,segment-731439e891f54eea9168-candidate-2,.,63,36,1,1,2,2,in_scope,1,konsequenzen,stufe i,A,1,2,True,annotation-00008348,0,0,1,True,True,True,False,1,True,1,10,False,True,True,True,text_punctuation_only;text_too_short,63,e4c374f7bc2ac4d3,train
segment-734a9e41581884673573,segment-734a9e41581884673573-candidate-1,.,58,71,5,2,1,4,in_scope,1,konsequenzen,stufe i,A,1,1,False,annotation-00006842,0,0,1,True,True,True,False,1,True,1,10,False,True,True,True,text_punctuation_only;text_too_short,58,b643fe9b85153033,train
segment-734ce652af796500ebdd,segment-734ce652af796500ebdd-candidate-1,.,36,54,3,2,1,2,in_scope,1,konsequenzen,stufe i,A,1,2,True,annotation-00001449,0,0,1,True,True,True,False,1,True,1,10,False,True,True,True,text_punctuation_only;text_too_short,36,ed2e1db7eb20f852,test
segment-734ce652af796500ebdd,segment-734ce652af796500ebdd-candidate-2,.,36,54,3,2,1,2,in_scope,1,situationserfassung,stufe i,A,1,2,True,annotation-00001432|annotation-00001448,1,0,0,True,True,True,False,1,True,1,10,False,True,True,True,text_punctuation_only;text_too_short,36,ed2e1db7eb20f852,test
segment-734ffa500ba3834f3ec4,segment-734ffa500ba3834f3ec4-candidate-1,.,79,68,2,1,2,7,in_scope,1,situationserfassung,stufe i,A,1,1,False,annotation-00014205,1,0,0,True,True,True,False,1,True,1,10,False,True,True,True,text_punctuation_only;text_too_short,79,cd6235bd80a8b37b,dev
segment-7352e9d6e98c223f4121,segment-7352e9d6e98c223f4121-candidate-1,"
n",27,70,2,2,1,3,in_scope,1,analyse,stufe i,A,1,2,True,annotation-00003826,0,1,0,True,True,True,False,1,True,1,10,False,False,True,True,text_too_short,27,236ee9213bbbbc4e,dev
segment-7352e9d6e98c223f4121,segment-7352e9d6e98c223f4121-candidate-2,"
n",27,70,2,2,1,3,in_scope,1,konsequenzen,stufe i,A,1,2,True,annotation-00003827,0,0,1,True,True,True,False,1,True,1,10,False,False,True,True,text_too_short,27,236ee9213bbbbc4e,dev
segment-75a2921b91df88768175,segment-75a2921b91df88768175-candidate-1,.,31,29,3,2,1,4,in_scope,1,analyse,stufe i,A,1,2,True,annotation-00002177|annotation-00002186,0,1,0,True,True,True,False,1,True,1,10,False,True,True,True,text_punctuation_only;text_too_short,31,ea00aa7e787adb0d,dev
segment-75a2921b91df88768175,segment-75a2921b91df88768175-candidate-2,.,31,29,3,2,1,4,in_scope,1,konsequenzen,stufe i,A,1,2,True,annotation-00002178|annotation-00002187,0,0,1,True,True,True,False,1,True,1,10,False,True,True,True,text_punctuation_only;text_too_short,31,ea00aa7e787adb0d,dev
segment-763781fc881d2c0e59ab,segment-763781fc881d2c0e59ab-candidate-1,.,62,14,1,1,2,2,in_scope,1,konsequenzen,stufe i,A,1,1,False,annotation-00007779,0,0,1,True,True,True,False,1,True,1,10,False,True,True,True,text_punctuation_only;text_too_short,62,7b4ac7e6dba86acb,train
segment-7646d064a60815d70715,segment-7646d064a60815d70715-candidate-1,.,104,76,4,2,2,3,in_scope,1,konsequenzen,stufe i,A,1,1,False,annotation-00011854,0,0,1,True,True,True,False,1,True,1,10,False,True,True,True,text_punctuation_only;text_too_short,104,0a21385e11a6af64,train
segment-782f18a0e4e58e5d72ca,segment-782f18a0e4e58e5d72ca-candidate-1,.,31,29,3,2,1,5,in_scope,1,konsequenzen,stufe i,A,1,1,False,annotation-00002086,0,0,1,True,True,True,False,1,True,1,10,False,True,True,True,text_punctuation_only;text_too_short,31,ea00aa7e787adb0d,dev
segment-78b5bc53742681a6b137,segment-78b5bc53742681a6b137-candidate-1,Sy,208,63,2,2,4,11,out_of_scope,0,,,,,1,False,annotation-00025093,,,,False,False,False,False,0,True,2,10,False,False,True,True,text_too_short,208,e8af31232c32b0f4,train
segment-78e2539c557694af5f2c,segment-78e2539c557694af5f2c-candidate-1,.,52,21,5,1,1,7,in_scope,1,konsequenzen,stufe i,A,1,1,False,annotation-00006751,0,0,1,True,True,True,False,1,True,1,10,False,True,True,True,text_punctuation_only;text_too_short,52,8153a465245aa4f5,dev
segment-7d6970c432920c45b760,segment-7d6970c432920c45b760-candidate-1,Bewertung,8,43,1,2,1,16,out_of_scope,0,,,,,1,False,annotation-00000712,,,,False,False,False,False,0,True,9,10,False,False,True,True,text_too_short,8,ef200883f78ba4bc,train
segment-7df0d2f8e2ac26cd598c,segment-7df0d2f8e2ac26cd598c-candidate-1,.,52,21,5,1,1,8,in_scope,1,konsequenzen,stufe i,A,1,1,False,annotation-00006631,0,0,1,True,True,True,False,1,True,1,10,False,True,True,True,text_punctuation_only;text_too_short,52,8153a465245aa4f5,dev
segment-7ebb891a0baf43a1ebe0,segment-7ebb891a0baf43a1ebe0-candidate-1,.,115,23,5,1,2,2,in_scope,1,konsequenzen,stufe i,A,1,1,False,annotation-00015790,0,0,1,True,True,True,False,1,True,1,10,False,True,True,True,text_punctuation_only;text_too_short,115,3999525a81ce4095,dev
segment-7f710d0fd4bcc64505ff,segment-7f710d0fd4bcc64505ff-candidate-1,.,53,23,5,1,1,2,in_scope,1,konsequenzen,stufe i,A,1,1,False,annotation-00006324,0,0,1,True,True,True,False,1,True,1,10,False,True,True,True,text_punctuation_only;text_too_short,53,3999525a81ce4095,dev
segment-7ff3bbc7604e71a23ede,segment-7ff3bbc7604e71a23ede-candidate-1,.,28,84,2,2,1,2,in_scope,1,analyse,stufe i,A,1,2,True,annotation-00003933,0,1,0,True,True,True,False,1,True,1,10,False,True,True,True,text_punctuation_only;text_too_short,28,eb9cca61b8445c36,train
segment-7ff3bbc7604e71a23ede,segment-7ff3bbc7604e71a23ede-candidate-2,.,28,84,2,2,1,2,in_scope,1,konsequenzen,stufe i,A,1,2,True,annotation-00003934,0,0,1,True,True,True,False,1,True,1,10,False,True,True,True,text_punctuation_only;text_too_short,28,eb9cca61b8445c36,train
segment-80c8ee414fa2fc237544,segment-80c8ee414fa2fc237544-candidate-1,"

.",88,83,2,2,2,1,in_scope,1,konsequenzen,stufe i,A,1,1,False,annotation-00012453,0,0,1,True,True,True,False,1,True,1,10,False,True,True,True,text_punctuation_only;text_too_short,88,3c97c47468550ca0,train
segment-81cb7d65f1eb61f4621c,segment-81cb7d65f1eb61f4621c-candidate-1,.,10,74,1,2,1,3,in_scope,1,analyse,stufe i,A,1,2,True,annotation-00000294,0,1,0,True,True,True,False,1,True,1,10,False,True,True,True,text_punctuation_only;text_too_short,10,5a8e08576ab05284,train
segment-81cb7d65f1eb61f4621c,segment-81cb7d65f1eb61f4621c-candidate-2,.,10,74,1,2,1,3,in_scope,1,konsequenzen,stufe i,A,1,2,True,annotation-00000295,0,0,1,True,True,True,False,1,True,1,10,False,True,True,True,text_punctuation_only;text_too_short,10,5a8e08576ab05284,train
segment-823b20e995c2ab3f07ce,segment-823b20e995c2ab3f07ce-candidate-1,.,49,12,5,1,1,4,in_scope,1,konsequenzen,stufe i,A,1,2,True,annotation-00006523,0,0,1,True,True,True,False,1,True,1,10,False,True,True,True,text_punctuation_only;text_too_short,49,9710e4383684e1c6,test
segment-823b20e995c2ab3f07ce,segment-823b20e995c2ab3f07ce-candidate-2,.,49,12,5,1,1,4,in_scope,1,situationserfassung,stufe i,A,1,2,True,annotation-00006522,1,0,0,True,True,True,False,1,True,1,10,False,True,True,True,text_punctuation_only;text_too_short,49,9710e4383684e1c6,test
segment-82a802f58d31953db2c0,segment-82a802f58d31953db2c0-candidate-1,.,18,47,2,1,1,5,in_scope,1,konsequenzen,stufe i,A,1,1,False,annotation-00005695,0,0,1,True,True,True,False,1,True,1,10,False,True,True,True,text_punctuation_only;text_too_short,18,5e026b3c944c5d13,train
segment-830d0b2a8afc206c1bb9,segment-830d0b2a8afc206c1bb9-candidate-1,.,80,72,2,1,2,2,in_scope,1,konsequenzen,stufe i,A,1,1,False,annotation-00013808,0,0,1,True,True,True,False,1,True,1,10,False,True,True,True,text_punctuation_only;text_too_short,80,8fb7ceb8a7d8f84e,train
segment-832dedc16f5a25217db0,segment-832dedc16f5a25217db0-candidate-1,.,24,28,2,2,1,3,in_scope,1,konsequenzen,stufe i,A,1,1,False,annotation-00004006,0,0,1,True,True,True,False,1,True,1,10,False,True,True,True,text_punctuation_only;text_too_short,24,66113b8d0b6fb170,dev
segment-83ed3f5d01cd900f6469,segment-83ed3f5d01cd900f6469-candidate-1,.,24,28,2,2,1,4,in_scope,1,analyse,stufe i,A,1,1,False,annotation-00004017,0,1,0,True,True,True,False,1,True,1,10,False,True,True,True,text_punctuation_only;text_too_short,24,66113b8d0b6fb170,dev
segment-84bb65af50a4ee2be9e7,segment-84bb65af50a4ee2be9e7-candidate-1,.,79,68,2,1,2,8,in_scope,1,analyse,stufe i,A,1,1,False,annotation-00014169,0,1,0,True,True,True,False,1,True,1,10,False,True,True,True,text_punctuation_only;text_too_short,79,cd6235bd80a8b37b,dev
segment-854a2fb8571cf5155bfe,segment-854a2fb8571cf5155bfe-candidate-1,.,1,1,1,1,1,3,in_scope,1,konsequenzen,stufe i,A,1,1,False,annotation-00002449|annotation-00002459|annotation-00002473,0,0,1,True,True,True,False,1,True,1,10,False,True,True,True,text_punctuation_only;text_too_short,1,eb62da3bac770ad3,train
segment-860ac4eaf0db03775ad6,segment-860ac4eaf0db03775ad6-candidate-1,.,79,68,2,1,2,9,in_scope,1,situationserfassung,stufe i,A,1,1,False,annotation-00014220,1,0,0,True,True,True,False,1,True,1,10,False,True,True,True,text_punctuation_only;text_too_short,79,cd6235bd80a8b37b,dev
segment-8722ac09d53f9621997a,segment-8722ac09d53f9621997a-candidate-1,.,48,8,5,1,1,6,in_scope,1,situationserfassung,stufe i,A,1,1,False,annotation-00006475,1,0,0,True,True,True,False,1,True,1,10,False,True,True,True,text_punctuation_only;text_too_short,48,010765bfd40e73e6,train
segment-87490ea9ab57877ad7a4,segment-87490ea9ab57877ad7a4-candidate-1,.,35,41,3,2,1,3,in_scope,1,konsequenzen,stufe i,A,1,1,False,annotation-00001631,0,0,1,True,True,True,False,1,True,1,10,False,True,True,True,text_punctuation_only;text_too_short,35,4b146d61ab8738ab,train
segment-89981f2838bc9dedc13f,segment-89981f2838bc9dedc13f-candidate-1,.,62,14,1,1,2,3,in_scope,1,analyse,stufe i,A,1,2,True,annotation-00007867,0,1,0,True,True,True,False,1,True,1,10,False,True,True,True,text_punctuation_only;text_too_short,62,7b4ac7e6dba86acb,train
segment-89981f2838bc9dedc13f,segment-89981f2838bc9dedc13f-candidate-2,.,62,14,1,1,2,3,in_scope,1,konsequenzen,stufe i,A,1,2,True,annotation-00007868,0,0,1,True,True,True,False,1,True,1,10,False,True,True,True,text_punctuation_only;text_too_short,62,7b4ac7e6dba86acb,train
segment-8b281af7028704aa5336,segment-8b281af7028704aa5336-candidate-1,.,72,85,1,2,2,1,in_scope,1,konsequenzen,stufe i,A,1,1,False,annotation-00011321,0,0,1,True,True,True,False,1,True,1,10,False,True,True,True,text_punctuation_only;text_too_short,72,b45f508277522f10,train
segment-8b36dc2f34de76f6d2db,segment-8b36dc2f34de76f6d2db-candidate-1,.,2,14,1,1,1,8,in_scope,1,konsequenzen,stufe i,A,1,1,False,annotation-00002412,0,0,1,True,True,True,False,1,True,1,10,False,True,True,True,text_punctuation_only;text_too_short,2,7b4ac7e6dba86acb,train
segment-8b5eaec1f27394632d5f,segment-8b5eaec1f27394632d5f-candidate-1,.,51,19,5,1,1,4,in_scope,1,konsequenzen,stufe i,A,1,1,False,annotation-00006008,0,0,1,True,True,True,False,1,True,1,10,False,True,True,True,text_punctuation_only;text_too_short,51,9e20979881ef037a,test
segment-8ba44f490075b0d6c461,segment-8ba44f490075b0d6c461-candidate-1,.,110,12,5,1,2,2,in_scope,1,konsequenzen,stufe i,A,1,1,False,annotation-00014964,0,0,1,True,True,True,False,1,True,1,10,False,True,True,True,text_punctuation_only;text_too_short,110,9710e4383684e1c6,test
segment-8be4b72def6d889c905f,segment-8be4b72def6d889c905f-candidate-1,.,224,2,4,2,4,4,in_scope,1,analyse,stufe i,A,1,1,False,annotation-00025107,0,1,0,True,True,True,False,1,True,1,10,False,True,True,True,text_punctuation_only;text_too_short,224,3faf840a033c018d,test
segment-8c3944eaedd3e742a1d6,segment-8c3944eaedd3e742a1d6-candidate-1,.,7,33,1,2,1,3,in_scope,1,konsequenzen,stufe i,A,1,1,False,annotation-00000478,0,0,1,True,True,True,False,1,True,1,10,False,True,True,True,text_punctuation_only;text_too_short,7,fd1a055c1ca13050,train
segment-8dd9ebf0e9ca3460110f,segment-8dd9ebf0e9ca3460110f-candidate-1,.,33,34,3,2,1,2,in_scope,1,analyse,stufe i,A,1,2,True,annotation-00001851,0,1,0,True,True,True,False,1,True,1,10,False,True,True,True,text_punctuation_only;text_too_short,33,75226cd03392fb89,train
segment-8dd9ebf0e9ca3460110f,segment-8dd9ebf0e9ca3460110f-candidate-2,.,33,34,3,2,1,2,in_scope,1,konsequenzen,stufe i,A,1,2,True,annotation-00001852,0,0,1,True,True,True,False,1,True,1,10,False,True,True,True,text_punctuation_only;text_too_short,33,75226cd03392fb89,train
segment-8f4c78765e98fefca508,segment-8f4c78765e98fefca508-candidate-1,.,94,41,3,2,2,4,in_scope,1,analyse,stufe i,A,1,1,False,annotation-00009871,0,1,0,True,True,True,False,1,True,1,10,False,True,True,True,text_punctuation_only;text_too_short,94,4b146d61ab8738ab,train
segment-8f521912bf82b894a56a,segment-8f521912bf82b894a56a-candidate-1,.,2,14,1,1,1,9,in_scope,1,konsequenzen,stufe i,A,1,1,False,annotation-00002368,0,0,1,True,True,True,False,1,True,1,10,False,True,True,True,text_punctuation_only;text_too_short,2,7b4ac7e6dba86acb,train
segment-8ff69793de91c27400c5,segment-8ff69793de91c27400c5-candidate-1,.,8,43,1,2,1,4,in_scope,1,analyse,stufe i,A,1,3,True,annotation-00000651,0,1,0,True,True,True,False,1,True,1,10,False,True,True,True,text_punctuation_only;text_too_short,8,ef200883f78ba4bc,train
segment-8ff69793de91c27400c5,segment-8ff69793de91c27400c5-candidate-2,.,8,43,1,2,1,4,in_scope,1,konsequenzen,stufe i,A,1,3,True,annotation-00000641,0,0,1,True,True,True,False,1,True,1,10,False,True,True,True,text_punctuation_only;text_too_short,8,ef200883f78ba4bc,train
segment-8ff69793de91c27400c5,segment-8ff69793de91c27400c5-candidate-3,.,8,43,1,2,1,4,in_scope,1,situationserfassung,stufe i,A,1,3,True,annotation-00000640,1,0,0,True,True,True,False,1,True,1,10,False,True,True,True,text_punctuation_only;text_too_short,8,ef200883f78ba4bc,train
segment-90283f38bfd05cfcd59b,segment-90283f38bfd05cfcd59b-candidate-1,.,35,41,3,2,1,4,in_scope,1,analyse,stufe i,A,1,2,True,annotation-00001620,0,1,0,True,True,True,False,1,True,1,10,False,True,True,True,text_punctuation_only;text_too_short,35,4b146d61ab8738ab,train
segment-90283f38bfd05cfcd59b,segment-90283f38bfd05cfcd59b-candidate-2,.,35,41,3,2,1,4,in_scope,1,konsequenzen,stufe i,A,1,2,True,annotation-00001621,0,0,1,True,True,True,False,1,True,1,10,False,True,True,True,text_punctuation_only;text_too_short,35,4b146d61ab8738ab,train
segment-902ae9ad919577e9018e,segment-902ae9ad919577e9018e-candidate-1,.,5,73,1,1,1,2,in_scope,1,konsequenzen,stufe i,A,1,1,False,annotation-00002820,0,0,1,True,True,True,False,1,True,1,10,False,True,True,True,text_punctuation_only;text_too_short,5,e8ef98814c7f9ac2,train
segment-90f28bce54d38ed3ce4f,segment-90f28bce54d38ed3ce4f-candidate-1,.,115,23,5,1,2,3,in_scope,1,konsequenzen,stufe i,A,1,1,False,annotation-00015729,0,0,1,True,True,True,False,1,True,1,10,False,True,True,True,text_punctuation_only;text_too_short,115,3999525a81ce4095,dev
segment-919641e3976b544c529d,segment-919641e3976b544c529d-candidate-1,.,7,33,1,2,1,4,in_scope,1,konsequenzen,stufe i,A,1,2,True,annotation-00000551,0,0,1,True,True,True,False,1,True,1,10,False,True,True,True,text_punctuation_only;text_too_short,7,fd1a055c1ca13050,train
segment-919641e3976b544c529d,segment-919641e3976b544c529d-candidate-2,.,7,33,1,2,1,4,in_scope,1,situationserfassung,stufe i,A,1,2,True,annotation-00000550,1,0,0,True,True,True,False,1,True,1,10,False,True,True,True,text_punctuation_only;text_too_short,7,fd1a055c1ca13050,train
segment-92a97568c185b52cb331,segment-92a97568c185b52cb331-candidate-1,.,222,67,3,2,4,3,in_scope,1,analyse,stufe i,A,1,1,False,annotation-00022261,0,1,0,True,True,True,False,1,True,1,10,False,True,True,True,text_punctuation_only;text_too_short,222,c7520355fae4ea00,train
segment-92e4ff56bc3166c2de15,segment-92e4ff56bc3166c2de15-candidate-1,.,8,43,1,2,1,5,in_scope,1,analyse,stufe i,A,1,2,True,annotation-00000572|annotation-00000604,0,1,0,True,True,True,False,1,True,1,10,False,True,True,True,text_punctuation_only;text_too_short,8,ef200883f78ba4bc,train
segment-92e4ff56bc3166c2de15,segment-92e4ff56bc3166c2de15-candidate-2,.,8,43,1,2,1,5,in_scope,1,konsequenzen,stufe i,A,1,2,True,annotation-00000565|annotation-00000573|annotation-00000605,0,0,1,True,True,True,False,1,True,1,10,False,True,True,True,text_punctuation_only;text_too_short,8,ef200883f78ba4bc,train
segment-9341d91629fc268ca842,segment-9341d91629fc268ca842-candidate-1,.,58,71,5,2,1,5,in_scope,1,situationserfassung,stufe i,A,1,1,False,annotation-00006888,1,0,0,True,True,True,False,1,True,1,10,False,True,True,True,text_punctuation_only;text_too_short,58,b643fe9b85153033,train
segment-95b9fa1605c90f907f91,segment-95b9fa1605c90f907f91-candidate-1,.,68,33,1,2,2,6,in_scope,1,analyse,stufe i,A,1,3,True,annotation-00011380,0,1,0,True,True,True,False,1,True,1,10,False,True,True,True,text_punctuation_only;text_too_short,68,fd1a055c1ca13050,train
segment-95b9fa1605c90f907f91,segment-95b9fa1605c90f907f91-candidate-2,.,68,33,1,2,2,6,in_scope,1,konsequenzen,stufe i,A,1,3,True,annotation-00011381,0,0,1,True,True,True,False,1,True,1,10,False,True,True,True,text_punctuation_only;text_too_short,68,fd1a055c1ca13050,train
segment-95b9fa1605c90f907f91,segment-95b9fa1605c90f907f91-candidate-3,.,68,33,1,2,2,6,in_scope,1,situationserfassung,stufe i,A,1,3,True,annotation-00011379,1,0,0,True,True,True,False,1,True,1,10,False,True,True,True,text_punctuation_only;text_too_short,68,fd1a055c1ca13050,train
segment-96636b2c0088b1576caa,segment-96636b2c0088b1576caa-candidate-1,.,186,14,1,1,4,2,in_scope,1,konsequenzen,stufe i,A,1,1,False,annotation-00021402,0,0,1,True,True,True,False,1,True,1,10,False,True,True,True,text_punctuation_only;text_too_short,186,7b4ac7e6dba86acb,train
segment-98408b2fe2d1f0ae0e43,segment-98408b2fe2d1f0ae0e43-candidate-1,.,59,75,5,2,1,4,in_scope,1,konsequenzen,stufe i,A,1,1,False,annotation-00007058,0,0,1,True,True,True,False,1,True,1,10,False,True,True,True,text_punctuation_only;text_too_short,59,58712d4328e0d892,train
segment-987f65a9f7d199ad66ad,segment-987f65a9f7d199ad66ad-candidate-1,),27,70,2,2,1,7,in_scope,1,analyse,stufe i,A,1,1,False,annotation-00003656,0,1,0,True,True,True,False,1,True,1,10,False,True,True,True,text_punctuation_only;text_too_short,27,236ee9213bbbbc4e,dev
segment-9894b55228ec744448dd,segment-9894b55228ec744448dd-candidate-1,.,10,74,1,2,1,4,in_scope,1,konsequenzen,stufe i,A,1,1,False,annotation-00000274,0,0,1,True,True,True,False,1,True,1,10,False,True,True,True,text_punctuation_only;text_too_short,10,5a8e08576ab05284,train
segment-99579a2356c81925e45f,segment-99579a2356c81925e45f-candidate-1,.,128,73,1,1,3,2,in_scope,1,konsequenzen,stufe i,A,1,1,False,annotation-00017483,0,0,1,True,True,True,False,1,True,1,10,False,True,True,True,text_punctuation_only;text_too_short,128,e8ef98814c7f9ac2,train
segment-9aa8c569fb0ba69c054c,segment-9aa8c569fb0ba69c054c-candidate-1,n,27,70,2,2,1,4,in_scope,1,analyse,stufe i,A,1,1,False,annotation-00003749,0,1,0,True,True,True,False,1,True,1,10,False,False,True,True,text_too_short,27,236ee9213bbbbc4e,dev
segment-9afe5a928334d5fed6d0,segment-9afe5a928334d5fed6d0-candidate-1,.,120,71,5,2,2,2,in_scope,1,konsequenzen,stufe i,A,1,1,False,annotation-00015911,0,0,1,True,True,True,False,1,True,1,10,False,True,True,True,text_punctuation_only;text_too_short,120,b643fe9b85153033,train
segment-9b27dfee18a6b24c729c,segment-9b27dfee18a6b24c729c-candidate-1,.,152,30,3,2,3,1,in_scope,1,konsequenzen,stufe i,A,1,1,False,annotation-00018119,0,0,1,True,True,True,False,1,True,1,10,False,True,True,True,text_punctuation_only;text_too_short,152,94dd5be7b479f16e,train
segment-9c5e38bbdb05cad077cd,segment-9c5e38bbdb05cad077cd-candidate-1,.,98,60,3,2,2,2,in_scope,1,konsequenzen,stufe i,A,1,1,False,annotation-00009291,0,0,1,True,True,True,False,1,True,1,10,False,True,True,True,text_punctuation_only;text_too_short,98,0967760eba4ca892,train
segment-9e35f34102957e1d1139,segment-9e35f34102957e1d1139-candidate-1,Bewertung,31,29,3,2,1,74,out_of_scope,0,,,,,1,False,annotation-00002179,,,,False,False,False,False,0,True,9,10,False,False,True,True,text_too_short,31,ea00aa7e787adb0d,dev
segment-9fec889a06325c638368,segment-9fec889a06325c638368-candidate-1,.,105,81,4,2,2,2,in_scope,1,situationserfassung,stufe i,A,1,1,False,annotation-00011938,1,0,0,True,True,True,False,1,True,1,10,False,True,True,True,text_punctuation_only;text_too_short,105,24a8e7237c350d59,dev
segment-a0b78b06d68111ef93e2,segment-a0b78b06d68111ef93e2-candidate-1,.,28,84,2,2,1,3,in_scope,1,analyse,stufe i,A,1,2,True,annotation-00003957,0,1,0,True,True,True,False,1,True,1,10,False,True,True,True,text_punctuation_only;text_too_short,28,eb9cca61b8445c36,train
segment-a0b78b06d68111ef93e2,segment-a0b78b06d68111ef93e2-candidate-2,.,28,84,2,2,1,3,in_scope,1,konsequenzen,stufe i,A,1,2,True,annotation-00003958,0,0,1,True,True,True,False,1,True,1,10,False,True,True,True,text_punctuation_only;text_too_short,28,eb9cca61b8445c36,train
segment-a11b46591e580ff25f42,segment-a11b46591e580ff25f42-candidate-1,.,67,15,1,2,2,2,in_scope,1,konsequenzen,stufe i,A,1,1,False,annotation-00010931|annotation-00010938|annotation-00010951,0,0,1,True,True,True,False,1,True,1,10,False,True,True,True,text_punctuation_only;text_too_short,67,01e178cb42e13d88,train
segment-a1c04035a5f7e8533fe1,segment-a1c04035a5f7e8533fe1-candidate-1,.,42,2,4,2,1,6,in_scope,1,konsequenzen,stufe i,A,1,2,True,annotation-00002974,0,0,1,True,True,True,False,1,True,1,10,False,True,True,True,text_punctuation_only;text_too_short,42,3faf840a033c018d,test
segment-a1c04035a5f7e8533fe1,segment-a1c04035a5f7e8533fe1-candidate-2,.,42,2,4,2,1,6,in_scope,1,situationserfassung,stufe i,A,1,2,True,annotation-00002973,1,0,0,True,True,True,False,1,True,1,10,False,True,True,True,text_punctuation_only;text_too_short,42,3faf840a033c018d,test
segment-a2673abd97552fa41c4e,segment-a2673abd97552fa41c4e-candidate-1,),27,70,2,2,1,8,in_scope,1,analyse,stufe i,A,1,1,False,annotation-00003816,0,1,0,True,True,True,False,1,True,1,10,False,True,True,True,text_punctuation_only;text_too_short,27,236ee9213bbbbc4e,dev
segment-a3ef47000f7b813eedf2,segment-a3ef47000f7b813eedf2-candidate-1,.,79,68,2,1,2,10,in_scope,1,analyse,stufe i,A,1,1,False,annotation-00014159,0,1,0,True,True,True,False,1,True,1,10,False,True,True,True,text_punctuation_only;text_too_short,79,cd6235bd80a8b37b,dev
segment-a78e98f876ae0fd7fdab,segment-a78e98f876ae0fd7fdab-candidate-1,.,90,30,3,2,2,2,in_scope,1,konsequenzen,stufe i,A,1,1,False,annotation-00010528,0,0,1,True,True,True,False,1,True,1,10,False,True,True,True,text_punctuation_only;text_too_short,90,94dd5be7b479f16e,train
segment-a8ddcc883dccf327458e,segment-a8ddcc883dccf327458e-candidate-1,.,10,74,1,2,1,5,in_scope,1,konsequenzen,stufe i,A,1,1,False,annotation-00000284,0,0,1,True,True,True,False,1,True,1,10,False,True,True,True,text_punctuation_only;text_too_short,10,5a8e08576ab05284,train
segment-a8f60faa17e9a996c574,segment-a8f60faa17e9a996c574-candidate-1,.,21,79,2,1,1,3,in_scope,1,konsequenzen,stufe i,A,1,1,False,annotation-00005362,0,0,1,True,True,True,False,1,True,1,10,False,True,True,True,text_punctuation_only;text_too_short,21,1a97276861d228b3,train
segment-a94b0a8152e22de77668,segment-a94b0a8152e22de77668-candidate-1,.,7,33,1,2,1,5,in_scope,1,konsequenzen,stufe i,A,1,1,False,annotation-00000494,0,0,1,True,True,True,False,1,True,1,10,False,True,True,True,text_punctuation_only;text_too_short,7,fd1a055c1ca13050,train
segment-aa676f77390eb18e51f9,segment-aa676f77390eb18e51f9-candidate-1,.,205,25,2,2,4,4,in_scope,1,situationserfassung,stufe i,A,1,1,False,annotation-00024325,1,0,0,True,True,True,False,1,True,1,10,False,True,True,True,text_punctuation_only;text_too_short,205,193108d907499078,train
segment-aa90040000b7efc23f1e,segment-aa90040000b7efc23f1e-candidate-1,.,28,84,2,2,1,4,in_scope,1,konsequenzen,stufe i,A,1,1,False,annotation-00003947,0,0,1,True,True,True,False,1,True,1,10,False,True,True,True,text_punctuation_only;text_too_short,28,eb9cca61b8445c36,train
segment-ab593fa533f7bee9610f,segment-ab593fa533f7bee9610f-candidate-1,.,75,37,2,1,2,2,in_scope,1,konsequenzen,stufe i,A,1,1,False,annotation-00014088,0,0,1,True,True,True,False,1,True,1,10,False,True,True,True,text_punctuation_only;text_too_short,75,03fd173f4e9e83b6,train
segment-ac71acaf5d4d6647930b,segment-ac71acaf5d4d6647930b-candidate-1,.,24,28,2,2,1,5,in_scope,1,analyse,stufe i,A,1,1,False,annotation-00004035,0,1,0,True,True,True,False,1,True,1,10,False,True,True,True,text_punctuation_only;text_too_short,24,66113b8d0b6fb170,dev
segment-aca471cbc59596013118,segment-aca471cbc59596013118-candidate-1,.,51,19,5,1,1,5,in_scope,1,konsequenzen,stufe i,A,1,1,False,annotation-00006080,0,0,1,True,True,True,False,1,True,1,10,False,True,True,True,text_punctuation_only;text_too_short,51,9e20979881ef037a,test
segment-ad4a8329fabf272bf4e5,segment-ad4a8329fabf272bf4e5-candidate-1,.,66,73,1,1,2,2,in_scope,1,situationserfassung,stufe i,A,1,1,False,annotation-00008042,1,0,0,True,True,True,False,1,True,1,10,False,True,True,True,text_punctuation_only;text_too_short,66,e8ef98814c7f9ac2,train
segment-ad5114c0288ee7d96962,segment-ad5114c0288ee7d96962-candidate-1,.,8,43,1,2,1,6,in_scope,1,analyse,stufe i,A,1,3,True,annotation-00000625,0,1,0,True,True,True,False,1,True,1,10,False,True,True,True,text_punctuation_only;text_too_short,8,ef200883f78ba4bc,train
segment-ad5114c0288ee7d96962,segment-ad5114c0288ee7d96962-candidate-2,.,8,43,1,2,1,6,in_scope,1,konsequenzen,stufe i,A,1,3,True,annotation-00000613|annotation-00000621|annotation-00000626,0,0,1,True,True,True,False,1,True,1,10,False,True,True,True,text_punctuation_only;text_too_short,8,ef200883f78ba4bc,train
segment-ad5114c0288ee7d96962,segment-ad5114c0288ee7d96962-candidate-3,.,8,43,1,2,1,6,in_scope,1,situationserfassung,stufe i,A,1,3,True,annotation-00000620,1,0,0,True,True,True,False,1,True,1,10,False,True,True,True,text_punctuation_only;text_too_short,8,ef200883f78ba4bc,train
segment-ae77407b2809e6837a61,segment-ae77407b2809e6837a61-candidate-1,.,79,68,2,1,2,11,in_scope,1,analyse,stufe i,A,1,1,False,annotation-00014194,0,1,0,True,True,True,False,1,True,1,10,False,True,True,True,text_punctuation_only;text_too_short,79,cd6235bd80a8b37b,dev
segment-af499d009a2af7ca0421,segment-af499d009a2af7ca0421-candidate-1,.,48,8,5,1,1,7,in_scope,1,konsequenzen,stufe i,A,1,1,False,annotation-00006374,0,0,1,True,True,True,False,1,True,1,10,False,True,True,True,text_punctuation_only;text_too_short,48,010765bfd40e73e6,train
segment-b01f341b040804e48baa,segment-b01f341b040804e48baa-candidate-1,),52,21,5,1,1,1,in_scope,1,konsequenzen,stufe i,A,1,1,False,annotation-00006662,0,0,1,True,True,True,False,1,True,1,10,False,True,True,True,text_punctuation_only;text_too_short,52,8153a465245aa4f5,dev
segment-b02f713a3bfeb2ee6716,segment-b02f713a3bfeb2ee6716-candidate-1,.,175,21,5,1,3,1,in_scope,1,konsequenzen,stufe i,A,1,1,False,annotation-00020825,0,0,1,True,True,True,False,1,True,1,10,False,True,True,True,text_punctuation_only;text_too_short,175,8153a465245aa4f5,dev
segment-b11a82ee12fe2adcfd14,segment-b11a82ee12fe2adcfd14-candidate-1,.,60,80,5,2,1,1,in_scope,1,konsequenzen,stufe i,A,1,1,False,annotation-00007172,0,0,1,True,True,True,False,1,True,1,10,False,True,True,True,text_punctuation_only;text_too_short,60,57f6f67b12c0d2a7,train
segment-b2903ab7c540cd480707,segment-b2903ab7c540cd480707-candidate-1,.,8,43,1,2,1,7,in_scope,1,konsequenzen,stufe i,A,1,2,True,annotation-00000706|annotation-00000711,0,0,1,True,True,True,False,1,True,1,10,False,True,True,True,text_punctuation_only;text_too_short,8,ef200883f78ba4bc,train
segment-b2903ab7c540cd480707,segment-b2903ab7c540cd480707-candidate-2,.,8,43,1,2,1,7,in_scope,1,situationserfassung,stufe i,A,1,2,True,annotation-00000710,1,0,0,True,True,True,False,1,True,1,10,False,True,True,True,text_punctuation_only;text_too_short,8,ef200883f78ba4bc,train
segment-b316326062b78166eba0,segment-b316326062b78166eba0-candidate-1,.,24,28,2,2,1,6,in_scope,1,analyse,stufe i,A,1,3,True,annotation-00003970,0,1,0,True,True,True,False,1,True,1,10,False,True,True,True,text_punctuation_only;text_too_short,24,66113b8d0b6fb170,dev
segment-b316326062b78166eba0,segment-b316326062b78166eba0-candidate-2,.,24,28,2,2,1,6,in_scope,1,konsequenzen,stufe i,A,1,3,True,annotation-00003966|annotation-00003971|annotation-00003976,0,0,1,True,True,True,False,1,True,1,10,False,True,True,True,text_punctuation_only;text_too_short,24,66113b8d0b6fb170,dev
segment-b316326062b78166eba0,segment-b316326062b78166eba0-candidate-3,.,24,28,2,2,1,6,in_scope,1,situationserfassung,stufe i,A,1,3,True,annotation-00003975,1,0,0,True,True,True,False,1,True,1,10,False,True,True,True,text_punctuation_only;text_too_short,24,66113b8d0b6fb170,dev
segment-b6d88a6c69e6ceef8545,segment-b6d88a6c69e6ceef8545-candidate-1,.,205,25,2,2,4,5,in_scope,1,konsequenzen,stufe i,A,1,1,False,annotation-00024309,0,0,1,True,True,True,False,1,True,1,10,False,True,True,True,text_punctuation_only;text_too_short,205,193108d907499078,train
segment-b70059ed7bcf4e9e1333,segment-b70059ed7bcf4e9e1333-candidate-1,.,81,82,2,1,2,2,in_scope,1,konsequenzen,stufe i,A,1,2,True,annotation-00013634|annotation-00013644,0,0,1,True,True,True,False,1,True,1,10,False,True,True,True,text_punctuation_only;text_too_short,81,bea167a65f5e6993,train
segment-b70059ed7bcf4e9e1333,segment-b70059ed7bcf4e9e1333-candidate-2,.,81,82,2,1,2,2,in_scope,1,situationserfassung,stufe i,A,1,2,True,annotation-00013633,1,0,0,True,True,True,False,1,True,1,10,False,True,True,True,text_punctuation_only;text_too_short,81,bea167a65f5e6993,train
segment-b730ca98186081f6e67c,segment-b730ca98186081f6e67c-candidate-1,.,52,21,5,1,1,9,in_scope,1,konsequenzen,stufe i,A,1,2,True,annotation-00006648,0,0,1,True,True,True,False,1,True,1,10,False,True,True,True,text_punctuation_only;text_too_short,52,8153a465245aa4f5,dev
segment-b730ca98186081f6e67c,segment-b730ca98186081f6e67c-candidate-2,.,52,21,5,1,1,9,in_scope,1,situationserfassung,stufe i,A,1,2,True,annotation-00006647,1,0,0,True,True,True,False,1,True,1,10,False,True,True,True,text_punctuation_only;text_too_short,52,8153a465245aa4f5,dev
segment-b7e82065e3c6a27522b9,segment-b7e82065e3c6a27522b9-candidate-1,aus. D,74,22,2,1,2,113,in_scope,1,analyse,stufe i,A,1,1,False,annotation-00014573,0,1,0,True,True,True,False,1,True,6,10,False,False,True,True,text_too_short,74,30cea7f609d6b74d,train
segment-b8560bb9798181d20bc3,segment-b8560bb9798181d20bc3-candidate-1,.,236,49,5,2,4,2,in_scope,1,konsequenzen,stufe i,A,1,1,False,annotation-00028411|annotation-00028431,0,0,1,True,True,True,False,1,True,1,10,False,True,True,True,text_punctuation_only;text_too_short,236,975f36915091c70d,train
segment-b89599eaf12ba4f66a55,segment-b89599eaf12ba4f66a55-candidate-1,.,8,43,1,2,1,8,in_scope,1,konsequenzen,stufe i,A,1,1,False,annotation-00000673|annotation-00000686,0,0,1,True,True,True,False,1,True,1,10,False,True,True,True,text_punctuation_only;text_too_short,8,ef200883f78ba4bc,train
segment-b8b7abd9bfa22b21ea08,segment-b8b7abd9bfa22b21ea08-candidate-1,.,208,63,2,2,4,3,in_scope,1,konsequenzen,stufe i,A,1,1,False,annotation-00024976,0,0,1,True,True,True,False,1,True,1,10,False,True,True,True,text_punctuation_only;text_too_short,208,e8af31232c32b0f4,train
segment-b90ab617569c0419c1fd,segment-b90ab617569c0419c1fd-candidate-1,.,34,38,3,2,1,4,in_scope,1,konsequenzen,stufe i,A,1,1,False,annotation-00001736,0,0,1,True,True,True,False,1,True,1,10,False,True,True,True,text_punctuation_only;text_too_short,34,35c1f080cdf0ebcb,train
segment-ba316e016baa28942377,segment-ba316e016baa28942377-candidate-1,.,49,12,5,1,1,5,in_scope,1,konsequenzen,stufe i,A,1,1,False,annotation-00006542,0,0,1,True,True,True,False,1,True,1,10,False,True,True,True,text_punctuation_only;text_too_short,49,9710e4383684e1c6,test
segment-ba7259fcc65fc16729ac,segment-ba7259fcc65fc16729ac-candidate-1,.,25,46,2,2,1,3,in_scope,1,konsequenzen,stufe i,A,1,1,False,annotation-00004155,0,0,1,True,True,True,False,1,True,1,10,False,True,True,True,text_punctuation_only;text_too_short,25,8490512266eabf51,train
segment-bb55c36172ff3995c4ac,segment-bb55c36172ff3995c4ac-candidate-1,.,208,63,2,2,4,4,in_scope,1,konsequenzen,stufe i,A,1,1,False,annotation-00025071,0,0,1,True,True,True,False,1,True,1,10,False,True,True,True,text_punctuation_only;text_too_short,208,e8af31232c32b0f4,train
segment-bbff5ed206a93bca0e71,segment-bbff5ed206a93bca0e71-candidate-1,.,4,51,1,1,1,2,in_scope,1,konsequenzen,stufe i,A,1,1,False,annotation-00002616,0,0,1,True,True,True,False,1,True,1,10,False,True,True,True,text_punctuation_only;text_too_short,4,0e3a4017f81e8c8c,dev
segment-bcbdb7a4082ff15c07ba,segment-bcbdb7a4082ff15c07ba-candidate-1,.,52,21,5,1,1,10,in_scope,1,konsequenzen,stufe i,A,1,1,False,annotation-00006716,0,0,1,True,True,True,False,1,True,1,10,False,True,True,True,text_punctuation_only;text_too_short,52,8153a465245aa4f5,dev
segment-bd9a2517e8149ddebc48,segment-bd9a2517e8149ddebc48-candidate-1,.,44,76,4,2,1,6,in_scope,1,konsequenzen,stufe i,A,1,2,True,annotation-00003146,0,0,1,True,True,True,False,1,True,1,10,False,True,True,True,text_punctuation_only;text_too_short,44,0a21385e11a6af64,train
segment-bd9a2517e8149ddebc48,segment-bd9a2517e8149ddebc48-candidate-2,.,44,76,4,2,1,6,in_scope,1,situationserfassung,stufe i,A,1,2,True,annotation-00003150,1,0,0,True,True,True,False,1,True,1,10,False,True,True,True,text_punctuation_only;text_too_short,44,0a21385e11a6af64,train
segment-be4167faed5743528369,segment-be4167faed5743528369-candidate-1,.,42,2,4,2,1,7,in_scope,1,konsequenzen,stufe i,A,1,1,False,annotation-00002912,0,0,1,True,True,True,False,1,True,1,10,False,True,True,True,text_punctuation_only;text_too_short,42,3faf840a033c018d,test
segment-bfa5d77531750332376b,segment-bfa5d77531750332376b-candidate-1,.,212,30,3,2,4,2,in_scope,1,konsequenzen,stufe i,A,1,1,False,annotation-00023582,0,0,1,True,True,True,False,1,True,1,10,False,True,True,True,text_punctuation_only;text_too_short,212,94dd5be7b479f16e,train
segment-c1aed0b72b1139be5417,segment-c1aed0b72b1139be5417-candidate-1,.,235,23,5,1,4,2,in_scope,1,situationserfassung,stufe i,A,1,1,False,annotation-00027381,1,0,0,True,True,True,False,1,True,1,10,False,True,True,True,text_punctuation_only;text_too_short,235,3999525a81ce4095,dev
segment-c5510456b84fab9d6c7a,segment-c5510456b84fab9d6c7a-candidate-1,.,68,33,1,2,2,7,in_scope,1,analyse,stufe i,A,1,3,True,annotation-00011400,0,1,0,True,True,True,False,1,True,1,10,False,True,True,True,text_punctuation_only;text_too_short,68,fd1a055c1ca13050,train
segment-c5510456b84fab9d6c7a,segment-c5510456b84fab9d6c7a-candidate-2,.,68,33,1,2,2,7,in_scope,1,konsequenzen,stufe i,A,1,3,True,annotation-00011401,0,0,1,True,True,True,False,1,True,1,10,False,True,True,True,text_punctuation_only;text_too_short,68,fd1a055c1ca13050,train
segment-c5510456b84fab9d6c7a,segment-c5510456b84fab9d6c7a-candidate-3,.,68,33,1,2,2,7,in_scope,1,situationserfassung,stufe i,A,1,3,True,annotation-00011399,1,0,0,True,True,True,False,1,True,1,10,False,True,True,True,text_punctuation_only;text_too_short,68,fd1a055c1ca13050,train
segment-c670de47a31d7381929f,segment-c670de47a31d7381929f-candidate-1,.,25,46,2,2,1,4,in_scope,1,analyse,stufe i,A,1,2,True,annotation-00004111|annotation-00004119,0,1,0,True,True,True,False,1,True,1,10,False,True,True,True,text_punctuation_only;text_too_short,25,8490512266eabf51,train
segment-c670de47a31d7381929f,segment-c670de47a31d7381929f-candidate-2,.,25,46,2,2,1,4,in_scope,1,konsequenzen,stufe i,A,1,2,True,annotation-00004112,0,0,1,True,True,True,False,1,True,1,10,False,True,True,True,text_punctuation_only;text_too_short,25,8490512266eabf51,train
segment-c840ea79e9324a3b36ad,segment-c840ea79e9324a3b36ad-candidate-1,.,172,12,5,1,3,2,in_scope,1,konsequenzen,stufe i,A,1,1,False,annotation-00020800,0,0,1,True,True,True,False,1,True,1,10,False,True,True,True,text_punctuation_only;text_too_short,172,9710e4383684e1c6,test
segment-c873a3fa4555bdebaea8,segment-c873a3fa4555bdebaea8-candidate-1,.,76,45,2,1,2,2,in_scope,1,analyse,stufe i,A,1,1,False,annotation-00013970,0,1,0,True,True,True,False,1,True,1,10,False,True,True,True,text_punctuation_only;text_too_short,76,724626082a45fe8a,train
segment-c9055ff1d620ede2fffb,segment-c9055ff1d620ede2fffb-candidate-1,.,87,70,2,2,2,1,in_scope,1,konsequenzen,stufe i,A,1,1,False,annotation-00012685,0,0,1,True,True,True,False,1,True,1,10,False,True,True,True,text_punctuation_only;text_too_short,87,236ee9213bbbbc4e,dev
segment-c93bef7b0098b07e21f5,segment-c93bef7b0098b07e21f5-candidate-1,.,79,68,2,1,2,12,in_scope,1,analyse,stufe i,A,1,1,False,annotation-00014199,0,1,0,True,True,True,False,1,True,1,10,False,True,True,True,text_punctuation_only;text_too_short,79,cd6235bd80a8b37b,dev
segment-cab0119126e7f8b7825b,segment-cab0119126e7f8b7825b-candidate-1,.,132,74,1,2,3,2,in_scope,1,konsequenzen,stufe i,A,1,1,False,annotation-00018324,0,0,1,True,True,True,False,1,True,1,10,False,True,True,True,text_punctuation_only;text_too_short,132,5a8e08576ab05284,train
segment-cbc85b634270182097a2,segment-cbc85b634270182097a2-candidate-1,.,49,12,5,1,1,6,in_scope,1,konsequenzen,stufe i,A,1,1,False,annotation-00006512,0,0,1,True,True,True,False,1,True,1,10,False,True,True,True,text_punctuation_only;text_too_short,49,9710e4383684e1c6,test
segment-cc2c4e3f532a245589c6,segment-cc2c4e3f532a245589c6-candidate-1,.,79,68,2,1,2,13,in_scope,1,analyse,stufe i,A,1,1,False,annotation-00014179,0,1,0,True,True,True,False,1,True,1,10,False,True,True,True,text_punctuation_only;text_too_short,79,cd6235bd80a8b37b,dev
segment-cc7fb7c12fc0fbf18a67,segment-cc7fb7c12fc0fbf18a67-candidate-1,.,146,28,2,2,3,2,in_scope,1,situationserfassung,stufe i,A,1,1,False,annotation-00019088,1,0,0,True,True,True,False,1,True,1,10,False,True,True,True,text_punctuation_only;text_too_short,146,66113b8d0b6fb170,dev
segment-cd06e8dc43e5a6cbffc6,segment-cd06e8dc43e5a6cbffc6-candidate-1,.,7,33,1,2,1,6,in_scope,1,situationserfassung,stufe i,A,1,1,False,annotation-00000531,1,0,0,True,True,True,False,1,True,1,10,False,True,True,True,text_punctuation_only;text_too_short,7,fd1a055c1ca13050,train
segment-cd29576c69255d4003e7,segment-cd29576c69255d4003e7-candidate-1,.,110,12,5,1,2,3,in_scope,1,analyse,stufe i,A,1,1,False,annotation-00015031,0,1,0,True,True,True,False,1,True,1,10,False,True,True,True,text_punctuation_only;text_too_short,110,9710e4383684e1c6,test
segment-cd2a178ed34e93d2af13,segment-cd2a178ed34e93d2af13-candidate-1,.,79,68,2,1,2,14,in_scope,1,konsequenzen,stufe i,A,1,2,True,annotation-00014210,0,0,1,True,True,True,False,1,True,1,10,False,True,True,True,text_punctuation_only;text_too_short,79,cd6235bd80a8b37b,dev
segment-cd2a178ed34e93d2af13,segment-cd2a178ed34e93d2af13-candidate-2,.,79,68,2,1,2,14,in_scope,1,situationserfassung,stufe i,A,1,2,True,annotation-00014209,1,0,0,True,True,True,False,1,True,1,10,False,True,True,True,text_punctuation_only;text_too_short,79,cd6235bd80a8b37b,dev
segment-cd5181becf8124dc04c4,segment-cd5181becf8124dc04c4-candidate-1,.,231,12,5,1,4,2,in_scope,1,situationserfassung,stufe i,A,1,1,False,annotation-00027805,1,0,0,True,True,True,False,1,True,1,10,False,True,True,True,text_punctuation_only;text_too_short,231,9710e4383684e1c6,test
segment-ce51ea6627673b5837e7,segment-ce51ea6627673b5837e7-candidate-1,.,216,42,3,2,4,4,in_scope,1,konsequenzen,stufe i,A,1,1,False,annotation-00022931,0,0,1,True,True,True,False,1,True,1,10,False,True,True,True,text_punctuation_only;text_too_short,216,c467da3c028da7ca,train
segment-cf1bff835821c975a05e,segment-cf1bff835821c975a05e-candidate-1,t. A,74,22,2,1,2,40,in_scope,1,konsequenzen,stufe i,A,1,1,False,annotation-00014647,0,0,1,True,True,True,False,1,True,4,10,False,False,True,True,text_too_short,74,30cea7f609d6b74d,train
segment-d00dd2b6d3a10ed120e0,segment-d00dd2b6d3a10ed120e0-candidate-1,.,90,30,3,2,2,3,in_scope,1,analyse,stufe i,A,1,1,False,annotation-00010569|annotation-00010622|annotation-00010632,0,1,0,True,True,True,False,1,True,1,10,False,True,True,True,text_punctuation_only;text_too_short,90,94dd5be7b479f16e,train
segment-d1514ae3a3c090abe38a,segment-d1514ae3a3c090abe38a-candidate-1,.,122,80,5,2,2,2,in_scope,1,konsequenzen,stufe i,A,1,1,False,annotation-00016231,0,0,1,True,True,True,False,1,True,1,10,False,True,True,True,text_punctuation_only;text_too_short,122,57f6f67b12c0d2a7,train
segment-d1522877f1af8553c16e,segment-d1522877f1af8553c16e-candidate-1,.,26,63,2,2,1,7,in_scope,1,konsequenzen,stufe i,A,1,2,True,annotation-00004322,0,0,1,True,True,True,False,1,True,1,10,False,True,True,True,text_punctuation_only;text_too_short,26,e8af31232c32b0f4,train
segment-d1522877f1af8553c16e,segment-d1522877f1af8553c16e-candidate-2,.,26,63,2,2,1,7,in_scope,1,situationserfassung,stufe i,A,1,2,True,annotation-00004321,1,0,0,True,True,True,False,1,True,1,10,False,True,True,True,text_punctuation_only;text_too_short,26,e8af31232c32b0f4,train
segment-d1d20446b6c5aef40688,segment-d1d20446b6c5aef40688-candidate-1,.,172,12,5,1,3,3,in_scope,1,analyse,stufe i,A,1,2,True,annotation-00020780,0,1,0,True,True,True,False,1,True,1,10,False,True,True,True,text_punctuation_only;text_too_short,172,9710e4383684e1c6,test
segment-d1d20446b6c5aef40688,segment-d1d20446b6c5aef40688-candidate-2,.,172,12,5,1,3,3,in_scope,1,konsequenzen,stufe i,A,1,2,True,annotation-00020781,0,0,1,True,True,True,False,1,True,1,10,False,True,True,True,text_punctuation_only;text_too_short,172,9710e4383684e1c6,test
segment-d59f1389ef53ed4cf6a7,segment-d59f1389ef53ed4cf6a7-candidate-1,.,43,10,4,2,1,2,in_scope,1,analyse,stufe i,A,1,1,False,annotation-00003050,0,1,0,True,True,True,False,1,True,1,10,False,True,True,True,text_punctuation_only;text_too_short,43,c98254afde32e9a1,train
segment-d833125439c571201def,segment-d833125439c571201def-candidate-1,.,219,58,3,2,4,4,in_scope,1,analyse,stufe i,A,1,2,True,annotation-00022734,0,1,0,True,True,True,False,1,True,1,10,False,True,True,True,text_punctuation_only;text_too_short,219,9bec615eeefeaf1d,train
segment-d833125439c571201def,segment-d833125439c571201def-candidate-2,.,219,58,3,2,4,4,in_scope,1,konsequenzen,stufe i,A,1,2,True,annotation-00022735,0,0,1,True,True,True,False,1,True,1,10,False,True,True,True,text_punctuation_only;text_too_short,219,9bec615eeefeaf1d,train
segment-d8a794f057beef2d2719,segment-d8a794f057beef2d2719-candidate-1,.,23,25,2,2,1,4,in_scope,1,konsequenzen,stufe i,A,1,2,True,annotation-00003579,0,0,1,True,True,True,False,1,True,1,10,False,True,True,True,text_punctuation_only;text_too_short,23,193108d907499078,train
segment-d8a794f057beef2d2719,segment-d8a794f057beef2d2719-candidate-2,.,23,25,2,2,1,4,in_scope,1,situationserfassung,stufe i,A,1,2,True,annotation-00003578,1,0,0,True,True,True,False,1,True,1,10,False,True,True,True,text_punctuation_only;text_too_short,23,193108d907499078,train
segment-dbe383a3eb7ef67a4d24,segment-dbe383a3eb7ef67a4d24-candidate-1,.,55,53,5,2,1,3,in_scope,1,konsequenzen,stufe i,A,1,1,False,annotation-00007194,0,0,1,True,True,True,False,1,True,1,10,False,True,True,True,text_punctuation_only;text_too_short,55,b982c8bc67a604be,dev
segment-de4510ac0e4fe66a80c7,segment-de4510ac0e4fe66a80c7-candidate-1,.,168,87,4,2,3,2,in_scope,1,konsequenzen,stufe i,A,1,1,False,annotation-00018742,0,0,1,True,True,True,False,1,True,1,10,False,True,True,True,text_punctuation_only;text_too_short,168,e31e4db57b55ded9,train
segment-deab0a42951abcab4ff9,segment-deab0a42951abcab4ff9-candidate-1,.,41,77,3,2,1,3,in_scope,1,analyse,stufe i,A,1,1,False,annotation-00000975,0,1,0,True,True,True,False,1,True,1,10,False,True,True,True,text_punctuation_only;text_too_short,41,dbe95c1fd37b3166,train
segment-e12d298b8f37e022e96d,segment-e12d298b8f37e022e96d-candidate-1,.,106,87,4,2,2,2,in_scope,1,situationserfassung,stufe i,A,1,1,False,annotation-00012226,1,0,0,True,True,True,False,1,True,1,10,False,True,True,True,text_punctuation_only;text_too_short,106,e31e4db57b55ded9,train
segment-e174a299fbb0d3fdcd92,segment-e174a299fbb0d3fdcd92-candidate-1,.,63,36,1,1,2,3,in_scope,1,analyse,stufe i,A,1,2,True,annotation-00008359,0,1,0,True,True,True,False,1,True,1,10,False,True,True,True,text_punctuation_only;text_too_short,63,e4c374f7bc2ac4d3,train
segment-e174a299fbb0d3fdcd92,segment-e174a299fbb0d3fdcd92-candidate-2,.,63,36,1,1,2,3,in_scope,1,konsequenzen,stufe i,A,1,2,True,annotation-00008360,0,0,1,True,True,True,False,1,True,1,10,False,True,True,True,text_punctuation_only;text_too_short,63,e4c374f7bc2ac4d3,train
segment-e1ed34980128e6e70ff0,segment-e1ed34980128e6e70ff0-candidate-1,.,23,25,2,2,1,5,in_scope,1,konsequenzen,stufe i,A,1,1,False,annotation-00003538|annotation-00003542,0,0,1,True,True,True,False,1,True,1,10,False,True,True,True,text_punctuation_only;text_too_short,23,193108d907499078,train
segment-e5f4f2700ab98ab1f9b6,segment-e5f4f2700ab98ab1f9b6-candidate-1,.,156,42,3,2,3,3,in_scope,1,analyse,stufe i,A,1,1,False,annotation-00017845,0,1,0,True,True,True,False,1,True,1,10,False,True,True,True,text_punctuation_only;text_too_short,156,c467da3c028da7ca,train
segment-e6e66b80a85a9f537757,segment-e6e66b80a85a9f537757-candidate-1,.,77,47,2,1,2,3,in_scope,1,analyse,stufe i,A,1,1,False,annotation-00013459,0,1,0,True,True,True,False,1,True,1,10,False,True,True,True,text_punctuation_only;text_too_short,77,5e026b3c944c5d13,train
segment-e6e8d1ee485ca9903c18,segment-e6e8d1ee485ca9903c18-candidate-1,.,59,75,5,2,1,5,in_scope,1,konsequenzen,stufe i,A,1,1,False,annotation-00006976,0,0,1,True,True,True,False,1,True,1,10,False,True,True,True,text_punctuation_only;text_too_short,59,58712d4328e0d892,train
segment-e7e0a5028d1cdf2e4e17,segment-e7e0a5028d1cdf2e4e17-candidate-1,.,48,8,5,1,1,8,in_scope,1,analyse,stufe i,A,1,2,True,annotation-00006428,0,1,0,True,True,True,False,1,True,1,10,False,True,True,True,text_punctuation_only;text_too_short,48,010765bfd40e73e6,train
segment-e7e0a5028d1cdf2e4e17,segment-e7e0a5028d1cdf2e4e17-candidate-2,.,48,8,5,1,1,8,in_scope,1,konsequenzen,stufe i,A,1,2,True,annotation-00006429,0,0,1,True,True,True,False,1,True,1,10,False,True,True,True,text_punctuation_only;text_too_short,48,010765bfd40e73e6,train
segment-e830f53e1f90b6a5cf43,segment-e830f53e1f90b6a5cf43-candidate-1,.,36,54,3,2,1,3,in_scope,1,konsequenzen,stufe i,A,1,1,False,annotation-00001383,0,0,1,True,True,True,False,1,True,1,10,False,True,True,True,text_punctuation_only;text_too_short,36,ed2e1db7eb20f852,test
segment-e8867598cd4f93e07b53,segment-e8867598cd4f93e07b53-candidate-1,.,238,64,5,2,4,3,in_scope,1,situationserfassung,stufe i,A,1,1,False,annotation-00028687,1,0,0,True,True,True,False,1,True,1,10,False,True,True,True,text_punctuation_only;text_too_short,238,deeae01663df14b2,train
segment-e8a3268c154333e07640,segment-e8a3268c154333e07640-candidate-1,.,127,51,1,1,3,2,in_scope,1,konsequenzen,stufe i,A,1,1,False,annotation-00017417,0,0,1,True,True,True,False,1,True,1,10,False,True,True,True,text_punctuation_only;text_too_short,127,0e3a4017f81e8c8c,dev
segment-e9dc5b1228f9b4573812,segment-e9dc5b1228f9b4573812-candidate-1,.,119,69,5,2,2,1,in_scope,1,situationserfassung,stufe i,A,1,1,False,annotation-00017072,1,0,0,True,True,True,False,1,True,1,10,False,True,True,True,text_punctuation_only;text_too_short,119,85e27cd5bfecfde9,train
segment-eafeff0a53ab8026e8fc,segment-eafeff0a53ab8026e8fc-candidate-1,.,79,68,2,1,2,15,in_scope,1,analyse,stufe i,A,1,1,False,annotation-00014189,0,1,0,True,True,True,False,1,True,1,10,False,True,True,True,text_punctuation_only;text_too_short,79,cd6235bd80a8b37b,dev
segment-eb0b892fb6f7d17f3972,segment-eb0b892fb6f7d17f3972-candidate-1,.,48,8,5,1,1,9,in_scope,1,konsequenzen,stufe i,A,1,1,False,annotation-00006455,0,0,1,True,True,True,False,1,True,1,10,False,True,True,True,text_punctuation_only;text_too_short,48,010765bfd40e73e6,train
segment-eb34d5504f7175056189,segment-eb34d5504f7175056189-candidate-1,.,45,81,4,2,1,2,in_scope,1,konsequenzen,stufe i,A,1,1,False,annotation-00003274,0,0,1,True,True,True,False,1,True,1,10,False,True,True,True,text_punctuation_only;text_too_short,45,24a8e7237c350d59,dev
segment-eefd4b540fd16dc13dff,segment-eefd4b540fd16dc13dff-candidate-1,.,79,68,2,1,2,16,in_scope,1,analyse,stufe i,A,1,1,False,annotation-00014215,0,1,0,True,True,True,False,1,True,1,10,False,True,True,True,text_punctuation_only;text_too_short,79,cd6235bd80a8b37b,dev
segment-efbbda2d2d6f1dfb8b62,segment-efbbda2d2d6f1dfb8b62-candidate-1,Einstieg,48,8,5,1,1,1,out_of_scope,0,,,,,1,False,annotation-00006361,,,,False,False,False,False,0,True,8,10,False,False,True,True,text_too_short,48,010765bfd40e73e6,train
segment-efbe5c4b02fda648f61d,segment-efbe5c4b02fda648f61d-candidate-1,.,75,37,2,1,2,3,in_scope,1,konsequenzen,stufe i,A,1,1,False,annotation-00014153,0,0,1,True,True,True,False,1,True,1,10,False,True,True,True,text_punctuation_only;text_too_short,75,03fd173f4e9e83b6,train
segment-f2572806e153305bee43,segment-f2572806e153305bee43-candidate-1,.,218,55,3,2,4,2,in_scope,1,analyse,stufe i,A,1,2,True,annotation-00022775,0,1,0,True,True,True,False,1,True,1,10,False,True,True,True,text_punctuation_only;text_too_short,218,45eb80c6912d4c20,test
segment-f2572806e153305bee43,segment-f2572806e153305bee43-candidate-2,.,218,55,3,2,4,2,in_scope,1,konsequenzen,stufe i,A,1,2,True,annotation-00022776,0,0,1,True,True,True,False,1,True,1,10,False,True,True,True,text_punctuation_only;text_too_short,218,45eb80c6912d4c20,test
segment-f27d994cf7974ce3d38b,segment-f27d994cf7974ce3d38b-candidate-1,.,81,82,2,1,2,3,in_scope,1,konsequenzen,stufe i,A,1,2,True,annotation-00013666|annotation-00013672,0,0,1,True,True,True,False,1,True,1,10,False,True,True,True,text_punctuation_only;text_too_short,81,bea167a65f5e6993,train
segment-f27d994cf7974ce3d38b,segment-f27d994cf7974ce3d38b-candidate-2,.,81,82,2,1,2,3,in_scope,1,situationserfassung,stufe i,A,1,2,True,annotation-00013671,1,0,0,True,True,True,False,1,True,1,10,False,True,True,True,text_punctuation_only;text_too_short,81,bea167a65f5e6993,train
segment-f28ad8dc23f856f5ddf4,segment-f28ad8dc23f856f5ddf4-candidate-1,.,42,2,4,2,1,8,in_scope,1,analyse,stufe i,A,1,2,True,annotation-00002966,0,1,0,True,True,True,False,1,True,1,10,False,True,True,True,text_punctuation_only;text_too_short,42,3faf840a033c018d,test
segment-f28ad8dc23f856f5ddf4,segment-f28ad8dc23f856f5ddf4-candidate-2,.,42,2,4,2,1,8,in_scope,1,konsequenzen,stufe i,A,1,2,True,annotation-00002967,0,0,1,True,True,True,False,1,True,1,10,False,True,True,True,text_punctuation_only;text_too_short,42,3faf840a033c018d,test
segment-f336d3f51bb8904ccc70,segment-f336d3f51bb8904ccc70-candidate-1,.,33,34,3,2,1,3,in_scope,1,konsequenzen,stufe i,A,1,1,False,annotation-00001905|annotation-00001921,0,0,1,True,True,True,False,1,True,1,10,False,True,True,True,text_punctuation_only;text_too_short,33,75226cd03392fb89,train
segment-f47ff4635f96e1b8f83c,segment-f47ff4635f96e1b8f83c-candidate-1,.,25,46,2,2,1,5,in_scope,1,konsequenzen,stufe i,A,1,1,False,annotation-00004186,0,0,1,True,True,True,False,1,True,1,10,False,True,True,True,text_punctuation_only;text_too_short,25,8490512266eabf51,train
segment-f56016f1fb6aa8366b38,segment-f56016f1fb6aa8366b38-candidate-1,.,190,33,1,2,4,2,in_scope,1,analyse,stufe i,A,1,1,False,annotation-00024117,0,1,0,True,True,True,False,1,True,1,10,False,True,True,True,text_punctuation_only;text_too_short,190,fd1a055c1ca13050,train
segment-f596cf03ebc7a6c8c76c,segment-f596cf03ebc7a6c8c76c-candidate-1,.,115,23,5,1,2,4,in_scope,1,konsequenzen,stufe i,A,1,1,False,annotation-00015674,0,0,1,True,True,True,False,1,True,1,10,False,True,True,True,text_punctuation_only;text_too_short,115,3999525a81ce4095,dev
segment-f5d8756eaa8df5bf8937,segment-f5d8756eaa8df5bf8937-candidate-1,.,79,68,2,1,2,17,in_scope,1,analyse,stufe i,A,1,2,True,annotation-00014183,0,1,0,True,True,True,False,1,True,1,10,False,True,True,True,text_punctuation_only;text_too_short,79,cd6235bd80a8b37b,dev
segment-f5d8756eaa8df5bf8937,segment-f5d8756eaa8df5bf8937-candidate-2,.,79,68,2,1,2,17,in_scope,1,konsequenzen,stufe i,A,1,2,True,annotation-00014184,0,0,1,True,True,True,False,1,True,1,10,False,True,True,True,text_punctuation_only;text_too_short,79,cd6235bd80a8b37b,dev
segment-f5e7b2ca9ceca42c29e1,segment-f5e7b2ca9ceca42c29e1-candidate-1,.,45,81,4,2,1,3,in_scope,1,konsequenzen,stufe i,A,1,2,True,annotation-00003240,0,0,1,True,True,True,False,1,True,1,10,False,True,True,True,text_punctuation_only;text_too_short,45,24a8e7237c350d59,dev
segment-f5e7b2ca9ceca42c29e1,segment-f5e7b2ca9ceca42c29e1-candidate-2,.,45,81,4,2,1,3,in_scope,1,situationserfassung,stufe i,A,1,2,True,annotation-00003206,1,0,0,True,True,True,False,1,True,1,10,False,True,True,True,text_punctuation_only;text_too_short,45,24a8e7237c350d59,dev
segment-f66849daeab1a3e83ce7,segment-f66849daeab1a3e83ce7-candidate-1,.,177,49,5,2,3,2,in_scope,1,analyse,stufe i,A,1,1,False,annotation-00021082,0,1,0,True,True,True,False,1,True,1,10,False,True,True,True,text_punctuation_only;text_too_short,177,975f36915091c70d,train
segment-f67f86a135e5b2f4191e,segment-f67f86a135e5b2f4191e-candidate-1,.,48,8,5,1,1,10,in_scope,1,konsequenzen,stufe i,A,1,2,True,annotation-00006437,0,0,1,True,True,True,False,1,True,1,10,False,True,True,True,text_punctuation_only;text_too_short,48,010765bfd40e73e6,train
segment-f67f86a135e5b2f4191e,segment-f67f86a135e5b2f4191e-candidate-2,.,48,8,5,1,1,10,in_scope,1,situationserfassung,stufe i,A,1,2,True,annotation-00006436,1,0,0,True,True,True,False,1,True,1,10,False,True,True,True,text_punctuation_only;text_too_short,48,010765bfd40e73e6,train
segment-f726e2c418e52e0de611,segment-f726e2c418e52e0de611-candidate-1,.,99,62,3,2,2,2,in_scope,1,analyse,stufe i,A,1,1,False,annotation-00009115,0,1,0,True,True,True,False,1,True,1,10,False,True,True,True,text_punctuation_only;text_too_short,99,0c339268a1dba802,test
segment-f98ef2991f773db9daa3,segment-f98ef2991f773db9daa3-candidate-1,.,60,80,5,2,1,2,in_scope,1,situationserfassung,stufe i,A,1,1,False,annotation-00007119,1,0,0,True,True,True,False,1,True,1,10,False,True,True,True,text_punctuation_only;text_too_short,60,57f6f67b12c0d2a7,train
segment-fa065454da9e9423799b,segment-fa065454da9e9423799b-candidate-1,.,15,7,2,1,1,2,in_scope,1,konsequenzen,stufe i,A,1,1,False,annotation-00004862,0,0,1,True,True,True,False,1,True,1,10,False,True,True,True,text_punctuation_only;text_too_short,15,6fd026ce8e8388c4,train
segment-fb0e77764517fa4aab31,segment-fb0e77764517fa4aab31-candidate-1,.,59,75,5,2,1,6,in_scope,1,konsequenzen,stufe i,A,1,1,False,annotation-00007097,0,0,1,True,True,True,False,1,True,1,10,False,True,True,True,text_punctuation_only;text_too_short,59,58712d4328e0d892,train
segment-fb9e03c0f209d701816b,segment-fb9e03c0f209d701816b-candidate-1,),88,83,2,2,2,2,in_scope,1,konsequenzen,stufe i,A,1,1,False,annotation-00012500,0,0,1,True,True,True,False,1,True,1,10,False,True,True,True,text_punctuation_only;text_too_short,88,3c97c47468550ca0,train
segment-fdd00390c14a07f0e602,segment-fdd00390c14a07f0e602-candidate-1,.,48,8,5,1,1,11,in_scope,1,analyse,stufe i,A,1,2,True,annotation-00006444,0,1,0,True,True,True,False,1,True,1,10,False,True,True,True,text_punctuation_only;text_too_short,48,010765bfd40e73e6,train
segment-fdd00390c14a07f0e602,segment-fdd00390c14a07f0e602-candidate-2,.,48,8,5,1,1,11,in_scope,1,konsequenzen,stufe i,A,1,2,True,annotation-00006445,0,0,1,True,True,True,False,1,True,1,10,False,True,True,True,text_punctuation_only;text_too_short,48,010765bfd40e73e6,train
segment-fe382cf3b0c3df876286,segment-fe382cf3b0c3df876286-candidate-1,.,61,1,1,1,2,4,in_scope,1,analyse,stufe i,A,1,2,True,annotation-00007876,0,1,0,True,True,True,False,1,True,1,10,False,True,True,True,text_punctuation_only;text_too_short,61,eb62da3bac770ad3,train
segment-fe382cf3b0c3df876286,segment-fe382cf3b0c3df876286-candidate-2,.,61,1,1,1,2,4,in_scope,1,konsequenzen,stufe i,A,1,2,True,annotation-00007877,0,0,1,True,True,True,False,1,True,1,10,False,True,True,True,text_punctuation_only;text_too_short,61,eb62da3bac770ad3,train
segment-fe7399b9b1be5e2e4469,segment-fe7399b9b1be5e2e4469-candidate-1,.,10,74,1,2,1,6,in_scope,1,konsequenzen,stufe i,A,1,2,True,annotation-00000384,0,0,1,True,True,True,False,1,True,1,10,False,True,True,True,text_punctuation_only;text_too_short,10,5a8e08576ab05284,train
segment-fe7399b9b1be5e2e4469,segment-fe7399b9b1be5e2e4469-candidate-2,.,10,74,1,2,1,6,in_scope,1,situationserfassung,stufe i,A,1,2,True,annotation-00000383,1,0,0,True,True,True,False,1,True,1,10,False,True,True,True,text_punctuation_only;text_too_short,10,5a8e08576ab05284,train
segment-ffaf7901b82a7685a0a0,segment-ffaf7901b82a7685a0a0-candidate-1,.,80,72,2,1,2,3,in_scope,1,konsequenzen,stufe i,A,1,1,False,annotation-00013833,0,0,1,True,True,True,False,1,True,1,10,False,True,True,True,text_punctuation_only;text_too_short,80,8fb7ceb8a7d8f84e,train
segment-fffed21b041c902dd99b,segment-fffed21b041c902dd99b-candidate-1,.,75,37,2,1,2,4,in_scope,1,konsequenzen,stufe i,A,1,1,False,annotation-00014130,0,0,1,True,True,True,False,1,True,1,10,False,True,True,True,text_punctuation_only;text_too_short,75,03fd173f4e9e83b6,train
